account,year,key,status,source_rows,context_rows,note
general,,avibase-4B8CC285,draft,paper:defile-paper-2019:species:avibase-4B8CC285;annual:2009:species:avibase-4B8CC285;annual:2010:species:avibase-4B8CC285;annual:2019:species:avibase-4B8CC285,,
general,,avibase-BAC4CA22,draft,paper:defile-paper-2019:species:group-aigle-pomarin-criard;annual:2009:species:avibase-BAC4CA22;annual:2010:species:avibase-BAC4CA22;annual:2013:species:avibase-BAC4CA22;annual:2014:species:avibase-BAC4CA22;annual:2015:species:avibase-BAC4CA22;annual:2017:species:avibase-BAC4CA22;annual:2025:species:avibase-BAC4CA22,,
general,,avibase-A635F565,draft,paper:defile-paper-2019:species:avibase-A635F565;annual:2013:species:avibase-A635F565,,
general,,avibase-7E9CC505,no_general_narrative,annual:2020:species:avibase-7E9CC505,,Source contains isolated sightings or numerical details; no general prose added.
general,,avibase-C2565B65,draft,paper:defile-paper-2019:species:group-aigle-pomarin-criard;annual:2008:species:avibase-C2565B65;annual:2010:species:avibase-C2565B65;annual:2013:species:avibase-C2565B65;annual:2014:species:avibase-C2565B65;annual:2015:species:avibase-C2565B65;annual:2018:species:avibase-C2565B65;annual:2019:species:avibase-C2565B65;annual:2023:species:avibase-C2565B65,,
general,,avibase-2A16982E,draft,paper:defile-paper-2019:species:group-aigle-pomarin-criard;annual:2017:species:avibase-2A16982E;annual:2020:species:avibase-2A16982E;annual:2024:species:avibase-2A16982E;annual:2025:species:avibase-2A16982E,,
general,,avibase-5F8E7CA8,draft,paper:defile-paper-1996-I:species:avibase-5F8E7CA8;paper:defile-paper-2019:species:avibase-5F8E7CA8;annual:2006:species:avibase-5F8E7CA8;annual:2007:species:avibase-5F8E7CA8;annual:2008:species:avibase-5F8E7CA8;annual:2013:species:avibase-5F8E7CA8;annual:2019:species:avibase-5F8E7CA8;annual:2024:species:avibase-5F8E7CA8;annual:2025:species:avibase-5F8E7CA8,,
general,,avibase-F2858F9F,no_general_narrative,annual:2008:species:avibase-F2858F9F;annual:2009:species:avibase-F2858F9F;annual:2010:species:avibase-F2858F9F,,Source contains isolated sightings or numerical details; no general prose added.
general,,avibase-ED2AC04E,draft,paper:defile-paper-1996-II:species:avibase-ED2AC04E;paper:defile-paper-2020:species:avibase-ED2AC04E;annual:2008:species:avibase-ED2AC04E;annual:2009:species:avibase-ED2AC04E;annual:2010:species:avibase-ED2AC04E;annual:2011:species:avibase-ED2AC04E;annual:2012:species:avibase-ED2AC04E;annual:2013:species:avibase-ED2AC04E,,
general,,avibase-742EC2F1,draft,paper:defile-paper-1996-II:species:avibase-742EC2F1;paper:defile-paper-2020:species:avibase-742EC2F1;annual:2008:species:avibase-742EC2F1;annual:2009:species:avibase-742EC2F1;annual:2010:species:avibase-742EC2F1;annual:2011:species:avibase-742EC2F1;annual:2012:species:avibase-742EC2F1;annual:2013:species:avibase-742EC2F1,,
general,,avibase-95DD1855,draft,paper:defile-paper-1996-I:species:avibase-95DD1855;paper:defile-paper-2019:species:avibase-95DD1855;annual:2008:species:avibase-95DD1855;annual:2009:species:avibase-95DD1855;annual:2010:species:avibase-95DD1855;annual:2011:species:avibase-95DD1855;annual:2012:species:avibase-95DD1855;annual:2013:species:avibase-95DD1855;annual:2014:species:avibase-95DD1855;annual:2015:species:avibase-95DD1855;annual:2017:species:avibase-95DD1855;annual:2019:species:avibase-95DD1855;annual:2020:species:avibase-95DD1855;annual:2021:species:avibase-95DD1855;annual:2023:species:avibase-95DD1855;annual:2024:species:avibase-95DD1855;annual:2025:species:avibase-95DD1855,,
general,,avibase-1327AC55,draft,paper:defile-paper-1996-I:species:avibase-1327AC55;paper:defile-paper-2019:species:avibase-1327AC55;annual:2005:species:avibase-1327AC55;annual:2008:species:avibase-1327AC55;annual:2009:species:avibase-1327AC55;annual:2010:species:avibase-1327AC55;annual:2011:species:avibase-1327AC55;annual:2012:species:avibase-1327AC55;annual:2013:species:avibase-1327AC55;annual:2014:species:avibase-1327AC55;annual:2015:species:avibase-1327AC55;annual:2016:species:avibase-1327AC55;annual:2017:species:avibase-1327AC55;annual:2018:species:avibase-1327AC55;annual:2019:species:avibase-1327AC55;annual:2020:species:avibase-1327AC55;annual:2021:species:avibase-1327AC55;annual:2023:species:avibase-1327AC55;annual:2024:species:avibase-1327AC55;annual:2025:species:avibase-1327AC55,,
general,,avibase-6BB94D7E,no_general_narrative,annual:2009:species:avibase-6BB94D7E,,Source contains isolated sightings or numerical details; no general prose added.
general,,avibase-ED5A7E8F,draft,paper:defile-paper-1996-I:species:avibase-ED5A7E8F;paper:defile-paper-2019:species:avibase-ED5A7E8F;annual:2004:species:avibase-ED5A7E8F;annual:2005:species:avibase-ED5A7E8F;annual:2006:species:avibase-ED5A7E8F;annual:2007:species:avibase-ED5A7E8F;annual:2008:species:avibase-ED5A7E8F;annual:2009:species:avibase-ED5A7E8F;annual:2010:species:avibase-ED5A7E8F;annual:2011:species:avibase-ED5A7E8F;annual:2012:species:avibase-ED5A7E8F;annual:2013:species:avibase-ED5A7E8F;annual:2014:species:avibase-ED5A7E8F;annual:2015:species:avibase-ED5A7E8F;annual:2016:species:avibase-ED5A7E8F;annual:2017:species:avibase-ED5A7E8F;annual:2018:species:avibase-ED5A7E8F;annual:2019:species:avibase-ED5A7E8F;annual:2020:species:avibase-ED5A7E8F;annual:2021:species:avibase-ED5A7E8F;annual:2023:species:avibase-ED5A7E8F;annual:2024:species:avibase-ED5A7E8F;annual:2025:species:avibase-ED5A7E8F,,
general,,avibase-56FB47C0,no_general_narrative,paper:defile-paper-1996-II:species:avibase-56FB47C0,,Source contains isolated sightings or numerical details; no general prose added.
general,,avibase-F558C7F9,draft,paper:defile-paper-1996-I:species:avibase-F558C7F9;paper:defile-paper-2019:species:avibase-F558C7F9;annual:2004:species:avibase-F558C7F9;annual:2006:species:avibase-F558C7F9;annual:2008:species:avibase-F558C7F9;annual:2009:species:avibase-F558C7F9;annual:2010:species:avibase-F558C7F9;annual:2011:species:avibase-F558C7F9;annual:2012:species:avibase-F558C7F9;annual:2013:species:avibase-F558C7F9;annual:2014:species:avibase-F558C7F9;annual:2015:species:avibase-F558C7F9;annual:2016:species:avibase-F558C7F9;annual:2017:species:avibase-F558C7F9;annual:2018:species:avibase-F558C7F9;annual:2019:species:avibase-F558C7F9;annual:2020:species:avibase-F558C7F9;annual:2021:species:avibase-F558C7F9;annual:2023:species:avibase-F558C7F9;annual:2024:species:avibase-F558C7F9;annual:2025:species:avibase-F558C7F9,,
general,,avibase-63B6412E,draft,paper:defile-paper-1996-I:species:avibase-63B6412E;paper:defile-paper-2019:species:avibase-63B6412E;annual:2006:species:avibase-63B6412E;annual:2008:species:avibase-63B6412E;annual:2009:species:avibase-63B6412E;annual:2010:species:avibase-63B6412E;annual:2011:species:avibase-63B6412E;annual:2012:species:avibase-63B6412E;annual:2013:species:avibase-63B6412E;annual:2014:species:avibase-63B6412E;annual:2015:species:avibase-63B6412E;annual:2017:species:avibase-63B6412E;annual:2018:species:avibase-63B6412E;annual:2019:species:avibase-63B6412E;annual:2020:species:avibase-63B6412E;annual:2021:species:avibase-63B6412E;annual:2023:species:avibase-63B6412E;annual:2024:species:avibase-63B6412E;annual:2025:species:avibase-63B6412E,,
general,,avibase-E2A19474,draft,paper:defile-paper-1996-I:species:avibase-E2A19474;paper:defile-paper-2019:species:avibase-E2A19474;annual:2008:species:avibase-E2A19474;annual:2009:species:avibase-E2A19474;annual:2010:species:avibase-E2A19474;annual:2011:species:avibase-E2A19474;annual:2012:species:avibase-E2A19474;annual:2013:species:avibase-E2A19474;annual:2014:species:avibase-E2A19474;annual:2015:species:avibase-E2A19474;annual:2016:species:avibase-E2A19474;annual:2017:species:avibase-E2A19474;annual:2018:species:avibase-E2A19474;annual:2019:species:avibase-E2A19474;annual:2020:species:avibase-E2A19474;annual:2021:species:avibase-E2A19474;annual:2023:species:avibase-E2A19474;annual:2024:species:avibase-E2A19474;annual:2025:species:avibase-E2A19474,,
general,,avibase-22647E26,draft,paper:defile-paper-1996-I:species:avibase-22647E26;paper:defile-paper-2019:species:avibase-22647E26;annual:2009:species:avibase-22647E26;annual:2013:species:avibase-22647E26;annual:2014:species:avibase-22647E26;annual:2017:species:avibase-22647E26;annual:2019:species:avibase-22647E26;annual:2020:species:avibase-22647E26;annual:2021:species:avibase-22647E26;annual:2023:species:avibase-22647E26;annual:2024:species:avibase-22647E26;annual:2025:species:avibase-22647E26,,
general,,avibase-AEEF72BC,no_general_narrative,annual:2020:species:avibase-AEEF72BC,,Source contains isolated sightings or numerical details; no general prose added.
general,,avibase-CC65921F,no_general_narrative,annual:2025:species:avibase-CC65921F,,Source contains isolated sightings or numerical details; no general prose added.
general,,avibase-90B13ACF,draft,paper:defile-paper-2019:species:avibase-90B13ACF;annual:2011:species:avibase-90B13ACF;annual:2018:species:avibase-90B13ACF,,
general,,avibase-3C0C325D,draft,paper:defile-paper-1996-I:species:avibase-3C0C325D;paper:defile-paper-2019:species:avibase-3C0C325D;annual:2004:species:avibase-3C0C325D;annual:2005:species:avibase-3C0C325D;annual:2006:species:avibase-3C0C325D;annual:2007:species:avibase-3C0C325D;annual:2008:species:avibase-3C0C325D;annual:2009:species:avibase-3C0C325D;annual:2010:species:avibase-3C0C325D;annual:2011:species:avibase-3C0C325D;annual:2012:species:avibase-3C0C325D;annual:2013:species:avibase-3C0C325D;annual:2014:species:avibase-3C0C325D;annual:2015:species:avibase-3C0C325D;annual:2016:species:avibase-3C0C325D;annual:2017:species:avibase-3C0C325D;annual:2018:species:avibase-3C0C325D;annual:2019:species:avibase-3C0C325D;annual:2020:species:avibase-3C0C325D;annual:2021:species:avibase-3C0C325D;annual:2023:species:avibase-3C0C325D;annual:2024:species:avibase-3C0C325D;annual:2025:species:avibase-3C0C325D,,
general,,avibase-15369E8E,no_general_narrative,annual:2024:species:avibase-15369E8E,,Source contains isolated sightings or numerical details; no general prose added.
general,,avibase-9151E0BA,no_general_narrative,annual:2024:species:avibase-9151E0BA,,Source contains isolated sightings or numerical details; no general prose added.
general,,avibase-C235A4D7,no_general_narrative,annual:2010:species:avibase-C235A4D7,,Source contains isolated sightings or numerical details; no general prose added.
general,,avibase-85625D75,no_general_narrative,annual:2008:species:avibase-85625D75;annual:2012:species:avibase-85625D75,,Source contains isolated sightings or numerical details; no general prose added.
general,,avibase-56CCA717,no_general_narrative,annual:2009:species:avibase-56CCA717;annual:2011:species:avibase-56CCA717;annual:2012:species:avibase-56CCA717,,Source contains isolated sightings or numerical details; no general prose added.
general,,avibase-D9B001DF,draft,paper:defile-paper-1996-II:species:avibase-D9B001DF,,
general,,avibase-D4C32F8E,draft,paper:defile-paper-1996-I:species:group-corbeau-freux-choucas-des-tours;paper:defile-paper-2020:species:avibase-D4C32F8E;annual:2008:species:avibase-D4C32F8E;annual:2009:species:avibase-D4C32F8E;annual:2010:species:avibase-D4C32F8E;annual:2011:species:avibase-D4C32F8E;annual:2012:species:avibase-D4C32F8E;annual:2013:species:avibase-D4C32F8E,,
general,,avibase-28825494,draft,paper:defile-paper-1996-I:species:avibase-28825494;paper:defile-paper-2020:species:avibase-28825494;annual:2004:species:avibase-28825494;annual:2005:species:avibase-28825494;annual:2006:species:avibase-28825494;annual:2008:species:avibase-28825494;annual:2009:species:avibase-28825494;annual:2010:species:avibase-28825494;annual:2011:species:avibase-28825494;annual:2012:species:avibase-28825494;annual:2013:species:avibase-28825494;annual:2014:species:avibase-28825494;annual:2015:species:avibase-28825494;annual:2016:species:avibase-28825494;annual:2017:species:avibase-28825494;annual:2018:species:avibase-28825494;annual:2019:species:avibase-28825494;annual:2020:species:avibase-28825494;annual:2021:species:avibase-28825494;annual:2023:species:avibase-28825494;annual:2024:species:avibase-28825494;annual:2025:species:avibase-28825494,,
general,,avibase-E2817DAE,draft,paper:defile-paper-1996-I:species:avibase-E2817DAE;paper:defile-paper-2020:species:avibase-E2817DAE;annual:2004:species:avibase-E2817DAE;annual:2007:species:avibase-E2817DAE;annual:2008:species:avibase-E2817DAE;annual:2009:species:avibase-E2817DAE;annual:2010:species:avibase-E2817DAE;annual:2011:species:avibase-E2817DAE;annual:2012:species:avibase-E2817DAE;annual:2013:species:avibase-E2817DAE;annual:2014:species:avibase-E2817DAE;annual:2015:species:avibase-E2817DAE;annual:2016:species:avibase-E2817DAE;annual:2017:species:avibase-E2817DAE;annual:2018:species:avibase-E2817DAE;annual:2019:species:avibase-E2817DAE;annual:2020:species:avibase-E2817DAE;annual:2021:species:avibase-E2817DAE;annual:2023:species:avibase-E2817DAE;annual:2024:species:avibase-E2817DAE;annual:2025:species:avibase-E2817DAE,,
general,,avibase-8372FFBA,draft,paper:defile-paper-1996-I:species:avibase-8372FFBA;paper:defile-paper-2019:species:avibase-8372FFBA;annual:2008:species:avibase-8372FFBA;annual:2009:species:avibase-8372FFBA;annual:2010:species:avibase-8372FFBA;annual:2011:species:avibase-8372FFBA;annual:2012:species:avibase-8372FFBA;annual:2013:species:avibase-8372FFBA;annual:2014:species:avibase-8372FFBA;annual:2015:species:avibase-8372FFBA;annual:2017:species:avibase-8372FFBA;annual:2018:species:avibase-8372FFBA;annual:2019:species:avibase-8372FFBA;annual:2020:species:avibase-8372FFBA;annual:2021:species:avibase-8372FFBA;annual:2023:species:avibase-8372FFBA;annual:2024:species:avibase-8372FFBA;annual:2025:species:avibase-8372FFBA,,
general,,avibase-AEE2063F,no_general_narrative,annual:2008:species:avibase-AEE2063F,,Source contains isolated sightings or numerical details; no general prose added.
general,,avibase-2DABF98F,no_general_narrative,paper:defile-paper-1996-II:species:avibase-2DABF98F,,Source contains isolated sightings or numerical details; no general prose added.
general,,avibase-1078FFEA,draft,paper:defile-paper-1996-I:species:group-corbeau-freux-choucas-des-tours;paper:defile-paper-2020:species:avibase-1078FFEA;annual:2008:species:avibase-1078FFEA;annual:2009:species:avibase-1078FFEA;annual:2010:species:avibase-1078FFEA;annual:2011:species:avibase-1078FFEA;annual:2012:species:avibase-1078FFEA;annual:2013:species:avibase-1078FFEA,,
general,,avibase-FD45C1D7,no_general_narrative,annual:2008:species:avibase-FD45C1D7,,Source contains isolated sightings or numerical details; no general prose added.
general,,avibase-3BB5CBA6,no_general_narrative,paper:defile-paper-1996-II:species:avibase-3BB5CBA6;annual:2012:species:avibase-3BB5CBA6;annual:2024:species:avibase-3BB5CBA6,,Source contains isolated sightings or numerical details; no general prose added.
general,,avibase-082F3A63,draft,paper:defile-paper-1996-II:species:avibase-082F3A63;annual:2008:species:avibase-082F3A63;annual:2009:species:avibase-082F3A63;annual:2010:species:avibase-082F3A63;annual:2012:species:avibase-082F3A63;annual:2024:species:avibase-082F3A63,,
general,,avibase-2DAB45B8,draft,paper:defile-paper-1996-I:species:avibase-2DAB45B8;paper:defile-paper-2019:species:avibase-2DAB45B8;annual:2008:species:avibase-2DAB45B8;annual:2009:species:avibase-2DAB45B8;annual:2010:species:avibase-2DAB45B8;annual:2011:species:avibase-2DAB45B8;annual:2012:species:avibase-2DAB45B8;annual:2013:species:avibase-2DAB45B8;annual:2014:species:avibase-2DAB45B8;annual:2015:species:avibase-2DAB45B8;annual:2016:species:avibase-2DAB45B8;annual:2017:species:avibase-2DAB45B8;annual:2018:species:avibase-2DAB45B8;annual:2019:species:avibase-2DAB45B8;annual:2020:species:avibase-2DAB45B8;annual:2021:species:avibase-2DAB45B8;annual:2023:species:avibase-2DAB45B8;annual:2024:species:avibase-2DAB45B8;annual:2025:species:avibase-2DAB45B8,,
general,,avibase-9EA1F12D,no_general_narrative,annual:2024:species:avibase-9EA1F12D,,Source contains isolated sightings or numerical details; no general prose added.
general,,avibase-E91E287A,draft,paper:defile-paper-1996-I:species:avibase-E91E287A;paper:defile-paper-2019:species:avibase-E91E287A;annual:2008:species:avibase-E91E287A;annual:2009:species:avibase-E91E287A;annual:2010:species:avibase-E91E287A;annual:2011:species:avibase-E91E287A;annual:2012:species:avibase-E91E287A;annual:2013:species:avibase-E91E287A;annual:2014:species:avibase-E91E287A;annual:2015:species:avibase-E91E287A;annual:2016:species:avibase-E91E287A;annual:2017:species:avibase-E91E287A;annual:2018:species:avibase-E91E287A;annual:2019:species:avibase-E91E287A;annual:2020:species:avibase-E91E287A;annual:2021:species:avibase-E91E287A;annual:2023:species:avibase-E91E287A;annual:2024:species:avibase-E91E287A;annual:2025:species:avibase-E91E287A,,
general,,avibase-997A9437,draft,paper:defile-paper-1996-I:species:avibase-997A9437;paper:defile-paper-2019:species:avibase-997A9437;annual:2009:species:avibase-997A9437;annual:2010:species:avibase-997A9437;annual:2017:species:avibase-997A9437;annual:2025:species:avibase-997A9437,,
general,,avibase-47E58408,draft,paper:defile-paper-1996-I:species:avibase-47E58408;paper:defile-paper-2019:species:avibase-47E58408;annual:2008:species:avibase-47E58408;annual:2009:species:avibase-47E58408;annual:2010:species:avibase-47E58408;annual:2011:species:avibase-47E58408;annual:2012:species:avibase-47E58408;annual:2013:species:avibase-47E58408;annual:2014:species:avibase-47E58408;annual:2015:species:avibase-47E58408;annual:2016:species:avibase-47E58408;annual:2017:species:avibase-47E58408;annual:2019:species:avibase-47E58408;annual:2020:species:avibase-47E58408;annual:2021:species:avibase-47E58408;annual:2023:species:avibase-47E58408;annual:2024:species:avibase-47E58408;annual:2025:species:avibase-47E58408,,
general,,avibase-F3DA111C,draft,paper:defile-paper-1996-I:species:avibase-F3DA111C;paper:defile-paper-2019:species:avibase-F3DA111C;annual:2008:species:avibase-F3DA111C;annual:2009:species:avibase-F3DA111C;annual:2010:species:avibase-F3DA111C;annual:2011:species:avibase-F3DA111C;annual:2012:species:avibase-F3DA111C;annual:2013:species:avibase-F3DA111C;annual:2014:species:avibase-F3DA111C;annual:2015:species:avibase-F3DA111C;annual:2016:species:avibase-F3DA111C;annual:2017:species:avibase-F3DA111C;annual:2018:species:avibase-F3DA111C;annual:2019:species:avibase-F3DA111C;annual:2020:species:avibase-F3DA111C;annual:2021:species:avibase-F3DA111C;annual:2023:species:avibase-F3DA111C;annual:2024:species:avibase-F3DA111C;annual:2025:species:avibase-F3DA111C,,
general,,avibase-A96692E0,no_general_narrative,annual:2011:species:avibase-A96692E0;annual:2012:species:avibase-A96692E0,,Source contains isolated sightings or numerical details; no general prose added.
general,,avibase-68EA281A,no_general_narrative,annual:2008:species:avibase-68EA281A,,Source contains isolated sightings or numerical details; no general prose added.
general,,avibase-D8D10F2C,draft,paper:defile-paper-2020:species:avibase-D8D10F2C;paper:defile-paper-1996-II:species:avibase-D8D10F2C;annual:2010:species:avibase-D8D10F2C;annual:2012:species:avibase-D8D10F2C,,
general,,avibase-2D52E3A5,no_general_narrative,paper:defile-paper-1996-II:species:avibase-2D52E3A5;annual:2008:species:avibase-2D52E3A5;annual:2024:species:avibase-2D52E3A5,,Source contains isolated sightings or numerical details; no general prose added.
general,,avibase-00DA9D91,no_general_narrative,paper:defile-paper-1996-II:species:avibase-00DA9D91;annual:2024:species:avibase-00DA9D91,,Source contains isolated sightings or numerical details; no general prose added.
general,,avibase-E074D706,draft,paper:defile-paper-1996-II:species:avibase-E074D706;annual:2008:species:avibase-E074D706;annual:2009:species:avibase-E074D706;annual:2010:species:avibase-E074D706,,
general,,avibase-E826E9F3,no_general_narrative,annual:2024:species:avibase-E826E9F3,,Source contains isolated sightings or numerical details; no general prose added.
general,,avibase-93CA037F,no_general_narrative,annual:2024:species:avibase-93CA037F,,Source contains isolated sightings or numerical details; no general prose added.
general,,avibase-3DF5C587,draft,paper:defile-paper-1996-II:species:avibase-3DF5C587;paper:defile-paper-2020:species:avibase-3DF5C587;annual:2009:species:avibase-3DF5C587;annual:2010:species:avibase-3DF5C587;annual:2011:species:avibase-3DF5C587;annual:2012:species:avibase-3DF5C587;annual:2013:species:avibase-3DF5C587;annual:2014:species:avibase-3DF5C587;annual:2015:species:avibase-3DF5C587;annual:2016:species:avibase-3DF5C587;annual:2017:species:avibase-3DF5C587;annual:2018:species:avibase-3DF5C587;annual:2019:species:avibase-3DF5C587;annual:2020:species:avibase-3DF5C587;annual:2021:species:avibase-3DF5C587;annual:2023:species:avibase-3DF5C587;annual:2024:species:avibase-3DF5C587;annual:2025:species:avibase-3DF5C587,,
general,,avibase-EDA37B7C,no_general_narrative,annual:2024:species:avibase-EDA37B7C,,Source contains isolated sightings or numerical details; no general prose added.
general,,avibase-49D9148A,draft,paper:defile-paper-2020:species:avibase-49D9148A;paper:defile-paper-1996-II:species:avibase-49D9148A;annual:2004:species:avibase-49D9148A;annual:2005:species:avibase-49D9148A;annual:2008:species:avibase-49D9148A;annual:2009:species:avibase-49D9148A;annual:2010:species:avibase-49D9148A;annual:2011:species:avibase-49D9148A;annual:2012:species:avibase-49D9148A;annual:2013:species:avibase-49D9148A;annual:2014:species:avibase-49D9148A;annual:2019:species:avibase-49D9148A;annual:2020:species:avibase-49D9148A;annual:2021:species:avibase-49D9148A;annual:2023:species:avibase-49D9148A;annual:2024:species:avibase-49D9148A;annual:2025:species:avibase-49D9148A,,
general,,avibase-A8A85BCF,no_general_narrative,paper:defile-paper-1996-II:species:avibase-A8A85BCF,,Source contains isolated sightings or numerical details; no general prose added.
general,,avibase-84E1F114,no_general_narrative,paper:defile-paper-1996-II:species:avibase-84E1F114,,Source contains isolated sightings or numerical details; no general prose added.
general,,avibase-99B8841E,draft,paper:defile-paper-1996-I:species:avibase-99B8841E;paper:defile-paper-2020:species:avibase-99B8841E;annual:2008:species:avibase-99B8841E;annual:2009:species:avibase-99B8841E;annual:2010:species:avibase-99B8841E;annual:2011:species:avibase-99B8841E;annual:2012:species:avibase-99B8841E;annual:2013:species:avibase-99B8841E;annual:2019:species:avibase-99B8841E;annual:2020:species:avibase-99B8841E;annual:2021:species:avibase-99B8841E;annual:2023:species:avibase-99B8841E;annual:2024:species:avibase-99B8841E;annual:2025:species:avibase-99B8841E,,
general,,avibase-66AA3934,draft,paper:defile-paper-2020:species:avibase-66AA3934;annual:2008:species:avibase-66AA3934;annual:2013:species:avibase-66AA3934;annual:2019:species:avibase-66AA3934;annual:2020:species:avibase-66AA3934;annual:2021:species:avibase-66AA3934;annual:2023:species:avibase-66AA3934;annual:2024:species:avibase-66AA3934,,
general,,avibase-407E2CA8,draft,annual:2008:species:avibase-407E2CA8;annual:2009:species:avibase-407E2CA8;annual:2010:species:avibase-407E2CA8;annual:2011:species:avibase-407E2CA8;annual:2012:species:avibase-407E2CA8,,
general,,avibase-8F123A11,no_general_narrative,annual:2012:species:avibase-8F123A11;annual:2017:species:avibase-8F123A11;annual:2019:species:avibase-8F123A11,,Source contains isolated sightings or numerical details; no general prose added.
general,,avibase-30FEC6BE,draft,paper:defile-paper-1996-II:species:group-hirondelles-rustique-fenetre-rivage;annual:2004:species:avibase-30FEC6BE;annual:2009:species:avibase-30FEC6BE;annual:2010:species:avibase-30FEC6BE;annual:2011:species:avibase-30FEC6BE;annual:2012:species:avibase-30FEC6BE;annual:2024:species:avibase-30FEC6BE,,
general,,avibase-94A1C447,draft,paper:defile-paper-1996-II:species:group-hirondelles-rustique-fenetre-rivage;annual:2008:species:avibase-94A1C447;annual:2009:species:avibase-94A1C447;annual:2011:species:avibase-94A1C447;annual:2012:species:avibase-94A1C447;annual:2013:species:avibase-94A1C447,,
general,,avibase-6F2AF9D0,draft,paper:defile-paper-1996-II:species:avibase-6F2AF9D0;annual:2009:species:avibase-6F2AF9D0;annual:2010:species:avibase-6F2AF9D0;annual:2012:species:avibase-6F2AF9D0,,
general,,avibase-55CCEE2D,draft,annual:2004:species:avibase-30FEC6BE;annual:2004:species:avibase-58C502EA;annual:2008:species:avibase-94A1C447;annual:2008:species:avibase-58C502EA;annual:2009:species:avibase-30FEC6BE;annual:2009:species:avibase-94A1C447;annual:2009:species:avibase-58C502EA;annual:2010:species:avibase-30FEC6BE;annual:2011:species:avibase-30FEC6BE;annual:2011:species:avibase-94A1C447;annual:2012:species:avibase-30FEC6BE;annual:2012:species:avibase-94A1C447;annual:2012:species:avibase-58C502EA;annual:2013:species:avibase-94A1C447;annual:2024:species:avibase-30FEC6BE;annual:2024:species:avibase-55CCEE2D;annual:2024:species:avibase-58C502EA,,
general,,avibase-58C502EA,draft,paper:defile-paper-1996-II:species:group-hirondelles-rustique-fenetre-rivage;annual:2004:species:avibase-58C502EA;annual:2008:species:avibase-58C502EA;annual:2009:species:avibase-58C502EA;annual:2012:species:avibase-58C502EA;annual:2024:species:avibase-58C502EA,,
general,,avibase-FA2F9125,no_general_narrative,paper:defile-paper-1996-II:species:avibase-FA2F9125,,Source contains isolated sightings or numerical details; no general prose added.
general,,avibase-ED663165,no_general_narrative,annual:2009:species:avibase-ED663165,,Source contains isolated sightings or numerical details; no general prose added.
general,,avibase-D49A669A,no_general_narrative,annual:2017:species:avibase-D49A669A,,Source contains isolated sightings or numerical details; no general prose added.
general,,avibase-6429024D,draft,paper:defile-paper-1996-II:species:avibase-6429024D;paper:defile-paper-2020:species:avibase-6429024D;annual:2008:species:avibase-6429024D;annual:2009:species:avibase-6429024D;annual:2010:species:avibase-6429024D;annual:2011:species:avibase-6429024D;annual:2012:species:avibase-6429024D;annual:2013:species:avibase-6429024D;annual:2014:species:avibase-6429024D;annual:2019:species:avibase-6429024D;annual:2020:species:avibase-6429024D;annual:2021:species:avibase-6429024D;annual:2023:species:avibase-6429024D;annual:2024:species:avibase-6429024D;annual:2025:species:avibase-6429024D,,
general,,avibase-3395DCF1,no_general_narrative,paper:defile-paper-1996-II:species:avibase-3395DCF1,,Source contains isolated sightings or numerical details; no general prose added.
general,,avibase-070E73F9,no_general_narrative,annual:2008:species:avibase-070E73F9,,Source contains isolated sightings or numerical details; no general prose added.
general,,avibase-39086887,no_general_narrative,paper:defile-paper-1996-II:species:avibase-39086887;annual:2012:species:avibase-39086887,,Source contains isolated sightings or numerical details; no general prose added.
general,,avibase-1D446440,no_general_narrative,annual:2009:species:avibase-1D446440,,Source contains isolated sightings or numerical details; no general prose added.
general,,avibase-24698199,no_general_narrative,annual:2009:species:avibase-24698199,,Source contains isolated sightings or numerical details; no general prose added.
general,,avibase-4E6EF3F9,draft,paper:defile-paper-1996-II:species:avibase-4E6EF3F9;annual:2004:species:avibase-4E6EF3F9;annual:2007:species:avibase-4E6EF3F9;annual:2008:species:avibase-4E6EF3F9;annual:2009:species:avibase-4E6EF3F9;annual:2010:species:avibase-4E6EF3F9;annual:2012:species:avibase-4E6EF3F9;annual:2013:species:avibase-4E6EF3F9,,
general,,avibase-FA1CAD29,draft,paper:defile-paper-1996-II:species:avibase-FA1CAD29;annual:2007:species:avibase-FA1CAD29;annual:2008:species:avibase-FA1CAD29;annual:2009:species:avibase-FA1CAD29;annual:2010:species:avibase-FA1CAD29;annual:2012:species:avibase-FA1CAD29,,
general,,avibase-CE71B4FF,no_general_narrative,paper:defile-paper-1996-II:species:avibase-CE71B4FF;annual:2024:species:avibase-CE71B4FF,,Source contains isolated sightings or numerical details; no general prose added.
general,,avibase-06D9A2C8,draft,paper:defile-paper-1996-I:species:avibase-06D9A2C8;paper:defile-paper-2019:species:avibase-06D9A2C8;annual:2004:species:avibase-06D9A2C8;annual:2005:species:avibase-06D9A2C8;annual:2006:species:avibase-06D9A2C8;annual:2008:species:avibase-06D9A2C8;annual:2009:species:avibase-06D9A2C8;annual:2010:species:avibase-06D9A2C8;annual:2011:species:avibase-06D9A2C8;annual:2012:species:avibase-06D9A2C8;annual:2013:species:avibase-06D9A2C8;annual:2014:species:avibase-06D9A2C8;annual:2015:species:avibase-06D9A2C8;annual:2016:species:avibase-06D9A2C8;annual:2017:species:avibase-06D9A2C8;annual:2018:species:avibase-06D9A2C8;annual:2019:species:avibase-06D9A2C8;annual:2020:species:avibase-06D9A2C8;annual:2021:species:avibase-06D9A2C8;annual:2023:species:avibase-06D9A2C8;annual:2024:species:avibase-06D9A2C8;annual:2025:species:avibase-06D9A2C8,,
general,,avibase-451D6FC8,draft,paper:defile-paper-1996-I:species:avibase-451D6FC8;paper:defile-paper-2019:species:avibase-451D6FC8;annual:2004:species:avibase-451D6FC8;annual:2005:species:avibase-451D6FC8;annual:2006:species:avibase-451D6FC8;annual:2008:species:avibase-451D6FC8;annual:2009:species:avibase-451D6FC8;annual:2010:species:avibase-451D6FC8;annual:2011:species:avibase-451D6FC8;annual:2012:species:avibase-451D6FC8;annual:2013:species:avibase-451D6FC8;annual:2014:species:avibase-451D6FC8;annual:2015:species:avibase-451D6FC8;annual:2016:species:avibase-451D6FC8;annual:2017:species:avibase-451D6FC8;annual:2018:species:avibase-451D6FC8;annual:2019:species:avibase-451D6FC8;annual:2020:species:avibase-451D6FC8;annual:2021:species:avibase-451D6FC8;annual:2023:species:avibase-451D6FC8;annual:2024:species:avibase-451D6FC8;annual:2025:species:avibase-451D6FC8,,
general,,avibase-052BFA8A,draft,annual:2008:species:avibase-052BFA8A;annual:2009:species:avibase-052BFA8A;annual:2010:species:avibase-052BFA8A;annual:2012:species:avibase-052BFA8A;annual:2024:species:avibase-052BFA8A,,
general,,avibase-FB02DD96,draft,paper:defile-paper-1996-II:species:avibase-FB02DD96;annual:2008:species:avibase-FB02DD96;annual:2009:species:avibase-FB02DD96;annual:2010:species:avibase-FB02DD96;annual:2024:species:avibase-FB02DD96,,
general,,avibase-9BE53D34,draft,paper:defile-paper-2020:species:avibase-9BE53D34;annual:2024:species:avibase-9BE53D34,,
general,,avibase-E15BC0CB,draft,paper:defile-paper-2020:species:avibase-E15BC0CB,,
general,,avibase-166CD440,draft,paper:defile-paper-2020:species:avibase-166CD440,,
general,,avibase-4AED44E8,no_general_narrative,annual:2009:species:avibase-4AED44E8;annual:2010:species:avibase-4AED44E8;annual:2011:species:avibase-4AED44E8;annual:2012:species:avibase-4AED44E8,,Source contains isolated sightings or numerical details; no general prose added.
general,,avibase-A0148BE3,no_general_narrative,annual:2012:species:avibase-A0148BE3,,Source contains isolated sightings or numerical details; no general prose added.
general,,avibase-EDB4BBA6,no_general_narrative,annual:2008:species:avibase-EDB4BBA6,,Source contains isolated sightings or numerical details; no general prose added.
general,,avibase-68E4C0D1,draft,paper:defile-paper-1996-I:species:avibase-68E4C0D1;paper:defile-paper-2020:species:avibase-68E4C0D1;annual:2008:species:avibase-68E4C0D1;annual:2009:species:avibase-68E4C0D1;annual:2010:species:avibase-68E4C0D1;annual:2011:species:avibase-68E4C0D1;annual:2012:species:avibase-68E4C0D1;annual:2013:species:avibase-68E4C0D1;annual:2014:species:avibase-68E4C0D1;annual:2016:species:avibase-68E4C0D1;annual:2017:species:avibase-68E4C0D1;annual:2018:species:avibase-68E4C0D1;annual:2019:species:avibase-68E4C0D1;annual:2020:species:avibase-68E4C0D1;annual:2021:species:avibase-68E4C0D1;annual:2024:species:avibase-68E4C0D1;annual:2025:species:avibase-68E4C0D1,,
general,,avibase-F837F893,draft,paper:defile-paper-1996-I:species:avibase-760F307A;paper:defile-paper-1996-I:species:avibase-68E4C0D1;paper:defile-paper-2020:species:avibase-760F307A;paper:defile-paper-2020:species:avibase-68E4C0D1;annual:2008:species:avibase-68E4C0D1;annual:2008:species:avibase-760F307A;annual:2009:species:avibase-68E4C0D1;annual:2009:species:avibase-760F307A;annual:2010:species:avibase-68E4C0D1;annual:2010:species:avibase-760F307A;annual:2011:species:avibase-68E4C0D1;annual:2011:species:avibase-760F307A;annual:2012:species:avibase-68E4C0D1;annual:2012:species:avibase-760F307A;annual:2013:species:avibase-68E4C0D1;annual:2013:species:avibase-760F307A;annual:2014:species:avibase-68E4C0D1;annual:2014:species:avibase-760F307A;annual:2016:species:avibase-68E4C0D1;annual:2016:species:avibase-760F307A;annual:2017:species:avibase-68E4C0D1;annual:2017:species:avibase-760F307A;annual:2018:species:avibase-68E4C0D1;annual:2018:species:avibase-760F307A;annual:2019:species:avibase-68E4C0D1;annual:2019:species:avibase-F837F893;annual:2019:species:avibase-760F307A;annual:2020:species:avibase-68E4C0D1;annual:2020:species:avibase-760F307A;annual:2021:species:avibase-68E4C0D1;annual:2021:species:avibase-F837F893;annual:2021:species:avibase-760F307A;annual:2023:species:avibase-760F307A;annual:2024:species:avibase-68E4C0D1;annual:2024:species:avibase-F837F893;annual:2024:species:avibase-760F307A;annual:2025:species:avibase-68E4C0D1;annual:2025:species:avibase-760F307A,,
general,,avibase-760F307A,draft,paper:defile-paper-1996-I:species:avibase-760F307A;paper:defile-paper-2020:species:avibase-760F307A;annual:2008:species:avibase-760F307A;annual:2009:species:avibase-760F307A;annual:2010:species:avibase-760F307A;annual:2011:species:avibase-760F307A;annual:2012:species:avibase-760F307A;annual:2013:species:avibase-760F307A;annual:2014:species:avibase-760F307A;annual:2016:species:avibase-760F307A;annual:2017:species:avibase-760F307A;annual:2018:species:avibase-760F307A;annual:2019:species:avibase-760F307A;annual:2020:species:avibase-760F307A;annual:2021:species:avibase-760F307A;annual:2023:species:avibase-760F307A;annual:2024:species:avibase-760F307A;annual:2025:species:avibase-760F307A,,
general,,avibase-6364E4A5,draft,paper:defile-paper-1996-II:species:group-hirondelles-rustique-fenetre-rivage;paper:defile-paper-1996-II:species:avibase-6364E4A5;annual:2012:species:avibase-6364E4A5,,
general,,avibase-E16B2C03,no_general_narrative,annual:2004:species:avibase-E16B2C03,,Source contains isolated sightings or numerical details; no general prose added.
general,,avibase-319D044A,no_general_narrative,annual:2024:species:avibase-319D044A,,Source contains isolated sightings or numerical details; no general prose added.
general,,avibase-27903EF7,no_general_narrative,paper:defile-paper-1996-II:species:avibase-27903EF7,,Source contains isolated sightings or numerical details; no general prose added.
general,,avibase-25A20BA6,no_general_narrative,annual:2008:species:avibase-25A20BA6;annual:2010:species:avibase-25A20BA6;annual:2024:species:avibase-25A20BA6,,Source contains isolated sightings or numerical details; no general prose added.
general,,avibase-0C120038,no_general_narrative,annual:2024:species:avibase-0C120038,,Source contains isolated sightings or numerical details; no general prose added.
general,,avibase-5A3D91D3,draft,paper:defile-paper-2019:species:avibase-5A3D91D3;annual:2008:species:avibase-5A3D91D3;annual:2017:species:avibase-5A3D91D3;annual:2018:species:avibase-5A3D91D3;annual:2021:species:avibase-5A3D91D3;annual:2024:species:avibase-5A3D91D3;annual:2025:species:avibase-5A3D91D3,,
general,,avibase-8BAFB01E,draft,annual:2008:species:avibase-8BAFB01E,,
general,,avibase-0C24147B,no_general_narrative,annual:2006:species:avibase-0C24147B,,Source contains isolated sightings or numerical details; no general prose added.
general,,avibase-A0A584C1,no_general_narrative,annual:2008:species:avibase-A0A584C1,,Source contains isolated sightings or numerical details; no general prose added.
general,,avibase-BC06BC0D,draft,paper:defile-paper-1996-II:species:avibase-BC06BC0D;annual:2008:species:avibase-BC06BC0D;annual:2024:species:avibase-BC06BC0D,,
general,,avibase-5EAB32D3,no_general_narrative,paper:defile-paper-1996-II:species:avibase-5EAB32D3;annual:2008:species:avibase-5EAB32D3,,Source contains isolated sightings or numerical details; no general prose added.
general,,avibase-9820CECA,no_general_narrative,paper:defile-paper-1996-II:species:avibase-9820CECA,,Source contains isolated sightings or numerical details; no general prose added.
general,,avibase-89C42590,draft,paper:defile-paper-1996-II:species:avibase-89C42590;annual:2008:species:avibase-89C42590,,
general,,avibase-F029489A,no_general_narrative,paper:defile-paper-1996-II:species:avibase-F029489A,,Source contains isolated sightings or numerical details; no general prose added.
general,,avibase-5D1987CE,draft,paper:defile-paper-2019:species:avibase-5D1987CE;annual:2008:species:avibase-5D1987CE;annual:2009:species:avibase-5D1987CE;annual:2012:species:avibase-5D1987CE;annual:2013:species:avibase-5D1987CE;annual:2014:species:avibase-5D1987CE;annual:2015:species:avibase-5D1987CE;annual:2019:species:avibase-5D1987CE;annual:2021:species:avibase-5D1987CE;annual:2024:species:avibase-5D1987CE,,
general,,avibase-65BD2033,no_general_narrative,paper:defile-paper-1996-II:species:avibase-65BD2033,,Source contains isolated sightings or numerical details; no general prose added.
general,,group-aigle-pomarin-criard,no_general_narrative,paper:defile-paper-2019:species:group-aigle-pomarin-criard,,"Shared source grouping retained for provenance, not a species account."
general,,group-corbeau-freux-choucas-des-tours,no_general_narrative,paper:defile-paper-1996-I:species:group-corbeau-freux-choucas-des-tours,,"Shared source grouping retained for provenance, not a species account."
general,,group-hirondelles-rustique-fenetre-rivage,no_general_narrative,paper:defile-paper-1996-II:species:group-hirondelles-rustique-fenetre-rivage,,"Shared source grouping retained for provenance, not a species account."
general,,avibase-97C47F3E,draft,paper:defile-paper-2019:species:avibase-97C47F3E;annual:2014:species:avibase-97C47F3E;annual:2016:species:avibase-97C47F3E;annual:2017:species:avibase-97C47F3E;annual:2020:species:avibase-97C47F3E;annual:2021:species:avibase-97C47F3E;annual:2023:species:avibase-97C47F3E,,
general,,avibase-DB376A66,draft,paper:defile-paper-1996-I:species:avibase-DB376A66;paper:defile-paper-2019:species:avibase-DB376A66;annual:2004:species:avibase-DB376A66;annual:2008:species:avibase-DB376A66;annual:2009:species:avibase-DB376A66;annual:2010:species:avibase-DB376A66;annual:2011:species:avibase-DB376A66;annual:2012:species:avibase-DB376A66;annual:2013:species:avibase-DB376A66;annual:2014:species:avibase-DB376A66;annual:2015:species:avibase-DB376A66;annual:2016:species:avibase-DB376A66;annual:2017:species:avibase-DB376A66;annual:2018:species:avibase-DB376A66;annual:2019:species:avibase-DB376A66;annual:2020:species:avibase-DB376A66;annual:2021:species:avibase-DB376A66;annual:2023:species:avibase-DB376A66;annual:2024:species:avibase-DB376A66;annual:2025:species:avibase-DB376A66,,
general,,avibase-94A44032,draft,paper:defile-paper-1996-II:species:avibase-94A44032;annual:2013:species:avibase-94A44032;annual:2014:species:avibase-94A44032;annual:2016:species:avibase-94A44032,,
annual,2004,avibase-ED5A7E8F,draft,annual:2004:species:avibase-ED5A7E8F,annual:2004:monitoring:effort;annual:2004:weather:season;annual:2004:results:overview,
annual,2004,avibase-F558C7F9,draft,annual:2004:species:avibase-F558C7F9,annual:2004:monitoring:effort;annual:2004:weather:season;annual:2004:results:overview,
annual,2004,avibase-3C0C325D,draft,annual:2004:species:avibase-3C0C325D,annual:2004:monitoring:effort;annual:2004:weather:season;annual:2004:results:overview,
annual,2004,avibase-28825494,draft,annual:2004:species:avibase-28825494,annual:2004:monitoring:effort;annual:2004:weather:season;annual:2004:results:overview,
annual,2004,avibase-E2817DAE,draft,annual:2004:species:avibase-E2817DAE,annual:2004:monitoring:effort;annual:2004:weather:season;annual:2004:results:overview,
annual,2004,avibase-49D9148A,draft,annual:2004:species:avibase-49D9148A,annual:2004:monitoring:effort;annual:2004:weather:season;annual:2004:results:overview,
annual,2004,avibase-30FEC6BE,draft,annual:2004:species:avibase-30FEC6BE,annual:2004:monitoring:effort;annual:2004:weather:season;annual:2004:results:overview,
annual,2004,avibase-58C502EA,draft,annual:2004:species:avibase-58C502EA,annual:2004:monitoring:effort;annual:2004:weather:season;annual:2004:results:overview,
annual,2004,avibase-4E6EF3F9,draft,annual:2004:species:avibase-4E6EF3F9,annual:2004:monitoring:effort;annual:2004:weather:season;annual:2004:results:overview,
annual,2004,avibase-06D9A2C8,draft,annual:2004:species:avibase-06D9A2C8,annual:2004:monitoring:effort;annual:2004:weather:season;annual:2004:results:overview,
annual,2004,avibase-451D6FC8,draft,annual:2004:species:avibase-451D6FC8,annual:2004:monitoring:effort;annual:2004:weather:season;annual:2004:results:overview,
annual,2004,avibase-E16B2C03,draft,annual:2004:species:avibase-E16B2C03,annual:2004:monitoring:effort;annual:2004:weather:season;annual:2004:results:overview,
annual,2004,avibase-DB376A66,draft,annual:2004:species:avibase-DB376A66,annual:2004:monitoring:effort;annual:2004:weather:season;annual:2004:results:overview,
annual,2005,avibase-1327AC55,draft,annual:2005:species:avibase-1327AC55,annual:2005:monitoring:effort;annual:2005:weather:season;annual:2005:results:overview,
annual,2005,avibase-ED5A7E8F,draft,annual:2005:species:avibase-ED5A7E8F,annual:2005:monitoring:effort;annual:2005:weather:season;annual:2005:results:overview,
annual,2005,avibase-3C0C325D,draft,annual:2005:species:avibase-3C0C325D,annual:2005:monitoring:effort;annual:2005:weather:season;annual:2005:results:overview,
annual,2005,avibase-28825494,draft,annual:2005:species:avibase-28825494,annual:2005:monitoring:effort;annual:2005:weather:season;annual:2005:results:overview,
annual,2005,avibase-49D9148A,draft,annual:2005:species:avibase-49D9148A,annual:2005:monitoring:effort;annual:2005:weather:season;annual:2005:results:overview,
annual,2005,avibase-06D9A2C8,draft,annual:2005:species:avibase-06D9A2C8,annual:2005:monitoring:effort;annual:2005:weather:season;annual:2005:results:overview,
annual,2005,avibase-451D6FC8,draft,annual:2005:species:avibase-451D6FC8,annual:2005:monitoring:effort;annual:2005:weather:season;annual:2005:results:overview,
annual,2006,avibase-5F8E7CA8,draft,annual:2006:species:avibase-5F8E7CA8,annual:2006:monitoring:effort;annual:2006:weather:season;annual:2006:results:overview,
annual,2006,avibase-ED5A7E8F,draft,annual:2006:species:avibase-ED5A7E8F,annual:2006:monitoring:effort;annual:2006:weather:season;annual:2006:results:overview,
annual,2006,avibase-F558C7F9,draft,annual:2006:species:avibase-F558C7F9,annual:2006:monitoring:effort;annual:2006:weather:season;annual:2006:results:overview,
annual,2006,avibase-63B6412E,draft,annual:2006:species:avibase-63B6412E,annual:2006:monitoring:effort;annual:2006:weather:season;annual:2006:results:overview,
annual,2006,avibase-3C0C325D,draft,annual:2006:species:avibase-3C0C325D,annual:2006:monitoring:effort;annual:2006:weather:season;annual:2006:results:overview,
annual,2006,avibase-28825494,draft,annual:2006:species:avibase-28825494,annual:2006:monitoring:effort;annual:2006:weather:season;annual:2006:results:overview,
annual,2006,avibase-06D9A2C8,draft,annual:2006:species:avibase-06D9A2C8,annual:2006:monitoring:effort;annual:2006:weather:season;annual:2006:results:overview,
annual,2006,avibase-451D6FC8,draft,annual:2006:species:avibase-451D6FC8,annual:2006:monitoring:effort;annual:2006:weather:season;annual:2006:results:overview,
annual,2006,avibase-0C24147B,draft,annual:2006:species:avibase-0C24147B,annual:2006:monitoring:effort;annual:2006:weather:season;annual:2006:results:overview,
annual,2007,avibase-5F8E7CA8,draft,annual:2007:species:avibase-5F8E7CA8,annual:2007:monitoring:effort;annual:2007:weather:season;annual:2007:results:overview,
annual,2007,avibase-ED5A7E8F,draft,annual:2007:species:avibase-ED5A7E8F,annual:2007:monitoring:effort;annual:2007:weather:season;annual:2007:results:overview,
annual,2007,avibase-3C0C325D,draft,annual:2007:species:avibase-3C0C325D,annual:2007:monitoring:effort;annual:2007:weather:season;annual:2007:results:overview,
annual,2007,avibase-E2817DAE,draft,annual:2007:species:avibase-E2817DAE,annual:2007:monitoring:effort;annual:2007:weather:season;annual:2007:results:overview,
annual,2007,avibase-4E6EF3F9,draft,annual:2007:species:avibase-4E6EF3F9,annual:2007:monitoring:effort;annual:2007:weather:season;annual:2007:results:overview,
annual,2007,avibase-FA1CAD29,draft,annual:2007:species:avibase-FA1CAD29,annual:2007:monitoring:effort;annual:2007:weather:season;annual:2007:results:overview,
annual,2008,avibase-C2565B65,draft,annual:2008:species:avibase-C2565B65,annual:2008:monitoring:methods;annual:2008:monitoring:effort;annual:2008:weather:season;annual:2008:results:overview;annual:2008:results:highlights;annual:2008:results:discussion,
annual,2008,avibase-5F8E7CA8,numerical_or_list_only,annual:2008:species:avibase-5F8E7CA8,annual:2008:monitoring:methods;annual:2008:monitoring:effort;annual:2008:weather:season;annual:2008:results:overview;annual:2008:results:highlights;annual:2008:results:discussion,"Only counts, dates or a short age/sex list; leave narrative empty."
annual,2008,avibase-F2858F9F,draft,annual:2008:species:avibase-F2858F9F,annual:2008:monitoring:methods;annual:2008:monitoring:effort;annual:2008:weather:season;annual:2008:results:overview;annual:2008:results:highlights;annual:2008:results:discussion,
annual,2008,avibase-ED2AC04E,draft,annual:2008:species:avibase-ED2AC04E,annual:2008:monitoring:methods;annual:2008:monitoring:effort;annual:2008:weather:season;annual:2008:results:overview;annual:2008:results:highlights;annual:2008:results:discussion,
annual,2008,avibase-742EC2F1,draft,annual:2008:species:avibase-742EC2F1,annual:2008:monitoring:methods;annual:2008:monitoring:effort;annual:2008:weather:season;annual:2008:results:overview;annual:2008:results:highlights;annual:2008:results:discussion,
annual,2008,avibase-95DD1855,numerical_or_list_only,annual:2008:species:avibase-95DD1855,annual:2008:monitoring:methods;annual:2008:monitoring:effort;annual:2008:weather:season;annual:2008:results:overview;annual:2008:results:highlights;annual:2008:results:discussion,"Only counts, dates or a short age/sex list; leave narrative empty."
annual,2008,avibase-1327AC55,draft,annual:2008:species:avibase-1327AC55,annual:2008:monitoring:methods;annual:2008:monitoring:effort;annual:2008:weather:season;annual:2008:results:overview;annual:2008:results:highlights;annual:2008:results:discussion,
annual,2008,avibase-ED5A7E8F,draft,annual:2008:species:avibase-ED5A7E8F,annual:2008:monitoring:methods;annual:2008:monitoring:effort;annual:2008:weather:season;annual:2008:results:overview;annual:2008:results:highlights;annual:2008:results:discussion,
annual,2008,avibase-F558C7F9,draft,annual:2008:species:avibase-F558C7F9,annual:2008:monitoring:methods;annual:2008:monitoring:effort;annual:2008:weather:season;annual:2008:results:overview;annual:2008:results:highlights;annual:2008:results:discussion,
annual,2008,avibase-63B6412E,draft,annual:2008:species:avibase-63B6412E,annual:2008:monitoring:methods;annual:2008:monitoring:effort;annual:2008:weather:season;annual:2008:results:overview;annual:2008:results:highlights;annual:2008:results:discussion,
annual,2008,avibase-E2A19474,draft,annual:2008:species:avibase-E2A19474,annual:2008:monitoring:methods;annual:2008:monitoring:effort;annual:2008:weather:season;annual:2008:results:overview;annual:2008:results:highlights;annual:2008:results:discussion,
annual,2008,avibase-3C0C325D,draft,annual:2008:species:avibase-3C0C325D,annual:2008:monitoring:methods;annual:2008:monitoring:effort;annual:2008:weather:season;annual:2008:results:overview;annual:2008:results:highlights;annual:2008:results:discussion,
annual,2008,avibase-85625D75,numerical_or_list_only,annual:2008:species:avibase-85625D75,annual:2008:monitoring:methods;annual:2008:monitoring:effort;annual:2008:weather:season;annual:2008:results:overview;annual:2008:results:highlights;annual:2008:results:discussion,"Only counts, dates or a short age/sex list; leave narrative empty."
annual,2008,avibase-D4C32F8E,numerical_or_list_only,annual:2008:species:avibase-D4C32F8E,annual:2008:monitoring:methods;annual:2008:monitoring:effort;annual:2008:weather:season;annual:2008:results:overview;annual:2008:results:highlights;annual:2008:results:discussion,"Only counts, dates or a short age/sex list; leave narrative empty."
annual,2008,avibase-28825494,draft,annual:2008:species:avibase-28825494,annual:2008:monitoring:methods;annual:2008:monitoring:effort;annual:2008:weather:season;annual:2008:results:overview;annual:2008:results:highlights;annual:2008:results:discussion,
annual,2008,avibase-E2817DAE,draft,annual:2008:species:avibase-E2817DAE,annual:2008:monitoring:methods;annual:2008:monitoring:effort;annual:2008:weather:season;annual:2008:results:overview;annual:2008:results:highlights;annual:2008:results:discussion,
annual,2008,avibase-8372FFBA,draft,annual:2008:species:avibase-8372FFBA,annual:2008:monitoring:methods;annual:2008:monitoring:effort;annual:2008:weather:season;annual:2008:results:overview;annual:2008:results:highlights;annual:2008:results:discussion,
annual,2008,avibase-AEE2063F,draft,annual:2008:species:avibase-AEE2063F,annual:2008:monitoring:methods;annual:2008:monitoring:effort;annual:2008:weather:season;annual:2008:results:overview;annual:2008:results:highlights;annual:2008:results:discussion,
annual,2008,avibase-1078FFEA,draft,annual:2008:species:avibase-1078FFEA,annual:2008:monitoring:methods;annual:2008:monitoring:effort;annual:2008:weather:season;annual:2008:results:overview;annual:2008:results:highlights;annual:2008:results:discussion,
annual,2008,avibase-FD45C1D7,numerical_or_list_only,annual:2008:species:avibase-FD45C1D7,annual:2008:monitoring:methods;annual:2008:monitoring:effort;annual:2008:weather:season;annual:2008:results:overview;annual:2008:results:highlights;annual:2008:results:discussion,"Only counts, dates or a short age/sex list; leave narrative empty."
annual,2008,avibase-082F3A63,draft,annual:2008:species:avibase-082F3A63,annual:2008:monitoring:methods;annual:2008:monitoring:effort;annual:2008:weather:season;annual:2008:results:overview;annual:2008:results:highlights;annual:2008:results:discussion,
annual,2008,avibase-2DAB45B8,draft,annual:2008:species:avibase-2DAB45B8,annual:2008:monitoring:methods;annual:2008:monitoring:effort;annual:2008:weather:season;annual:2008:results:overview;annual:2008:results:highlights;annual:2008:results:discussion,
annual,2008,avibase-E91E287A,draft,annual:2008:species:avibase-E91E287A,annual:2008:monitoring:methods;annual:2008:monitoring:effort;annual:2008:weather:season;annual:2008:results:overview;annual:2008:results:highlights;annual:2008:results:discussion,
annual,2008,avibase-47E58408,draft,annual:2008:species:avibase-47E58408,annual:2008:monitoring:methods;annual:2008:monitoring:effort;annual:2008:weather:season;annual:2008:results:overview;annual:2008:results:highlights;annual:2008:results:discussion,
annual,2008,avibase-F3DA111C,draft,annual:2008:species:avibase-F3DA111C,annual:2008:monitoring:methods;annual:2008:monitoring:effort;annual:2008:weather:season;annual:2008:results:overview;annual:2008:results:highlights;annual:2008:results:discussion,
annual,2008,avibase-68EA281A,numerical_or_list_only,annual:2008:species:avibase-68EA281A,annual:2008:monitoring:methods;annual:2008:monitoring:effort;annual:2008:weather:season;annual:2008:results:overview;annual:2008:results:highlights;annual:2008:results:discussion,"Only counts, dates or a short age/sex list; leave narrative empty."
annual,2008,avibase-2D52E3A5,draft,annual:2008:species:avibase-2D52E3A5,annual:2008:monitoring:methods;annual:2008:monitoring:effort;annual:2008:weather:season;annual:2008:results:overview;annual:2008:results:highlights;annual:2008:results:discussion,
annual,2008,avibase-E074D706,draft,annual:2008:species:avibase-E074D706,annual:2008:monitoring:methods;annual:2008:monitoring:effort;annual:2008:weather:season;annual:2008:results:overview;annual:2008:results:highlights;annual:2008:results:discussion,
annual,2008,avibase-49D9148A,draft,annual:2008:species:avibase-49D9148A,annual:2008:monitoring:methods;annual:2008:monitoring:effort;annual:2008:weather:season;annual:2008:results:overview;annual:2008:results:highlights;annual:2008:results:discussion,
annual,2008,avibase-99B8841E,draft,annual:2008:species:avibase-99B8841E,annual:2008:monitoring:methods;annual:2008:monitoring:effort;annual:2008:weather:season;annual:2008:results:overview;annual:2008:results:highlights;annual:2008:results:discussion,
annual,2008,avibase-66AA3934,numerical_or_list_only,annual:2008:species:avibase-66AA3934,annual:2008:monitoring:methods;annual:2008:monitoring:effort;annual:2008:weather:season;annual:2008:results:overview;annual:2008:results:highlights;annual:2008:results:discussion,"Only counts, dates or a short age/sex list; leave narrative empty."
annual,2008,avibase-407E2CA8,draft,annual:2008:species:avibase-407E2CA8,annual:2008:monitoring:methods;annual:2008:monitoring:effort;annual:2008:weather:season;annual:2008:results:overview;annual:2008:results:highlights;annual:2008:results:discussion,
annual,2008,avibase-94A1C447,draft,annual:2008:species:avibase-94A1C447,annual:2008:monitoring:methods;annual:2008:monitoring:effort;annual:2008:weather:season;annual:2008:results:overview;annual:2008:results:highlights;annual:2008:results:discussion,
annual,2008,avibase-58C502EA,draft,annual:2008:species:avibase-58C502EA,annual:2008:monitoring:methods;annual:2008:monitoring:effort;annual:2008:weather:season;annual:2008:results:overview;annual:2008:results:highlights;annual:2008:results:discussion,
annual,2008,avibase-6429024D,draft,annual:2008:species:avibase-6429024D,annual:2008:monitoring:methods;annual:2008:monitoring:effort;annual:2008:weather:season;annual:2008:results:overview;annual:2008:results:highlights;annual:2008:results:discussion,
annual,2008,avibase-070E73F9,draft,annual:2008:species:avibase-070E73F9,annual:2008:monitoring:methods;annual:2008:monitoring:effort;annual:2008:weather:season;annual:2008:results:overview;annual:2008:results:highlights;annual:2008:results:discussion,
annual,2008,avibase-4E6EF3F9,draft,annual:2008:species:avibase-4E6EF3F9,annual:2008:monitoring:methods;annual:2008:monitoring:effort;annual:2008:weather:season;annual:2008:results:overview;annual:2008:results:highlights;annual:2008:results:discussion,
annual,2008,avibase-FA1CAD29,numerical_or_list_only,annual:2008:species:avibase-FA1CAD29,annual:2008:monitoring:methods;annual:2008:monitoring:effort;annual:2008:weather:season;annual:2008:results:overview;annual:2008:results:highlights;annual:2008:results:discussion,"Only counts, dates or a short age/sex list; leave narrative empty."
annual,2008,avibase-06D9A2C8,draft,annual:2008:species:avibase-06D9A2C8,annual:2008:monitoring:methods;annual:2008:monitoring:effort;annual:2008:weather:season;annual:2008:results:overview;annual:2008:results:highlights;annual:2008:results:discussion,
annual,2008,avibase-451D6FC8,draft,annual:2008:species:avibase-451D6FC8,annual:2008:monitoring:methods;annual:2008:monitoring:effort;annual:2008:weather:season;annual:2008:results:overview;annual:2008:results:highlights;annual:2008:results:discussion,
annual,2008,avibase-052BFA8A,draft,annual:2008:species:avibase-052BFA8A,annual:2008:monitoring:methods;annual:2008:monitoring:effort;annual:2008:weather:season;annual:2008:results:overview;annual:2008:results:highlights;annual:2008:results:discussion,
annual,2008,avibase-FB02DD96,draft,annual:2008:species:avibase-FB02DD96,annual:2008:monitoring:methods;annual:2008:monitoring:effort;annual:2008:weather:season;annual:2008:results:overview;annual:2008:results:highlights;annual:2008:results:discussion,
annual,2008,avibase-EDB4BBA6,draft,annual:2008:species:avibase-EDB4BBA6,annual:2008:monitoring:methods;annual:2008:monitoring:effort;annual:2008:weather:season;annual:2008:results:overview;annual:2008:results:highlights;annual:2008:results:discussion,
annual,2008,avibase-68E4C0D1,numerical_or_list_only,annual:2008:species:avibase-68E4C0D1,annual:2008:monitoring:methods;annual:2008:monitoring:effort;annual:2008:weather:season;annual:2008:results:overview;annual:2008:results:highlights;annual:2008:results:discussion,"Only counts, dates or a short age/sex list; leave narrative empty."
annual,2008,avibase-760F307A,draft,annual:2008:species:avibase-760F307A,annual:2008:monitoring:methods;annual:2008:monitoring:effort;annual:2008:weather:season;annual:2008:results:overview;annual:2008:results:highlights;annual:2008:results:discussion,
annual,2008,avibase-25A20BA6,draft,annual:2008:species:avibase-25A20BA6,annual:2008:monitoring:methods;annual:2008:monitoring:effort;annual:2008:weather:season;annual:2008:results:overview;annual:2008:results:highlights;annual:2008:results:discussion,
annual,2008,avibase-5A3D91D3,draft,annual:2008:species:avibase-5A3D91D3,annual:2008:monitoring:methods;annual:2008:monitoring:effort;annual:2008:weather:season;annual:2008:results:overview;annual:2008:results:highlights;annual:2008:results:discussion,
annual,2008,avibase-8BAFB01E,draft,annual:2008:species:avibase-8BAFB01E,annual:2008:monitoring:methods;annual:2008:monitoring:effort;annual:2008:weather:season;annual:2008:results:overview;annual:2008:results:highlights;annual:2008:results:discussion,
annual,2008,avibase-A0A584C1,numerical_or_list_only,annual:2008:species:avibase-A0A584C1,annual:2008:monitoring:methods;annual:2008:monitoring:effort;annual:2008:weather:season;annual:2008:results:overview;annual:2008:results:highlights;annual:2008:results:discussion,"Only counts, dates or a short age/sex list; leave narrative empty."
annual,2008,avibase-BC06BC0D,draft,annual:2008:species:avibase-BC06BC0D,annual:2008:monitoring:methods;annual:2008:monitoring:effort;annual:2008:weather:season;annual:2008:results:overview;annual:2008:results:highlights;annual:2008:results:discussion,
annual,2008,avibase-5EAB32D3,draft,annual:2008:species:avibase-5EAB32D3,annual:2008:monitoring:methods;annual:2008:monitoring:effort;annual:2008:weather:season;annual:2008:results:overview;annual:2008:results:highlights;annual:2008:results:discussion,
annual,2008,avibase-89C42590,draft,annual:2008:species:avibase-89C42590,annual:2008:monitoring:methods;annual:2008:monitoring:effort;annual:2008:weather:season;annual:2008:results:overview;annual:2008:results:highlights;annual:2008:results:discussion,
annual,2008,avibase-5D1987CE,draft,annual:2008:species:avibase-5D1987CE,annual:2008:monitoring:methods;annual:2008:monitoring:effort;annual:2008:weather:season;annual:2008:results:overview;annual:2008:results:highlights;annual:2008:results:discussion,
annual,2008,avibase-DB376A66,draft,annual:2008:species:avibase-DB376A66,annual:2008:monitoring:methods;annual:2008:monitoring:effort;annual:2008:weather:season;annual:2008:results:overview;annual:2008:results:highlights;annual:2008:results:discussion,
annual,2009,avibase-4B8CC285,draft,annual:2009:species:avibase-4B8CC285,annual:2009:monitoring:methods;annual:2009:monitoring:effort;annual:2009:weather:july;annual:2009:weather:august;annual:2009:weather:september;annual:2009:weather:october;annual:2009:weather:november;annual:2009:results:overview;annual:2009:results:highlights;annual:2009:results:discussion,
annual,2009,avibase-BAC4CA22,draft,annual:2009:species:avibase-BAC4CA22,annual:2009:monitoring:methods;annual:2009:monitoring:effort;annual:2009:weather:july;annual:2009:weather:august;annual:2009:weather:september;annual:2009:weather:october;annual:2009:weather:november;annual:2009:results:overview;annual:2009:results:highlights;annual:2009:results:discussion,
annual,2009,avibase-F2858F9F,numerical_or_list_only,annual:2009:species:avibase-F2858F9F,annual:2009:monitoring:methods;annual:2009:monitoring:effort;annual:2009:weather:july;annual:2009:weather:august;annual:2009:weather:september;annual:2009:weather:october;annual:2009:weather:november;annual:2009:results:overview;annual:2009:results:highlights;annual:2009:results:discussion,"Only counts, dates or a short age/sex list; leave narrative empty."
annual,2009,avibase-ED2AC04E,draft,annual:2009:species:avibase-ED2AC04E,annual:2009:monitoring:methods;annual:2009:monitoring:effort;annual:2009:weather:july;annual:2009:weather:august;annual:2009:weather:september;annual:2009:weather:october;annual:2009:weather:november;annual:2009:results:overview;annual:2009:results:highlights;annual:2009:results:discussion,
annual,2009,avibase-742EC2F1,draft,annual:2009:species:avibase-742EC2F1,annual:2009:monitoring:methods;annual:2009:monitoring:effort;annual:2009:weather:july;annual:2009:weather:august;annual:2009:weather:september;annual:2009:weather:october;annual:2009:weather:november;annual:2009:results:overview;annual:2009:results:highlights;annual:2009:results:discussion,
annual,2009,avibase-95DD1855,numerical_or_list_only,annual:2009:species:avibase-95DD1855,annual:2009:monitoring:methods;annual:2009:monitoring:effort;annual:2009:weather:july;annual:2009:weather:august;annual:2009:weather:september;annual:2009:weather:october;annual:2009:weather:november;annual:2009:results:overview;annual:2009:results:highlights;annual:2009:results:discussion,"Only counts, dates or a short age/sex list; leave narrative empty."
annual,2009,avibase-1327AC55,draft,annual:2009:species:avibase-1327AC55,annual:2009:monitoring:methods;annual:2009:monitoring:effort;annual:2009:weather:july;annual:2009:weather:august;annual:2009:weather:september;annual:2009:weather:october;annual:2009:weather:november;annual:2009:results:overview;annual:2009:results:highlights;annual:2009:results:discussion,
annual,2009,avibase-6BB94D7E,draft,annual:2009:species:avibase-6BB94D7E,annual:2009:monitoring:methods;annual:2009:monitoring:effort;annual:2009:weather:july;annual:2009:weather:august;annual:2009:weather:september;annual:2009:weather:october;annual:2009:weather:november;annual:2009:results:overview;annual:2009:results:highlights;annual:2009:results:discussion,
annual,2009,avibase-ED5A7E8F,draft,annual:2009:species:avibase-ED5A7E8F,annual:2009:monitoring:methods;annual:2009:monitoring:effort;annual:2009:weather:july;annual:2009:weather:august;annual:2009:weather:september;annual:2009:weather:october;annual:2009:weather:november;annual:2009:results:overview;annual:2009:results:highlights;annual:2009:results:discussion,
annual,2009,avibase-F558C7F9,draft,annual:2009:species:avibase-F558C7F9,annual:2009:monitoring:methods;annual:2009:monitoring:effort;annual:2009:weather:july;annual:2009:weather:august;annual:2009:weather:september;annual:2009:weather:october;annual:2009:weather:november;annual:2009:results:overview;annual:2009:results:highlights;annual:2009:results:discussion,
annual,2009,avibase-63B6412E,draft,annual:2009:species:avibase-63B6412E,annual:2009:monitoring:methods;annual:2009:monitoring:effort;annual:2009:weather:july;annual:2009:weather:august;annual:2009:weather:september;annual:2009:weather:october;annual:2009:weather:november;annual:2009:results:overview;annual:2009:results:highlights;annual:2009:results:discussion,
annual,2009,avibase-E2A19474,draft,annual:2009:species:avibase-E2A19474,annual:2009:monitoring:methods;annual:2009:monitoring:effort;annual:2009:weather:july;annual:2009:weather:august;annual:2009:weather:september;annual:2009:weather:october;annual:2009:weather:november;annual:2009:results:overview;annual:2009:results:highlights;annual:2009:results:discussion,
annual,2009,avibase-22647E26,draft,annual:2009:species:avibase-22647E26,annual:2009:monitoring:methods;annual:2009:monitoring:effort;annual:2009:weather:july;annual:2009:weather:august;annual:2009:weather:september;annual:2009:weather:october;annual:2009:weather:november;annual:2009:results:overview;annual:2009:results:highlights;annual:2009:results:discussion,
annual,2009,avibase-3C0C325D,draft,annual:2009:species:avibase-3C0C325D,annual:2009:monitoring:methods;annual:2009:monitoring:effort;annual:2009:weather:july;annual:2009:weather:august;annual:2009:weather:september;annual:2009:weather:october;annual:2009:weather:november;annual:2009:results:overview;annual:2009:results:highlights;annual:2009:results:discussion,
annual,2009,avibase-56CCA717,draft,annual:2009:species:avibase-56CCA717,annual:2009:monitoring:methods;annual:2009:monitoring:effort;annual:2009:weather:july;annual:2009:weather:august;annual:2009:weather:september;annual:2009:weather:october;annual:2009:weather:november;annual:2009:results:overview;annual:2009:results:highlights;annual:2009:results:discussion,
annual,2009,avibase-D4C32F8E,numerical_or_list_only,annual:2009:species:avibase-D4C32F8E,annual:2009:monitoring:methods;annual:2009:monitoring:effort;annual:2009:weather:july;annual:2009:weather:august;annual:2009:weather:september;annual:2009:weather:october;annual:2009:weather:november;annual:2009:results:overview;annual:2009:results:highlights;annual:2009:results:discussion,"Only counts, dates or a short age/sex list; leave narrative empty."
annual,2009,avibase-28825494,draft,annual:2009:species:avibase-28825494,annual:2009:monitoring:methods;annual:2009:monitoring:effort;annual:2009:weather:july;annual:2009:weather:august;annual:2009:weather:september;annual:2009:weather:october;annual:2009:weather:november;annual:2009:results:overview;annual:2009:results:highlights;annual:2009:results:discussion,
annual,2009,avibase-E2817DAE,draft,annual:2009:species:avibase-E2817DAE,annual:2009:monitoring:methods;annual:2009:monitoring:effort;annual:2009:weather:july;annual:2009:weather:august;annual:2009:weather:september;annual:2009:weather:october;annual:2009:weather:november;annual:2009:results:overview;annual:2009:results:highlights;annual:2009:results:discussion,
annual,2009,avibase-8372FFBA,draft,annual:2009:species:avibase-8372FFBA,annual:2009:monitoring:methods;annual:2009:monitoring:effort;annual:2009:weather:july;annual:2009:weather:august;annual:2009:weather:september;annual:2009:weather:october;annual:2009:weather:november;annual:2009:results:overview;annual:2009:results:highlights;annual:2009:results:discussion,
annual,2009,avibase-1078FFEA,draft,annual:2009:species:avibase-1078FFEA,annual:2009:monitoring:methods;annual:2009:monitoring:effort;annual:2009:weather:july;annual:2009:weather:august;annual:2009:weather:september;annual:2009:weather:october;annual:2009:weather:november;annual:2009:results:overview;annual:2009:results:highlights;annual:2009:results:discussion,
annual,2009,avibase-082F3A63,draft,annual:2009:species:avibase-082F3A63,annual:2009:monitoring:methods;annual:2009:monitoring:effort;annual:2009:weather:july;annual:2009:weather:august;annual:2009:weather:september;annual:2009:weather:october;annual:2009:weather:november;annual:2009:results:overview;annual:2009:results:highlights;annual:2009:results:discussion,
annual,2009,avibase-2DAB45B8,draft,annual:2009:species:avibase-2DAB45B8,annual:2009:monitoring:methods;annual:2009:monitoring:effort;annual:2009:weather:july;annual:2009:weather:august;annual:2009:weather:september;annual:2009:weather:october;annual:2009:weather:november;annual:2009:results:overview;annual:2009:results:highlights;annual:2009:results:discussion,
annual,2009,avibase-E91E287A,draft,annual:2009:species:avibase-E91E287A,annual:2009:monitoring:methods;annual:2009:monitoring:effort;annual:2009:weather:july;annual:2009:weather:august;annual:2009:weather:september;annual:2009:weather:october;annual:2009:weather:november;annual:2009:results:overview;annual:2009:results:highlights;annual:2009:results:discussion,
annual,2009,avibase-997A9437,draft,annual:2009:species:avibase-997A9437,annual:2009:monitoring:methods;annual:2009:monitoring:effort;annual:2009:weather:july;annual:2009:weather:august;annual:2009:weather:september;annual:2009:weather:october;annual:2009:weather:november;annual:2009:results:overview;annual:2009:results:highlights;annual:2009:results:discussion,
annual,2009,avibase-47E58408,numerical_or_list_only,annual:2009:species:avibase-47E58408,annual:2009:monitoring:methods;annual:2009:monitoring:effort;annual:2009:weather:july;annual:2009:weather:august;annual:2009:weather:september;annual:2009:weather:october;annual:2009:weather:november;annual:2009:results:overview;annual:2009:results:highlights;annual:2009:results:discussion,"Only counts, dates or a short age/sex list; leave narrative empty."
annual,2009,avibase-F3DA111C,draft,annual:2009:species:avibase-F3DA111C,annual:2009:monitoring:methods;annual:2009:monitoring:effort;annual:2009:weather:july;annual:2009:weather:august;annual:2009:weather:september;annual:2009:weather:october;annual:2009:weather:november;annual:2009:results:overview;annual:2009:results:highlights;annual:2009:results:discussion,
annual,2009,avibase-E074D706,draft,annual:2009:species:avibase-E074D706,annual:2009:monitoring:methods;annual:2009:monitoring:effort;annual:2009:weather:july;annual:2009:weather:august;annual:2009:weather:september;annual:2009:weather:october;annual:2009:weather:november;annual:2009:results:overview;annual:2009:results:highlights;annual:2009:results:discussion,
annual,2009,avibase-3DF5C587,draft,annual:2009:species:avibase-3DF5C587,annual:2009:monitoring:methods;annual:2009:monitoring:effort;annual:2009:weather:july;annual:2009:weather:august;annual:2009:weather:september;annual:2009:weather:october;annual:2009:weather:november;annual:2009:results:overview;annual:2009:results:highlights;annual:2009:results:discussion,
annual,2009,avibase-49D9148A,draft,annual:2009:species:avibase-49D9148A,annual:2009:monitoring:methods;annual:2009:monitoring:effort;annual:2009:weather:july;annual:2009:weather:august;annual:2009:weather:september;annual:2009:weather:october;annual:2009:weather:november;annual:2009:results:overview;annual:2009:results:highlights;annual:2009:results:discussion,
annual,2009,avibase-99B8841E,draft,annual:2009:species:avibase-99B8841E,annual:2009:monitoring:methods;annual:2009:monitoring:effort;annual:2009:weather:july;annual:2009:weather:august;annual:2009:weather:september;annual:2009:weather:october;annual:2009:weather:november;annual:2009:results:overview;annual:2009:results:highlights;annual:2009:results:discussion,
annual,2009,avibase-407E2CA8,draft,annual:2009:species:avibase-407E2CA8,annual:2009:monitoring:methods;annual:2009:monitoring:effort;annual:2009:weather:july;annual:2009:weather:august;annual:2009:weather:september;annual:2009:weather:october;annual:2009:weather:november;annual:2009:results:overview;annual:2009:results:highlights;annual:2009:results:discussion,
annual,2009,avibase-30FEC6BE,draft,annual:2009:species:avibase-30FEC6BE,annual:2009:monitoring:methods;annual:2009:monitoring:effort;annual:2009:weather:july;annual:2009:weather:august;annual:2009:weather:september;annual:2009:weather:october;annual:2009:weather:november;annual:2009:results:overview;annual:2009:results:highlights;annual:2009:results:discussion,
annual,2009,avibase-94A1C447,draft,annual:2009:species:avibase-94A1C447,annual:2009:monitoring:methods;annual:2009:monitoring:effort;annual:2009:weather:july;annual:2009:weather:august;annual:2009:weather:september;annual:2009:weather:october;annual:2009:weather:november;annual:2009:results:overview;annual:2009:results:highlights;annual:2009:results:discussion,
annual,2009,avibase-6F2AF9D0,draft,annual:2009:species:avibase-6F2AF9D0,annual:2009:monitoring:methods;annual:2009:monitoring:effort;annual:2009:weather:july;annual:2009:weather:august;annual:2009:weather:september;annual:2009:weather:october;annual:2009:weather:november;annual:2009:results:overview;annual:2009:results:highlights;annual:2009:results:discussion,
annual,2009,avibase-58C502EA,draft,annual:2009:species:avibase-58C502EA,annual:2009:monitoring:methods;annual:2009:monitoring:effort;annual:2009:weather:july;annual:2009:weather:august;annual:2009:weather:september;annual:2009:weather:october;annual:2009:weather:november;annual:2009:results:overview;annual:2009:results:highlights;annual:2009:results:discussion,
annual,2009,avibase-ED663165,draft,annual:2009:species:avibase-ED663165,annual:2009:monitoring:methods;annual:2009:monitoring:effort;annual:2009:weather:july;annual:2009:weather:august;annual:2009:weather:september;annual:2009:weather:october;annual:2009:weather:november;annual:2009:results:overview;annual:2009:results:highlights;annual:2009:results:discussion,
annual,2009,avibase-6429024D,draft,annual:2009:species:avibase-6429024D,annual:2009:monitoring:methods;annual:2009:monitoring:effort;annual:2009:weather:july;annual:2009:weather:august;annual:2009:weather:september;annual:2009:weather:october;annual:2009:weather:november;annual:2009:results:overview;annual:2009:results:highlights;annual:2009:results:discussion,
annual,2009,avibase-1D446440,draft,annual:2009:species:avibase-1D446440,annual:2009:monitoring:methods;annual:2009:monitoring:effort;annual:2009:weather:july;annual:2009:weather:august;annual:2009:weather:september;annual:2009:weather:october;annual:2009:weather:november;annual:2009:results:overview;annual:2009:results:highlights;annual:2009:results:discussion,
annual,2009,avibase-24698199,draft,annual:2009:species:avibase-24698199,annual:2009:monitoring:methods;annual:2009:monitoring:effort;annual:2009:weather:july;annual:2009:weather:august;annual:2009:weather:september;annual:2009:weather:october;annual:2009:weather:november;annual:2009:results:overview;annual:2009:results:highlights;annual:2009:results:discussion,
annual,2009,avibase-4E6EF3F9,draft,annual:2009:species:avibase-4E6EF3F9,annual:2009:monitoring:methods;annual:2009:monitoring:effort;annual:2009:weather:july;annual:2009:weather:august;annual:2009:weather:september;annual:2009:weather:october;annual:2009:weather:november;annual:2009:results:overview;annual:2009:results:highlights;annual:2009:results:discussion,
annual,2009,avibase-FA1CAD29,draft,annual:2009:species:avibase-FA1CAD29,annual:2009:monitoring:methods;annual:2009:monitoring:effort;annual:2009:weather:july;annual:2009:weather:august;annual:2009:weather:september;annual:2009:weather:october;annual:2009:weather:november;annual:2009:results:overview;annual:2009:results:highlights;annual:2009:results:discussion,
annual,2009,avibase-06D9A2C8,draft,annual:2009:species:avibase-06D9A2C8,annual:2009:monitoring:methods;annual:2009:monitoring:effort;annual:2009:weather:july;annual:2009:weather:august;annual:2009:weather:september;annual:2009:weather:october;annual:2009:weather:november;annual:2009:results:overview;annual:2009:results:highlights;annual:2009:results:discussion,
annual,2009,avibase-451D6FC8,draft,annual:2009:species:avibase-451D6FC8,annual:2009:monitoring:methods;annual:2009:monitoring:effort;annual:2009:weather:july;annual:2009:weather:august;annual:2009:weather:september;annual:2009:weather:october;annual:2009:weather:november;annual:2009:results:overview;annual:2009:results:highlights;annual:2009:results:discussion,
annual,2009,avibase-052BFA8A,draft,annual:2009:species:avibase-052BFA8A,annual:2009:monitoring:methods;annual:2009:monitoring:effort;annual:2009:weather:july;annual:2009:weather:august;annual:2009:weather:september;annual:2009:weather:october;annual:2009:weather:november;annual:2009:results:overview;annual:2009:results:highlights;annual:2009:results:discussion,
annual,2009,avibase-FB02DD96,draft,annual:2009:species:avibase-FB02DD96,annual:2009:monitoring:methods;annual:2009:monitoring:effort;annual:2009:weather:july;annual:2009:weather:august;annual:2009:weather:september;annual:2009:weather:october;annual:2009:weather:november;annual:2009:results:overview;annual:2009:results:highlights;annual:2009:results:discussion,
annual,2009,avibase-4AED44E8,numerical_or_list_only,annual:2009:species:avibase-4AED44E8,annual:2009:monitoring:methods;annual:2009:monitoring:effort;annual:2009:weather:july;annual:2009:weather:august;annual:2009:weather:september;annual:2009:weather:october;annual:2009:weather:november;annual:2009:results:overview;annual:2009:results:highlights;annual:2009:results:discussion,"Only counts, dates or a short age/sex list; leave narrative empty."
annual,2009,avibase-68E4C0D1,draft,annual:2009:species:avibase-68E4C0D1,annual:2009:monitoring:methods;annual:2009:monitoring:effort;annual:2009:weather:july;annual:2009:weather:august;annual:2009:weather:september;annual:2009:weather:october;annual:2009:weather:november;annual:2009:results:overview;annual:2009:results:highlights;annual:2009:results:discussion,
annual,2009,avibase-760F307A,draft,annual:2009:species:avibase-760F307A,annual:2009:monitoring:methods;annual:2009:monitoring:effort;annual:2009:weather:july;annual:2009:weather:august;annual:2009:weather:september;annual:2009:weather:october;annual:2009:weather:november;annual:2009:results:overview;annual:2009:results:highlights;annual:2009:results:discussion,
annual,2009,avibase-5D1987CE,numerical_or_list_only,annual:2009:species:avibase-5D1987CE,annual:2009:monitoring:methods;annual:2009:monitoring:effort;annual:2009:weather:july;annual:2009:weather:august;annual:2009:weather:september;annual:2009:weather:october;annual:2009:weather:november;annual:2009:results:overview;annual:2009:results:highlights;annual:2009:results:discussion,"Only counts, dates or a short age/sex list; leave narrative empty."
annual,2009,avibase-DB376A66,draft,annual:2009:species:avibase-DB376A66,annual:2009:monitoring:methods;annual:2009:monitoring:effort;annual:2009:weather:july;annual:2009:weather:august;annual:2009:weather:september;annual:2009:weather:october;annual:2009:weather:november;annual:2009:results:overview;annual:2009:results:highlights;annual:2009:results:discussion,
annual,2010,avibase-4B8CC285,draft,annual:2010:species:avibase-4B8CC285,annual:2010:monitoring:methods;annual:2010:monitoring:effort;annual:2010:weather:july;annual:2010:weather:august;annual:2010:weather:september;annual:2010:weather:october;annual:2010:weather:november;annual:2010:results:overview;annual:2010:results:highlights;annual:2010:results:discussion,
annual,2010,avibase-BAC4CA22,draft,annual:2010:species:avibase-BAC4CA22,annual:2010:monitoring:methods;annual:2010:monitoring:effort;annual:2010:weather:july;annual:2010:weather:august;annual:2010:weather:september;annual:2010:weather:october;annual:2010:weather:november;annual:2010:results:overview;annual:2010:results:highlights;annual:2010:results:discussion,
annual,2010,avibase-C2565B65,draft,annual:2010:species:avibase-C2565B65,annual:2010:monitoring:methods;annual:2010:monitoring:effort;annual:2010:weather:july;annual:2010:weather:august;annual:2010:weather:september;annual:2010:weather:october;annual:2010:weather:november;annual:2010:results:overview;annual:2010:results:highlights;annual:2010:results:discussion,
annual,2010,avibase-F2858F9F,numerical_or_list_only,annual:2010:species:avibase-F2858F9F,annual:2010:monitoring:methods;annual:2010:monitoring:effort;annual:2010:weather:july;annual:2010:weather:august;annual:2010:weather:september;annual:2010:weather:october;annual:2010:weather:november;annual:2010:results:overview;annual:2010:results:highlights;annual:2010:results:discussion,"Only counts, dates or a short age/sex list; leave narrative empty."
annual,2010,avibase-ED2AC04E,draft,annual:2010:species:avibase-ED2AC04E,annual:2010:monitoring:methods;annual:2010:monitoring:effort;annual:2010:weather:july;annual:2010:weather:august;annual:2010:weather:september;annual:2010:weather:october;annual:2010:weather:november;annual:2010:results:overview;annual:2010:results:highlights;annual:2010:results:discussion,
annual,2010,avibase-742EC2F1,draft,annual:2010:species:avibase-742EC2F1,annual:2010:monitoring:methods;annual:2010:monitoring:effort;annual:2010:weather:july;annual:2010:weather:august;annual:2010:weather:september;annual:2010:weather:october;annual:2010:weather:november;annual:2010:results:overview;annual:2010:results:highlights;annual:2010:results:discussion,
annual,2010,avibase-95DD1855,numerical_or_list_only,annual:2010:species:avibase-95DD1855,annual:2010:monitoring:methods;annual:2010:monitoring:effort;annual:2010:weather:july;annual:2010:weather:august;annual:2010:weather:september;annual:2010:weather:october;annual:2010:weather:november;annual:2010:results:overview;annual:2010:results:highlights;annual:2010:results:discussion,"Only counts, dates or a short age/sex list; leave narrative empty."
annual,2010,avibase-1327AC55,draft,annual:2010:species:avibase-1327AC55,annual:2010:monitoring:methods;annual:2010:monitoring:effort;annual:2010:weather:july;annual:2010:weather:august;annual:2010:weather:september;annual:2010:weather:october;annual:2010:weather:november;annual:2010:results:overview;annual:2010:results:highlights;annual:2010:results:discussion,
annual,2010,avibase-ED5A7E8F,draft,annual:2010:species:avibase-ED5A7E8F,annual:2010:monitoring:methods;annual:2010:monitoring:effort;annual:2010:weather:july;annual:2010:weather:august;annual:2010:weather:september;annual:2010:weather:october;annual:2010:weather:november;annual:2010:results:overview;annual:2010:results:highlights;annual:2010:results:discussion,
annual,2010,avibase-F558C7F9,draft,annual:2010:species:avibase-F558C7F9,annual:2010:monitoring:methods;annual:2010:monitoring:effort;annual:2010:weather:july;annual:2010:weather:august;annual:2010:weather:september;annual:2010:weather:october;annual:2010:weather:november;annual:2010:results:overview;annual:2010:results:highlights;annual:2010:results:discussion,
annual,2010,avibase-63B6412E,draft,annual:2010:species:avibase-63B6412E,annual:2010:monitoring:methods;annual:2010:monitoring:effort;annual:2010:weather:july;annual:2010:weather:august;annual:2010:weather:september;annual:2010:weather:october;annual:2010:weather:november;annual:2010:results:overview;annual:2010:results:highlights;annual:2010:results:discussion,
annual,2010,avibase-E2A19474,draft,annual:2010:species:avibase-E2A19474,annual:2010:monitoring:methods;annual:2010:monitoring:effort;annual:2010:weather:july;annual:2010:weather:august;annual:2010:weather:september;annual:2010:weather:october;annual:2010:weather:november;annual:2010:results:overview;annual:2010:results:highlights;annual:2010:results:discussion,
annual,2010,avibase-3C0C325D,draft,annual:2010:species:avibase-3C0C325D,annual:2010:monitoring:methods;annual:2010:monitoring:effort;annual:2010:weather:july;annual:2010:weather:august;annual:2010:weather:september;annual:2010:weather:october;annual:2010:weather:november;annual:2010:results:overview;annual:2010:results:highlights;annual:2010:results:discussion,
annual,2010,avibase-C235A4D7,numerical_or_list_only,annual:2010:species:avibase-C235A4D7,annual:2010:monitoring:methods;annual:2010:monitoring:effort;annual:2010:weather:july;annual:2010:weather:august;annual:2010:weather:september;annual:2010:weather:october;annual:2010:weather:november;annual:2010:results:overview;annual:2010:results:highlights;annual:2010:results:discussion,"Only counts, dates or a short age/sex list; leave narrative empty."
annual,2010,avibase-D4C32F8E,numerical_or_list_only,annual:2010:species:avibase-D4C32F8E,annual:2010:monitoring:methods;annual:2010:monitoring:effort;annual:2010:weather:july;annual:2010:weather:august;annual:2010:weather:september;annual:2010:weather:october;annual:2010:weather:november;annual:2010:results:overview;annual:2010:results:highlights;annual:2010:results:discussion,"Only counts, dates or a short age/sex list; leave narrative empty."
annual,2010,avibase-28825494,draft,annual:2010:species:avibase-28825494,annual:2010:monitoring:methods;annual:2010:monitoring:effort;annual:2010:weather:july;annual:2010:weather:august;annual:2010:weather:september;annual:2010:weather:october;annual:2010:weather:november;annual:2010:results:overview;annual:2010:results:highlights;annual:2010:results:discussion,
annual,2010,avibase-E2817DAE,draft,annual:2010:species:avibase-E2817DAE,annual:2010:monitoring:methods;annual:2010:monitoring:effort;annual:2010:weather:july;annual:2010:weather:august;annual:2010:weather:september;annual:2010:weather:october;annual:2010:weather:november;annual:2010:results:overview;annual:2010:results:highlights;annual:2010:results:discussion,
annual,2010,avibase-8372FFBA,numerical_or_list_only,annual:2010:species:avibase-8372FFBA,annual:2010:monitoring:methods;annual:2010:monitoring:effort;annual:2010:weather:july;annual:2010:weather:august;annual:2010:weather:september;annual:2010:weather:october;annual:2010:weather:november;annual:2010:results:overview;annual:2010:results:highlights;annual:2010:results:discussion,"Only counts, dates or a short age/sex list; leave narrative empty."
annual,2010,avibase-1078FFEA,draft,annual:2010:species:avibase-1078FFEA,annual:2010:monitoring:methods;annual:2010:monitoring:effort;annual:2010:weather:july;annual:2010:weather:august;annual:2010:weather:september;annual:2010:weather:october;annual:2010:weather:november;annual:2010:results:overview;annual:2010:results:highlights;annual:2010:results:discussion,
annual,2010,avibase-082F3A63,draft,annual:2010:species:avibase-082F3A63,annual:2010:monitoring:methods;annual:2010:monitoring:effort;annual:2010:weather:july;annual:2010:weather:august;annual:2010:weather:september;annual:2010:weather:october;annual:2010:weather:november;annual:2010:results:overview;annual:2010:results:highlights;annual:2010:results:discussion,
annual,2010,avibase-2DAB45B8,draft,annual:2010:species:avibase-2DAB45B8,annual:2010:monitoring:methods;annual:2010:monitoring:effort;annual:2010:weather:july;annual:2010:weather:august;annual:2010:weather:september;annual:2010:weather:october;annual:2010:weather:november;annual:2010:results:overview;annual:2010:results:highlights;annual:2010:results:discussion,
annual,2010,avibase-E91E287A,draft,annual:2010:species:avibase-E91E287A,annual:2010:monitoring:methods;annual:2010:monitoring:effort;annual:2010:weather:july;annual:2010:weather:august;annual:2010:weather:september;annual:2010:weather:october;annual:2010:weather:november;annual:2010:results:overview;annual:2010:results:highlights;annual:2010:results:discussion,
annual,2010,avibase-997A9437,draft,annual:2010:species:avibase-997A9437,annual:2010:monitoring:methods;annual:2010:monitoring:effort;annual:2010:weather:july;annual:2010:weather:august;annual:2010:weather:september;annual:2010:weather:october;annual:2010:weather:november;annual:2010:results:overview;annual:2010:results:highlights;annual:2010:results:discussion,
annual,2010,avibase-47E58408,numerical_or_list_only,annual:2010:species:avibase-47E58408,annual:2010:monitoring:methods;annual:2010:monitoring:effort;annual:2010:weather:july;annual:2010:weather:august;annual:2010:weather:september;annual:2010:weather:october;annual:2010:weather:november;annual:2010:results:overview;annual:2010:results:highlights;annual:2010:results:discussion,"Only counts, dates or a short age/sex list; leave narrative empty."
annual,2010,avibase-F3DA111C,draft,annual:2010:species:avibase-F3DA111C,annual:2010:monitoring:methods;annual:2010:monitoring:effort;annual:2010:weather:july;annual:2010:weather:august;annual:2010:weather:september;annual:2010:weather:october;annual:2010:weather:november;annual:2010:results:overview;annual:2010:results:highlights;annual:2010:results:discussion,
annual,2010,avibase-D8D10F2C,draft,annual:2010:species:avibase-D8D10F2C,annual:2010:monitoring:methods;annual:2010:monitoring:effort;annual:2010:weather:july;annual:2010:weather:august;annual:2010:weather:september;annual:2010:weather:october;annual:2010:weather:november;annual:2010:results:overview;annual:2010:results:highlights;annual:2010:results:discussion,
annual,2010,avibase-E074D706,draft,annual:2010:species:avibase-E074D706,annual:2010:monitoring:methods;annual:2010:monitoring:effort;annual:2010:weather:july;annual:2010:weather:august;annual:2010:weather:september;annual:2010:weather:october;annual:2010:weather:november;annual:2010:results:overview;annual:2010:results:highlights;annual:2010:results:discussion,
annual,2010,avibase-3DF5C587,draft,annual:2010:species:avibase-3DF5C587,annual:2010:monitoring:methods;annual:2010:monitoring:effort;annual:2010:weather:july;annual:2010:weather:august;annual:2010:weather:september;annual:2010:weather:october;annual:2010:weather:november;annual:2010:results:overview;annual:2010:results:highlights;annual:2010:results:discussion,
annual,2010,avibase-49D9148A,draft,annual:2010:species:avibase-49D9148A,annual:2010:monitoring:methods;annual:2010:monitoring:effort;annual:2010:weather:july;annual:2010:weather:august;annual:2010:weather:september;annual:2010:weather:october;annual:2010:weather:november;annual:2010:results:overview;annual:2010:results:highlights;annual:2010:results:discussion,
annual,2010,avibase-99B8841E,draft,annual:2010:species:avibase-99B8841E,annual:2010:monitoring:methods;annual:2010:monitoring:effort;annual:2010:weather:july;annual:2010:weather:august;annual:2010:weather:september;annual:2010:weather:october;annual:2010:weather:november;annual:2010:results:overview;annual:2010:results:highlights;annual:2010:results:discussion,
annual,2010,avibase-407E2CA8,draft,annual:2010:species:avibase-407E2CA8,annual:2010:monitoring:methods;annual:2010:monitoring:effort;annual:2010:weather:july;annual:2010:weather:august;annual:2010:weather:september;annual:2010:weather:october;annual:2010:weather:november;annual:2010:results:overview;annual:2010:results:highlights;annual:2010:results:discussion,
annual,2010,avibase-30FEC6BE,draft,annual:2010:species:avibase-30FEC6BE,annual:2010:monitoring:methods;annual:2010:monitoring:effort;annual:2010:weather:july;annual:2010:weather:august;annual:2010:weather:september;annual:2010:weather:october;annual:2010:weather:november;annual:2010:results:overview;annual:2010:results:highlights;annual:2010:results:discussion,
annual,2010,avibase-6F2AF9D0,draft,annual:2010:species:avibase-6F2AF9D0,annual:2010:monitoring:methods;annual:2010:monitoring:effort;annual:2010:weather:july;annual:2010:weather:august;annual:2010:weather:september;annual:2010:weather:october;annual:2010:weather:november;annual:2010:results:overview;annual:2010:results:highlights;annual:2010:results:discussion,
annual,2010,avibase-6429024D,draft,annual:2010:species:avibase-6429024D,annual:2010:monitoring:methods;annual:2010:monitoring:effort;annual:2010:weather:july;annual:2010:weather:august;annual:2010:weather:september;annual:2010:weather:october;annual:2010:weather:november;annual:2010:results:overview;annual:2010:results:highlights;annual:2010:results:discussion,
annual,2010,avibase-4E6EF3F9,draft,annual:2010:species:avibase-4E6EF3F9,annual:2010:monitoring:methods;annual:2010:monitoring:effort;annual:2010:weather:july;annual:2010:weather:august;annual:2010:weather:september;annual:2010:weather:october;annual:2010:weather:november;annual:2010:results:overview;annual:2010:results:highlights;annual:2010:results:discussion,
annual,2010,avibase-FA1CAD29,draft,annual:2010:species:avibase-FA1CAD29,annual:2010:monitoring:methods;annual:2010:monitoring:effort;annual:2010:weather:july;annual:2010:weather:august;annual:2010:weather:september;annual:2010:weather:october;annual:2010:weather:november;annual:2010:results:overview;annual:2010:results:highlights;annual:2010:results:discussion,
annual,2010,avibase-06D9A2C8,draft,annual:2010:species:avibase-06D9A2C8,annual:2010:monitoring:methods;annual:2010:monitoring:effort;annual:2010:weather:july;annual:2010:weather:august;annual:2010:weather:september;annual:2010:weather:october;annual:2010:weather:november;annual:2010:results:overview;annual:2010:results:highlights;annual:2010:results:discussion,
annual,2010,avibase-451D6FC8,draft,annual:2010:species:avibase-451D6FC8,annual:2010:monitoring:methods;annual:2010:monitoring:effort;annual:2010:weather:july;annual:2010:weather:august;annual:2010:weather:september;annual:2010:weather:october;annual:2010:weather:november;annual:2010:results:overview;annual:2010:results:highlights;annual:2010:results:discussion,
annual,2010,avibase-052BFA8A,draft,annual:2010:species:avibase-052BFA8A,annual:2010:monitoring:methods;annual:2010:monitoring:effort;annual:2010:weather:july;annual:2010:weather:august;annual:2010:weather:september;annual:2010:weather:october;annual:2010:weather:november;annual:2010:results:overview;annual:2010:results:highlights;annual:2010:results:discussion,
annual,2010,avibase-FB02DD96,draft,annual:2010:species:avibase-FB02DD96,annual:2010:monitoring:methods;annual:2010:monitoring:effort;annual:2010:weather:july;annual:2010:weather:august;annual:2010:weather:september;annual:2010:weather:october;annual:2010:weather:november;annual:2010:results:overview;annual:2010:results:highlights;annual:2010:results:discussion,
annual,2010,avibase-4AED44E8,draft,annual:2010:species:avibase-4AED44E8,annual:2010:monitoring:methods;annual:2010:monitoring:effort;annual:2010:weather:july;annual:2010:weather:august;annual:2010:weather:september;annual:2010:weather:october;annual:2010:weather:november;annual:2010:results:overview;annual:2010:results:highlights;annual:2010:results:discussion,
annual,2010,avibase-68E4C0D1,draft,annual:2010:species:avibase-68E4C0D1,annual:2010:monitoring:methods;annual:2010:monitoring:effort;annual:2010:weather:july;annual:2010:weather:august;annual:2010:weather:september;annual:2010:weather:october;annual:2010:weather:november;annual:2010:results:overview;annual:2010:results:highlights;annual:2010:results:discussion,
annual,2010,avibase-760F307A,draft,annual:2010:species:avibase-760F307A,annual:2010:monitoring:methods;annual:2010:monitoring:effort;annual:2010:weather:july;annual:2010:weather:august;annual:2010:weather:september;annual:2010:weather:october;annual:2010:weather:november;annual:2010:results:overview;annual:2010:results:highlights;annual:2010:results:discussion,
annual,2010,avibase-25A20BA6,draft,annual:2010:species:avibase-25A20BA6,annual:2010:monitoring:methods;annual:2010:monitoring:effort;annual:2010:weather:july;annual:2010:weather:august;annual:2010:weather:september;annual:2010:weather:october;annual:2010:weather:november;annual:2010:results:overview;annual:2010:results:highlights;annual:2010:results:discussion,
annual,2010,avibase-DB376A66,draft,annual:2010:species:avibase-DB376A66,annual:2010:monitoring:methods;annual:2010:monitoring:effort;annual:2010:weather:july;annual:2010:weather:august;annual:2010:weather:september;annual:2010:weather:october;annual:2010:weather:november;annual:2010:results:overview;annual:2010:results:highlights;annual:2010:results:discussion,
annual,2011,avibase-ED2AC04E,draft,annual:2011:species:avibase-ED2AC04E,annual:2011:monitoring:methods;annual:2011:monitoring:effort;annual:2011:weather:july;annual:2011:weather:august;annual:2011:weather:september;annual:2011:weather:october;annual:2011:weather:november;annual:2011:results:overview;annual:2011:results:highlights;annual:2011:results:discussion,
annual,2011,avibase-742EC2F1,draft,annual:2011:species:avibase-742EC2F1,annual:2011:monitoring:methods;annual:2011:monitoring:effort;annual:2011:weather:july;annual:2011:weather:august;annual:2011:weather:september;annual:2011:weather:october;annual:2011:weather:november;annual:2011:results:overview;annual:2011:results:highlights;annual:2011:results:discussion,
annual,2011,avibase-95DD1855,numerical_or_list_only,annual:2011:species:avibase-95DD1855,annual:2011:monitoring:methods;annual:2011:monitoring:effort;annual:2011:weather:july;annual:2011:weather:august;annual:2011:weather:september;annual:2011:weather:october;annual:2011:weather:november;annual:2011:results:overview;annual:2011:results:highlights;annual:2011:results:discussion,"Only counts, dates or a short age/sex list; leave narrative empty."
annual,2011,avibase-1327AC55,draft,annual:2011:species:avibase-1327AC55,annual:2011:monitoring:methods;annual:2011:monitoring:effort;annual:2011:weather:july;annual:2011:weather:august;annual:2011:weather:september;annual:2011:weather:october;annual:2011:weather:november;annual:2011:results:overview;annual:2011:results:highlights;annual:2011:results:discussion,
annual,2011,avibase-ED5A7E8F,draft,annual:2011:species:avibase-ED5A7E8F,annual:2011:monitoring:methods;annual:2011:monitoring:effort;annual:2011:weather:july;annual:2011:weather:august;annual:2011:weather:september;annual:2011:weather:october;annual:2011:weather:november;annual:2011:results:overview;annual:2011:results:highlights;annual:2011:results:discussion,
annual,2011,avibase-F558C7F9,draft,annual:2011:species:avibase-F558C7F9,annual:2011:monitoring:methods;annual:2011:monitoring:effort;annual:2011:weather:july;annual:2011:weather:august;annual:2011:weather:september;annual:2011:weather:october;annual:2011:weather:november;annual:2011:results:overview;annual:2011:results:highlights;annual:2011:results:discussion,
annual,2011,avibase-63B6412E,draft,annual:2011:species:avibase-63B6412E,annual:2011:monitoring:methods;annual:2011:monitoring:effort;annual:2011:weather:july;annual:2011:weather:august;annual:2011:weather:september;annual:2011:weather:october;annual:2011:weather:november;annual:2011:results:overview;annual:2011:results:highlights;annual:2011:results:discussion,
annual,2011,avibase-E2A19474,draft,annual:2011:species:avibase-E2A19474,annual:2011:monitoring:methods;annual:2011:monitoring:effort;annual:2011:weather:july;annual:2011:weather:august;annual:2011:weather:september;annual:2011:weather:october;annual:2011:weather:november;annual:2011:results:overview;annual:2011:results:highlights;annual:2011:results:discussion,
annual,2011,avibase-90B13ACF,draft,annual:2011:species:avibase-90B13ACF,annual:2011:monitoring:methods;annual:2011:monitoring:effort;annual:2011:weather:july;annual:2011:weather:august;annual:2011:weather:september;annual:2011:weather:october;annual:2011:weather:november;annual:2011:results:overview;annual:2011:results:highlights;annual:2011:results:discussion,
annual,2011,avibase-3C0C325D,draft,annual:2011:species:avibase-3C0C325D,annual:2011:monitoring:methods;annual:2011:monitoring:effort;annual:2011:weather:july;annual:2011:weather:august;annual:2011:weather:september;annual:2011:weather:october;annual:2011:weather:november;annual:2011:results:overview;annual:2011:results:highlights;annual:2011:results:discussion,
annual,2011,avibase-56CCA717,numerical_or_list_only,annual:2011:species:avibase-56CCA717,annual:2011:monitoring:methods;annual:2011:monitoring:effort;annual:2011:weather:july;annual:2011:weather:august;annual:2011:weather:september;annual:2011:weather:october;annual:2011:weather:november;annual:2011:results:overview;annual:2011:results:highlights;annual:2011:results:discussion,"Only counts, dates or a short age/sex list; leave narrative empty."
annual,2011,avibase-D4C32F8E,draft,annual:2011:species:avibase-D4C32F8E,annual:2011:monitoring:methods;annual:2011:monitoring:effort;annual:2011:weather:july;annual:2011:weather:august;annual:2011:weather:september;annual:2011:weather:october;annual:2011:weather:november;annual:2011:results:overview;annual:2011:results:highlights;annual:2011:results:discussion,
annual,2011,avibase-28825494,draft,annual:2011:species:avibase-28825494,annual:2011:monitoring:methods;annual:2011:monitoring:effort;annual:2011:weather:july;annual:2011:weather:august;annual:2011:weather:september;annual:2011:weather:october;annual:2011:weather:november;annual:2011:results:overview;annual:2011:results:highlights;annual:2011:results:discussion,
annual,2011,avibase-E2817DAE,draft,annual:2011:species:avibase-E2817DAE,annual:2011:monitoring:methods;annual:2011:monitoring:effort;annual:2011:weather:july;annual:2011:weather:august;annual:2011:weather:september;annual:2011:weather:october;annual:2011:weather:november;annual:2011:results:overview;annual:2011:results:highlights;annual:2011:results:discussion,
annual,2011,avibase-8372FFBA,draft,annual:2011:species:avibase-8372FFBA,annual:2011:monitoring:methods;annual:2011:monitoring:effort;annual:2011:weather:july;annual:2011:weather:august;annual:2011:weather:september;annual:2011:weather:october;annual:2011:weather:november;annual:2011:results:overview;annual:2011:results:highlights;annual:2011:results:discussion,
annual,2011,avibase-1078FFEA,draft,annual:2011:species:avibase-1078FFEA,annual:2011:monitoring:methods;annual:2011:monitoring:effort;annual:2011:weather:july;annual:2011:weather:august;annual:2011:weather:september;annual:2011:weather:october;annual:2011:weather:november;annual:2011:results:overview;annual:2011:results:highlights;annual:2011:results:discussion,
annual,2011,avibase-2DAB45B8,draft,annual:2011:species:avibase-2DAB45B8,annual:2011:monitoring:methods;annual:2011:monitoring:effort;annual:2011:weather:july;annual:2011:weather:august;annual:2011:weather:september;annual:2011:weather:october;annual:2011:weather:november;annual:2011:results:overview;annual:2011:results:highlights;annual:2011:results:discussion,
annual,2011,avibase-E91E287A,draft,annual:2011:species:avibase-E91E287A,annual:2011:monitoring:methods;annual:2011:monitoring:effort;annual:2011:weather:july;annual:2011:weather:august;annual:2011:weather:september;annual:2011:weather:october;annual:2011:weather:november;annual:2011:results:overview;annual:2011:results:highlights;annual:2011:results:discussion,
annual,2011,avibase-47E58408,numerical_or_list_only,annual:2011:species:avibase-47E58408,annual:2011:monitoring:methods;annual:2011:monitoring:effort;annual:2011:weather:july;annual:2011:weather:august;annual:2011:weather:september;annual:2011:weather:october;annual:2011:weather:november;annual:2011:results:overview;annual:2011:results:highlights;annual:2011:results:discussion,"Only counts, dates or a short age/sex list; leave narrative empty."
annual,2011,avibase-F3DA111C,draft,annual:2011:species:avibase-F3DA111C,annual:2011:monitoring:methods;annual:2011:monitoring:effort;annual:2011:weather:july;annual:2011:weather:august;annual:2011:weather:september;annual:2011:weather:october;annual:2011:weather:november;annual:2011:results:overview;annual:2011:results:highlights;annual:2011:results:discussion,
annual,2011,avibase-A96692E0,numerical_or_list_only,annual:2011:species:avibase-A96692E0,annual:2011:monitoring:methods;annual:2011:monitoring:effort;annual:2011:weather:july;annual:2011:weather:august;annual:2011:weather:september;annual:2011:weather:october;annual:2011:weather:november;annual:2011:results:overview;annual:2011:results:highlights;annual:2011:results:discussion,"Only counts, dates or a short age/sex list; leave narrative empty."
annual,2011,avibase-3DF5C587,draft,annual:2011:species:avibase-3DF5C587,annual:2011:monitoring:methods;annual:2011:monitoring:effort;annual:2011:weather:july;annual:2011:weather:august;annual:2011:weather:september;annual:2011:weather:october;annual:2011:weather:november;annual:2011:results:overview;annual:2011:results:highlights;annual:2011:results:discussion,
annual,2011,avibase-49D9148A,draft,annual:2011:species:avibase-49D9148A,annual:2011:monitoring:methods;annual:2011:monitoring:effort;annual:2011:weather:july;annual:2011:weather:august;annual:2011:weather:september;annual:2011:weather:october;annual:2011:weather:november;annual:2011:results:overview;annual:2011:results:highlights;annual:2011:results:discussion,
annual,2011,avibase-99B8841E,draft,annual:2011:species:avibase-99B8841E,annual:2011:monitoring:methods;annual:2011:monitoring:effort;annual:2011:weather:july;annual:2011:weather:august;annual:2011:weather:september;annual:2011:weather:october;annual:2011:weather:november;annual:2011:results:overview;annual:2011:results:highlights;annual:2011:results:discussion,
annual,2011,avibase-407E2CA8,draft,annual:2011:species:avibase-407E2CA8,annual:2011:monitoring:methods;annual:2011:monitoring:effort;annual:2011:weather:july;annual:2011:weather:august;annual:2011:weather:september;annual:2011:weather:october;annual:2011:weather:november;annual:2011:results:overview;annual:2011:results:highlights;annual:2011:results:discussion,
annual,2011,avibase-30FEC6BE,draft,annual:2011:species:avibase-30FEC6BE,annual:2011:monitoring:methods;annual:2011:monitoring:effort;annual:2011:weather:july;annual:2011:weather:august;annual:2011:weather:september;annual:2011:weather:october;annual:2011:weather:november;annual:2011:results:overview;annual:2011:results:highlights;annual:2011:results:discussion,
annual,2011,avibase-94A1C447,draft,annual:2011:species:avibase-94A1C447,annual:2011:monitoring:methods;annual:2011:monitoring:effort;annual:2011:weather:july;annual:2011:weather:august;annual:2011:weather:september;annual:2011:weather:october;annual:2011:weather:november;annual:2011:results:overview;annual:2011:results:highlights;annual:2011:results:discussion,
annual,2011,avibase-6429024D,draft,annual:2011:species:avibase-6429024D,annual:2011:monitoring:methods;annual:2011:monitoring:effort;annual:2011:weather:july;annual:2011:weather:august;annual:2011:weather:september;annual:2011:weather:october;annual:2011:weather:november;annual:2011:results:overview;annual:2011:results:highlights;annual:2011:results:discussion,
annual,2011,avibase-06D9A2C8,draft,annual:2011:species:avibase-06D9A2C8,annual:2011:monitoring:methods;annual:2011:monitoring:effort;annual:2011:weather:july;annual:2011:weather:august;annual:2011:weather:september;annual:2011:weather:october;annual:2011:weather:november;annual:2011:results:overview;annual:2011:results:highlights;annual:2011:results:discussion,
annual,2011,avibase-451D6FC8,draft,annual:2011:species:avibase-451D6FC8,annual:2011:monitoring:methods;annual:2011:monitoring:effort;annual:2011:weather:july;annual:2011:weather:august;annual:2011:weather:september;annual:2011:weather:october;annual:2011:weather:november;annual:2011:results:overview;annual:2011:results:highlights;annual:2011:results:discussion,
annual,2011,avibase-4AED44E8,draft,annual:2011:species:avibase-4AED44E8,annual:2011:monitoring:methods;annual:2011:monitoring:effort;annual:2011:weather:july;annual:2011:weather:august;annual:2011:weather:september;annual:2011:weather:october;annual:2011:weather:november;annual:2011:results:overview;annual:2011:results:highlights;annual:2011:results:discussion,
annual,2011,avibase-68E4C0D1,draft,annual:2011:species:avibase-68E4C0D1,annual:2011:monitoring:methods;annual:2011:monitoring:effort;annual:2011:weather:july;annual:2011:weather:august;annual:2011:weather:september;annual:2011:weather:october;annual:2011:weather:november;annual:2011:results:overview;annual:2011:results:highlights;annual:2011:results:discussion,
annual,2011,avibase-760F307A,draft,annual:2011:species:avibase-760F307A,annual:2011:monitoring:methods;annual:2011:monitoring:effort;annual:2011:weather:july;annual:2011:weather:august;annual:2011:weather:september;annual:2011:weather:october;annual:2011:weather:november;annual:2011:results:overview;annual:2011:results:highlights;annual:2011:results:discussion,
annual,2011,avibase-DB376A66,draft,annual:2011:species:avibase-DB376A66,annual:2011:monitoring:methods;annual:2011:monitoring:effort;annual:2011:weather:july;annual:2011:weather:august;annual:2011:weather:september;annual:2011:weather:october;annual:2011:weather:november;annual:2011:results:overview;annual:2011:results:highlights;annual:2011:results:discussion,
annual,2012,avibase-ED2AC04E,draft,annual:2012:species:avibase-ED2AC04E,annual:2012:monitoring:methods;annual:2012:monitoring:effort;annual:2012:weather:july;annual:2012:weather:august;annual:2012:weather:september;annual:2012:weather:october;annual:2012:weather:november;annual:2012:weather:december;annual:2012:results:overview;annual:2012:results:highlights;annual:2012:results:discussion,
annual,2012,avibase-742EC2F1,draft,annual:2012:species:avibase-742EC2F1,annual:2012:monitoring:methods;annual:2012:monitoring:effort;annual:2012:weather:july;annual:2012:weather:august;annual:2012:weather:september;annual:2012:weather:october;annual:2012:weather:november;annual:2012:weather:december;annual:2012:results:overview;annual:2012:results:highlights;annual:2012:results:discussion,
annual,2012,avibase-95DD1855,numerical_or_list_only,annual:2012:species:avibase-95DD1855,annual:2012:monitoring:methods;annual:2012:monitoring:effort;annual:2012:weather:july;annual:2012:weather:august;annual:2012:weather:september;annual:2012:weather:october;annual:2012:weather:november;annual:2012:weather:december;annual:2012:results:overview;annual:2012:results:highlights;annual:2012:results:discussion,"Only counts, dates or a short age/sex list; leave narrative empty."
annual,2012,avibase-1327AC55,draft,annual:2012:species:avibase-1327AC55,annual:2012:monitoring:methods;annual:2012:monitoring:effort;annual:2012:weather:july;annual:2012:weather:august;annual:2012:weather:september;annual:2012:weather:october;annual:2012:weather:november;annual:2012:weather:december;annual:2012:results:overview;annual:2012:results:highlights;annual:2012:results:discussion,
annual,2012,avibase-ED5A7E8F,draft,annual:2012:species:avibase-ED5A7E8F,annual:2012:monitoring:methods;annual:2012:monitoring:effort;annual:2012:weather:july;annual:2012:weather:august;annual:2012:weather:september;annual:2012:weather:october;annual:2012:weather:november;annual:2012:weather:december;annual:2012:results:overview;annual:2012:results:highlights;annual:2012:results:discussion,
annual,2012,avibase-F558C7F9,draft,annual:2012:species:avibase-F558C7F9,annual:2012:monitoring:methods;annual:2012:monitoring:effort;annual:2012:weather:july;annual:2012:weather:august;annual:2012:weather:september;annual:2012:weather:october;annual:2012:weather:november;annual:2012:weather:december;annual:2012:results:overview;annual:2012:results:highlights;annual:2012:results:discussion,
annual,2012,avibase-63B6412E,draft,annual:2012:species:avibase-63B6412E,annual:2012:monitoring:methods;annual:2012:monitoring:effort;annual:2012:weather:july;annual:2012:weather:august;annual:2012:weather:september;annual:2012:weather:october;annual:2012:weather:november;annual:2012:weather:december;annual:2012:results:overview;annual:2012:results:highlights;annual:2012:results:discussion,
annual,2012,avibase-E2A19474,draft,annual:2012:species:avibase-E2A19474,annual:2012:monitoring:methods;annual:2012:monitoring:effort;annual:2012:weather:july;annual:2012:weather:august;annual:2012:weather:september;annual:2012:weather:october;annual:2012:weather:november;annual:2012:weather:december;annual:2012:results:overview;annual:2012:results:highlights;annual:2012:results:discussion,
annual,2012,avibase-3C0C325D,draft,annual:2012:species:avibase-3C0C325D,annual:2012:monitoring:methods;annual:2012:monitoring:effort;annual:2012:weather:july;annual:2012:weather:august;annual:2012:weather:september;annual:2012:weather:october;annual:2012:weather:november;annual:2012:weather:december;annual:2012:results:overview;annual:2012:results:highlights;annual:2012:results:discussion,
annual,2012,avibase-85625D75,numerical_or_list_only,annual:2012:species:avibase-85625D75,annual:2012:monitoring:methods;annual:2012:monitoring:effort;annual:2012:weather:july;annual:2012:weather:august;annual:2012:weather:september;annual:2012:weather:october;annual:2012:weather:november;annual:2012:weather:december;annual:2012:results:overview;annual:2012:results:highlights;annual:2012:results:discussion,"Only counts, dates or a short age/sex list; leave narrative empty."
annual,2012,avibase-56CCA717,numerical_or_list_only,annual:2012:species:avibase-56CCA717,annual:2012:monitoring:methods;annual:2012:monitoring:effort;annual:2012:weather:july;annual:2012:weather:august;annual:2012:weather:september;annual:2012:weather:october;annual:2012:weather:november;annual:2012:weather:december;annual:2012:results:overview;annual:2012:results:highlights;annual:2012:results:discussion,"Only counts, dates or a short age/sex list; leave narrative empty."
annual,2012,avibase-D4C32F8E,draft,annual:2012:species:avibase-D4C32F8E,annual:2012:monitoring:methods;annual:2012:monitoring:effort;annual:2012:weather:july;annual:2012:weather:august;annual:2012:weather:september;annual:2012:weather:october;annual:2012:weather:november;annual:2012:weather:december;annual:2012:results:overview;annual:2012:results:highlights;annual:2012:results:discussion,
annual,2012,avibase-28825494,draft,annual:2012:species:avibase-28825494,annual:2012:monitoring:methods;annual:2012:monitoring:effort;annual:2012:weather:july;annual:2012:weather:august;annual:2012:weather:september;annual:2012:weather:october;annual:2012:weather:november;annual:2012:weather:december;annual:2012:results:overview;annual:2012:results:highlights;annual:2012:results:discussion,
annual,2012,avibase-E2817DAE,draft,annual:2012:species:avibase-E2817DAE,annual:2012:monitoring:methods;annual:2012:monitoring:effort;annual:2012:weather:july;annual:2012:weather:august;annual:2012:weather:september;annual:2012:weather:october;annual:2012:weather:november;annual:2012:weather:december;annual:2012:results:overview;annual:2012:results:highlights;annual:2012:results:discussion,
annual,2012,avibase-8372FFBA,draft,annual:2012:species:avibase-8372FFBA,annual:2012:monitoring:methods;annual:2012:monitoring:effort;annual:2012:weather:july;annual:2012:weather:august;annual:2012:weather:september;annual:2012:weather:october;annual:2012:weather:november;annual:2012:weather:december;annual:2012:results:overview;annual:2012:results:highlights;annual:2012:results:discussion,
annual,2012,avibase-1078FFEA,draft,annual:2012:species:avibase-1078FFEA,annual:2012:monitoring:methods;annual:2012:monitoring:effort;annual:2012:weather:july;annual:2012:weather:august;annual:2012:weather:september;annual:2012:weather:october;annual:2012:weather:november;annual:2012:weather:december;annual:2012:results:overview;annual:2012:results:highlights;annual:2012:results:discussion,
annual,2012,avibase-3BB5CBA6,numerical_or_list_only,annual:2012:species:avibase-3BB5CBA6,annual:2012:monitoring:methods;annual:2012:monitoring:effort;annual:2012:weather:july;annual:2012:weather:august;annual:2012:weather:september;annual:2012:weather:october;annual:2012:weather:november;annual:2012:weather:december;annual:2012:results:overview;annual:2012:results:highlights;annual:2012:results:discussion,"Only counts, dates or a short age/sex list; leave narrative empty."
annual,2012,avibase-082F3A63,numerical_or_list_only,annual:2012:species:avibase-082F3A63,annual:2012:monitoring:methods;annual:2012:monitoring:effort;annual:2012:weather:july;annual:2012:weather:august;annual:2012:weather:september;annual:2012:weather:october;annual:2012:weather:november;annual:2012:weather:december;annual:2012:results:overview;annual:2012:results:highlights;annual:2012:results:discussion,"Only counts, dates or a short age/sex list; leave narrative empty."
annual,2012,avibase-2DAB45B8,draft,annual:2012:species:avibase-2DAB45B8,annual:2012:monitoring:methods;annual:2012:monitoring:effort;annual:2012:weather:july;annual:2012:weather:august;annual:2012:weather:september;annual:2012:weather:october;annual:2012:weather:november;annual:2012:weather:december;annual:2012:results:overview;annual:2012:results:highlights;annual:2012:results:discussion,
annual,2012,avibase-E91E287A,draft,annual:2012:species:avibase-E91E287A,annual:2012:monitoring:methods;annual:2012:monitoring:effort;annual:2012:weather:july;annual:2012:weather:august;annual:2012:weather:september;annual:2012:weather:october;annual:2012:weather:november;annual:2012:weather:december;annual:2012:results:overview;annual:2012:results:highlights;annual:2012:results:discussion,
annual,2012,avibase-47E58408,numerical_or_list_only,annual:2012:species:avibase-47E58408,annual:2012:monitoring:methods;annual:2012:monitoring:effort;annual:2012:weather:july;annual:2012:weather:august;annual:2012:weather:september;annual:2012:weather:october;annual:2012:weather:november;annual:2012:weather:december;annual:2012:results:overview;annual:2012:results:highlights;annual:2012:results:discussion,"Only counts, dates or a short age/sex list; leave narrative empty."
annual,2012,avibase-F3DA111C,draft,annual:2012:species:avibase-F3DA111C,annual:2012:monitoring:methods;annual:2012:monitoring:effort;annual:2012:weather:july;annual:2012:weather:august;annual:2012:weather:september;annual:2012:weather:october;annual:2012:weather:november;annual:2012:weather:december;annual:2012:results:overview;annual:2012:results:highlights;annual:2012:results:discussion,
annual,2012,avibase-A96692E0,numerical_or_list_only,annual:2012:species:avibase-A96692E0,annual:2012:monitoring:methods;annual:2012:monitoring:effort;annual:2012:weather:july;annual:2012:weather:august;annual:2012:weather:september;annual:2012:weather:october;annual:2012:weather:november;annual:2012:weather:december;annual:2012:results:overview;annual:2012:results:highlights;annual:2012:results:discussion,"Only counts, dates or a short age/sex list; leave narrative empty."
annual,2012,avibase-D8D10F2C,draft,annual:2012:species:avibase-D8D10F2C,annual:2012:monitoring:methods;annual:2012:monitoring:effort;annual:2012:weather:july;annual:2012:weather:august;annual:2012:weather:september;annual:2012:weather:october;annual:2012:weather:november;annual:2012:weather:december;annual:2012:results:overview;annual:2012:results:highlights;annual:2012:results:discussion,
annual,2012,avibase-3DF5C587,draft,annual:2012:species:avibase-3DF5C587,annual:2012:monitoring:methods;annual:2012:monitoring:effort;annual:2012:weather:july;annual:2012:weather:august;annual:2012:weather:september;annual:2012:weather:october;annual:2012:weather:november;annual:2012:weather:december;annual:2012:results:overview;annual:2012:results:highlights;annual:2012:results:discussion,
annual,2012,avibase-49D9148A,draft,annual:2012:species:avibase-49D9148A,annual:2012:monitoring:methods;annual:2012:monitoring:effort;annual:2012:weather:july;annual:2012:weather:august;annual:2012:weather:september;annual:2012:weather:october;annual:2012:weather:november;annual:2012:weather:december;annual:2012:results:overview;annual:2012:results:highlights;annual:2012:results:discussion,
annual,2012,avibase-99B8841E,draft,annual:2012:species:avibase-99B8841E,annual:2012:monitoring:methods;annual:2012:monitoring:effort;annual:2012:weather:july;annual:2012:weather:august;annual:2012:weather:september;annual:2012:weather:october;annual:2012:weather:november;annual:2012:weather:december;annual:2012:results:overview;annual:2012:results:highlights;annual:2012:results:discussion,
annual,2012,avibase-407E2CA8,draft,annual:2012:species:avibase-407E2CA8,annual:2012:monitoring:methods;annual:2012:monitoring:effort;annual:2012:weather:july;annual:2012:weather:august;annual:2012:weather:september;annual:2012:weather:october;annual:2012:weather:november;annual:2012:weather:december;annual:2012:results:overview;annual:2012:results:highlights;annual:2012:results:discussion,
annual,2012,avibase-8F123A11,numerical_or_list_only,annual:2012:species:avibase-8F123A11,annual:2012:monitoring:methods;annual:2012:monitoring:effort;annual:2012:weather:july;annual:2012:weather:august;annual:2012:weather:september;annual:2012:weather:october;annual:2012:weather:november;annual:2012:weather:december;annual:2012:results:overview;annual:2012:results:highlights;annual:2012:results:discussion,"Only counts, dates or a short age/sex list; leave narrative empty."
annual,2012,avibase-30FEC6BE,draft,annual:2012:species:avibase-30FEC6BE,annual:2012:monitoring:methods;annual:2012:monitoring:effort;annual:2012:weather:july;annual:2012:weather:august;annual:2012:weather:september;annual:2012:weather:october;annual:2012:weather:november;annual:2012:weather:december;annual:2012:results:overview;annual:2012:results:highlights;annual:2012:results:discussion,
annual,2012,avibase-94A1C447,draft,annual:2012:species:avibase-94A1C447,annual:2012:monitoring:methods;annual:2012:monitoring:effort;annual:2012:weather:july;annual:2012:weather:august;annual:2012:weather:september;annual:2012:weather:october;annual:2012:weather:november;annual:2012:weather:december;annual:2012:results:overview;annual:2012:results:highlights;annual:2012:results:discussion,
annual,2012,avibase-6F2AF9D0,draft,annual:2012:species:avibase-6F2AF9D0,annual:2012:monitoring:methods;annual:2012:monitoring:effort;annual:2012:weather:july;annual:2012:weather:august;annual:2012:weather:september;annual:2012:weather:october;annual:2012:weather:november;annual:2012:weather:december;annual:2012:results:overview;annual:2012:results:highlights;annual:2012:results:discussion,
annual,2012,avibase-58C502EA,draft,annual:2012:species:avibase-58C502EA,annual:2012:monitoring:methods;annual:2012:monitoring:effort;annual:2012:weather:july;annual:2012:weather:august;annual:2012:weather:september;annual:2012:weather:october;annual:2012:weather:november;annual:2012:weather:december;annual:2012:results:overview;annual:2012:results:highlights;annual:2012:results:discussion,
annual,2012,avibase-6429024D,draft,annual:2012:species:avibase-6429024D,annual:2012:monitoring:methods;annual:2012:monitoring:effort;annual:2012:weather:july;annual:2012:weather:august;annual:2012:weather:september;annual:2012:weather:october;annual:2012:weather:november;annual:2012:weather:december;annual:2012:results:overview;annual:2012:results:highlights;annual:2012:results:discussion,
annual,2012,avibase-39086887,draft,annual:2012:species:avibase-39086887,annual:2012:monitoring:methods;annual:2012:monitoring:effort;annual:2012:weather:july;annual:2012:weather:august;annual:2012:weather:september;annual:2012:weather:october;annual:2012:weather:november;annual:2012:weather:december;annual:2012:results:overview;annual:2012:results:highlights;annual:2012:results:discussion,
annual,2012,avibase-4E6EF3F9,draft,annual:2012:species:avibase-4E6EF3F9,annual:2012:monitoring:methods;annual:2012:monitoring:effort;annual:2012:weather:july;annual:2012:weather:august;annual:2012:weather:september;annual:2012:weather:october;annual:2012:weather:november;annual:2012:weather:december;annual:2012:results:overview;annual:2012:results:highlights;annual:2012:results:discussion,
annual,2012,avibase-FA1CAD29,draft,annual:2012:species:avibase-FA1CAD29,annual:2012:monitoring:methods;annual:2012:monitoring:effort;annual:2012:weather:july;annual:2012:weather:august;annual:2012:weather:september;annual:2012:weather:october;annual:2012:weather:november;annual:2012:weather:december;annual:2012:results:overview;annual:2012:results:highlights;annual:2012:results:discussion,
annual,2012,avibase-06D9A2C8,draft,annual:2012:species:avibase-06D9A2C8,annual:2012:monitoring:methods;annual:2012:monitoring:effort;annual:2012:weather:july;annual:2012:weather:august;annual:2012:weather:september;annual:2012:weather:october;annual:2012:weather:november;annual:2012:weather:december;annual:2012:results:overview;annual:2012:results:highlights;annual:2012:results:discussion,
annual,2012,avibase-451D6FC8,draft,annual:2012:species:avibase-451D6FC8,annual:2012:monitoring:methods;annual:2012:monitoring:effort;annual:2012:weather:july;annual:2012:weather:august;annual:2012:weather:september;annual:2012:weather:october;annual:2012:weather:november;annual:2012:weather:december;annual:2012:results:overview;annual:2012:results:highlights;annual:2012:results:discussion,
annual,2012,avibase-052BFA8A,numerical_or_list_only,annual:2012:species:avibase-052BFA8A,annual:2012:monitoring:methods;annual:2012:monitoring:effort;annual:2012:weather:july;annual:2012:weather:august;annual:2012:weather:september;annual:2012:weather:october;annual:2012:weather:november;annual:2012:weather:december;annual:2012:results:overview;annual:2012:results:highlights;annual:2012:results:discussion,"Only counts, dates or a short age/sex list; leave narrative empty."
annual,2012,avibase-4AED44E8,numerical_or_list_only,annual:2012:species:avibase-4AED44E8,annual:2012:monitoring:methods;annual:2012:monitoring:effort;annual:2012:weather:july;annual:2012:weather:august;annual:2012:weather:september;annual:2012:weather:october;annual:2012:weather:november;annual:2012:weather:december;annual:2012:results:overview;annual:2012:results:highlights;annual:2012:results:discussion,"Only counts, dates or a short age/sex list; leave narrative empty."
annual,2012,avibase-A0148BE3,numerical_or_list_only,annual:2012:species:avibase-A0148BE3,annual:2012:monitoring:methods;annual:2012:monitoring:effort;annual:2012:weather:july;annual:2012:weather:august;annual:2012:weather:september;annual:2012:weather:october;annual:2012:weather:november;annual:2012:weather:december;annual:2012:results:overview;annual:2012:results:highlights;annual:2012:results:discussion,"Only counts, dates or a short age/sex list; leave narrative empty."
annual,2012,avibase-68E4C0D1,draft,annual:2012:species:avibase-68E4C0D1,annual:2012:monitoring:methods;annual:2012:monitoring:effort;annual:2012:weather:july;annual:2012:weather:august;annual:2012:weather:september;annual:2012:weather:october;annual:2012:weather:november;annual:2012:weather:december;annual:2012:results:overview;annual:2012:results:highlights;annual:2012:results:discussion,
annual,2012,avibase-760F307A,draft,annual:2012:species:avibase-760F307A,annual:2012:monitoring:methods;annual:2012:monitoring:effort;annual:2012:weather:july;annual:2012:weather:august;annual:2012:weather:september;annual:2012:weather:october;annual:2012:weather:november;annual:2012:weather:december;annual:2012:results:overview;annual:2012:results:highlights;annual:2012:results:discussion,
annual,2012,avibase-6364E4A5,draft,annual:2012:species:avibase-6364E4A5,annual:2012:monitoring:methods;annual:2012:monitoring:effort;annual:2012:weather:july;annual:2012:weather:august;annual:2012:weather:september;annual:2012:weather:october;annual:2012:weather:november;annual:2012:weather:december;annual:2012:results:overview;annual:2012:results:highlights;annual:2012:results:discussion,
annual,2012,avibase-5D1987CE,numerical_or_list_only,annual:2012:species:avibase-5D1987CE,annual:2012:monitoring:methods;annual:2012:monitoring:effort;annual:2012:weather:july;annual:2012:weather:august;annual:2012:weather:september;annual:2012:weather:october;annual:2012:weather:november;annual:2012:weather:december;annual:2012:results:overview;annual:2012:results:highlights;annual:2012:results:discussion,"Only counts, dates or a short age/sex list; leave narrative empty."
annual,2012,avibase-DB376A66,draft,annual:2012:species:avibase-DB376A66,annual:2012:monitoring:methods;annual:2012:monitoring:effort;annual:2012:weather:july;annual:2012:weather:august;annual:2012:weather:september;annual:2012:weather:october;annual:2012:weather:november;annual:2012:weather:december;annual:2012:results:overview;annual:2012:results:highlights;annual:2012:results:discussion,
annual,2013,avibase-BAC4CA22,draft,annual:2013:species:avibase-BAC4CA22,annual:2013:monitoring:methods;annual:2013:monitoring:effort;annual:2013:weather:july;annual:2013:weather:august;annual:2013:weather:september;annual:2013:weather:october;annual:2013:weather:november;annual:2013:results:overview;annual:2013:results:highlights;annual:2013:results:discussion,
annual,2013,avibase-A635F565,draft,annual:2013:species:avibase-A635F565,annual:2013:monitoring:methods;annual:2013:monitoring:effort;annual:2013:weather:july;annual:2013:weather:august;annual:2013:weather:september;annual:2013:weather:october;annual:2013:weather:november;annual:2013:results:overview;annual:2013:results:highlights;annual:2013:results:discussion,
annual,2013,avibase-C2565B65,draft,annual:2013:species:avibase-C2565B65,annual:2013:monitoring:methods;annual:2013:monitoring:effort;annual:2013:weather:july;annual:2013:weather:august;annual:2013:weather:september;annual:2013:weather:october;annual:2013:weather:november;annual:2013:results:overview;annual:2013:results:highlights;annual:2013:results:discussion,
annual,2013,avibase-5F8E7CA8,draft,annual:2013:species:avibase-5F8E7CA8,annual:2013:monitoring:methods;annual:2013:monitoring:effort;annual:2013:weather:july;annual:2013:weather:august;annual:2013:weather:september;annual:2013:weather:october;annual:2013:weather:november;annual:2013:results:overview;annual:2013:results:highlights;annual:2013:results:discussion,
annual,2013,avibase-ED2AC04E,draft,annual:2013:species:avibase-ED2AC04E,annual:2013:monitoring:methods;annual:2013:monitoring:effort;annual:2013:weather:july;annual:2013:weather:august;annual:2013:weather:september;annual:2013:weather:october;annual:2013:weather:november;annual:2013:results:overview;annual:2013:results:highlights;annual:2013:results:discussion,
annual,2013,avibase-742EC2F1,draft,annual:2013:species:avibase-742EC2F1,annual:2013:monitoring:methods;annual:2013:monitoring:effort;annual:2013:weather:july;annual:2013:weather:august;annual:2013:weather:september;annual:2013:weather:october;annual:2013:weather:november;annual:2013:results:overview;annual:2013:results:highlights;annual:2013:results:discussion,
annual,2013,avibase-95DD1855,numerical_or_list_only,annual:2013:species:avibase-95DD1855,annual:2013:monitoring:methods;annual:2013:monitoring:effort;annual:2013:weather:july;annual:2013:weather:august;annual:2013:weather:september;annual:2013:weather:october;annual:2013:weather:november;annual:2013:results:overview;annual:2013:results:highlights;annual:2013:results:discussion,"Only counts, dates or a short age/sex list; leave narrative empty."
annual,2013,avibase-1327AC55,draft,annual:2013:species:avibase-1327AC55,annual:2013:monitoring:methods;annual:2013:monitoring:effort;annual:2013:weather:july;annual:2013:weather:august;annual:2013:weather:september;annual:2013:weather:october;annual:2013:weather:november;annual:2013:results:overview;annual:2013:results:highlights;annual:2013:results:discussion,
annual,2013,avibase-ED5A7E8F,draft,annual:2013:species:avibase-ED5A7E8F,annual:2013:monitoring:methods;annual:2013:monitoring:effort;annual:2013:weather:july;annual:2013:weather:august;annual:2013:weather:september;annual:2013:weather:october;annual:2013:weather:november;annual:2013:results:overview;annual:2013:results:highlights;annual:2013:results:discussion,
annual,2013,avibase-F558C7F9,draft,annual:2013:species:avibase-F558C7F9,annual:2013:monitoring:methods;annual:2013:monitoring:effort;annual:2013:weather:july;annual:2013:weather:august;annual:2013:weather:september;annual:2013:weather:october;annual:2013:weather:november;annual:2013:results:overview;annual:2013:results:highlights;annual:2013:results:discussion,
annual,2013,avibase-63B6412E,draft,annual:2013:species:avibase-63B6412E,annual:2013:monitoring:methods;annual:2013:monitoring:effort;annual:2013:weather:july;annual:2013:weather:august;annual:2013:weather:september;annual:2013:weather:october;annual:2013:weather:november;annual:2013:results:overview;annual:2013:results:highlights;annual:2013:results:discussion,
annual,2013,avibase-E2A19474,draft,annual:2013:species:avibase-E2A19474,annual:2013:monitoring:methods;annual:2013:monitoring:effort;annual:2013:weather:july;annual:2013:weather:august;annual:2013:weather:september;annual:2013:weather:october;annual:2013:weather:november;annual:2013:results:overview;annual:2013:results:highlights;annual:2013:results:discussion,
annual,2013,avibase-22647E26,draft,annual:2013:species:avibase-22647E26,annual:2013:monitoring:methods;annual:2013:monitoring:effort;annual:2013:weather:july;annual:2013:weather:august;annual:2013:weather:september;annual:2013:weather:october;annual:2013:weather:november;annual:2013:results:overview;annual:2013:results:highlights;annual:2013:results:discussion,
annual,2013,avibase-3C0C325D,draft,annual:2013:species:avibase-3C0C325D,annual:2013:monitoring:methods;annual:2013:monitoring:effort;annual:2013:weather:july;annual:2013:weather:august;annual:2013:weather:september;annual:2013:weather:october;annual:2013:weather:november;annual:2013:results:overview;annual:2013:results:highlights;annual:2013:results:discussion,
annual,2013,avibase-D4C32F8E,draft,annual:2013:species:avibase-D4C32F8E,annual:2013:monitoring:methods;annual:2013:monitoring:effort;annual:2013:weather:july;annual:2013:weather:august;annual:2013:weather:september;annual:2013:weather:october;annual:2013:weather:november;annual:2013:results:overview;annual:2013:results:highlights;annual:2013:results:discussion,
annual,2013,avibase-28825494,draft,annual:2013:species:avibase-28825494,annual:2013:monitoring:methods;annual:2013:monitoring:effort;annual:2013:weather:july;annual:2013:weather:august;annual:2013:weather:september;annual:2013:weather:october;annual:2013:weather:november;annual:2013:results:overview;annual:2013:results:highlights;annual:2013:results:discussion,
annual,2013,avibase-E2817DAE,draft,annual:2013:species:avibase-E2817DAE,annual:2013:monitoring:methods;annual:2013:monitoring:effort;annual:2013:weather:july;annual:2013:weather:august;annual:2013:weather:september;annual:2013:weather:october;annual:2013:weather:november;annual:2013:results:overview;annual:2013:results:highlights;annual:2013:results:discussion,
annual,2013,avibase-8372FFBA,numerical_or_list_only,annual:2013:species:avibase-8372FFBA,annual:2013:monitoring:methods;annual:2013:monitoring:effort;annual:2013:weather:july;annual:2013:weather:august;annual:2013:weather:september;annual:2013:weather:october;annual:2013:weather:november;annual:2013:results:overview;annual:2013:results:highlights;annual:2013:results:discussion,"Only counts, dates or a short age/sex list; leave narrative empty."
annual,2013,avibase-1078FFEA,draft,annual:2013:species:avibase-1078FFEA,annual:2013:monitoring:methods;annual:2013:monitoring:effort;annual:2013:weather:july;annual:2013:weather:august;annual:2013:weather:september;annual:2013:weather:october;annual:2013:weather:november;annual:2013:results:overview;annual:2013:results:highlights;annual:2013:results:discussion,
annual,2013,avibase-2DAB45B8,draft,annual:2013:species:avibase-2DAB45B8,annual:2013:monitoring:methods;annual:2013:monitoring:effort;annual:2013:weather:july;annual:2013:weather:august;annual:2013:weather:september;annual:2013:weather:october;annual:2013:weather:november;annual:2013:results:overview;annual:2013:results:highlights;annual:2013:results:discussion,
annual,2013,avibase-E91E287A,draft,annual:2013:species:avibase-E91E287A,annual:2013:monitoring:methods;annual:2013:monitoring:effort;annual:2013:weather:july;annual:2013:weather:august;annual:2013:weather:september;annual:2013:weather:october;annual:2013:weather:november;annual:2013:results:overview;annual:2013:results:highlights;annual:2013:results:discussion,
annual,2013,avibase-47E58408,numerical_or_list_only,annual:2013:species:avibase-47E58408,annual:2013:monitoring:methods;annual:2013:monitoring:effort;annual:2013:weather:july;annual:2013:weather:august;annual:2013:weather:september;annual:2013:weather:october;annual:2013:weather:november;annual:2013:results:overview;annual:2013:results:highlights;annual:2013:results:discussion,"Only counts, dates or a short age/sex list; leave narrative empty."
annual,2013,avibase-F3DA111C,draft,annual:2013:species:avibase-F3DA111C,annual:2013:monitoring:methods;annual:2013:monitoring:effort;annual:2013:weather:july;annual:2013:weather:august;annual:2013:weather:september;annual:2013:weather:october;annual:2013:weather:november;annual:2013:results:overview;annual:2013:results:highlights;annual:2013:results:discussion,
annual,2013,avibase-3DF5C587,draft,annual:2013:species:avibase-3DF5C587,annual:2013:monitoring:methods;annual:2013:monitoring:effort;annual:2013:weather:july;annual:2013:weather:august;annual:2013:weather:september;annual:2013:weather:october;annual:2013:weather:november;annual:2013:results:overview;annual:2013:results:highlights;annual:2013:results:discussion,
annual,2013,avibase-49D9148A,draft,annual:2013:species:avibase-49D9148A,annual:2013:monitoring:methods;annual:2013:monitoring:effort;annual:2013:weather:july;annual:2013:weather:august;annual:2013:weather:september;annual:2013:weather:october;annual:2013:weather:november;annual:2013:results:overview;annual:2013:results:highlights;annual:2013:results:discussion,
annual,2013,avibase-99B8841E,draft,annual:2013:species:avibase-99B8841E,annual:2013:monitoring:methods;annual:2013:monitoring:effort;annual:2013:weather:july;annual:2013:weather:august;annual:2013:weather:september;annual:2013:weather:october;annual:2013:weather:november;annual:2013:results:overview;annual:2013:results:highlights;annual:2013:results:discussion,
annual,2013,avibase-66AA3934,draft,annual:2013:species:avibase-66AA3934,annual:2013:monitoring:methods;annual:2013:monitoring:effort;annual:2013:weather:july;annual:2013:weather:august;annual:2013:weather:september;annual:2013:weather:october;annual:2013:weather:november;annual:2013:results:overview;annual:2013:results:highlights;annual:2013:results:discussion,
annual,2013,avibase-94A1C447,draft,annual:2013:species:avibase-94A1C447,annual:2013:monitoring:methods;annual:2013:monitoring:effort;annual:2013:weather:july;annual:2013:weather:august;annual:2013:weather:september;annual:2013:weather:october;annual:2013:weather:november;annual:2013:results:overview;annual:2013:results:highlights;annual:2013:results:discussion,
annual,2013,avibase-6429024D,draft,annual:2013:species:avibase-6429024D,annual:2013:monitoring:methods;annual:2013:monitoring:effort;annual:2013:weather:july;annual:2013:weather:august;annual:2013:weather:september;annual:2013:weather:october;annual:2013:weather:november;annual:2013:results:overview;annual:2013:results:highlights;annual:2013:results:discussion,
annual,2013,avibase-4E6EF3F9,draft,annual:2013:species:avibase-4E6EF3F9,annual:2013:monitoring:methods;annual:2013:monitoring:effort;annual:2013:weather:july;annual:2013:weather:august;annual:2013:weather:september;annual:2013:weather:october;annual:2013:weather:november;annual:2013:results:overview;annual:2013:results:highlights;annual:2013:results:discussion,
annual,2013,avibase-06D9A2C8,draft,annual:2013:species:avibase-06D9A2C8,annual:2013:monitoring:methods;annual:2013:monitoring:effort;annual:2013:weather:july;annual:2013:weather:august;annual:2013:weather:september;annual:2013:weather:october;annual:2013:weather:november;annual:2013:results:overview;annual:2013:results:highlights;annual:2013:results:discussion,
annual,2013,avibase-451D6FC8,draft,annual:2013:species:avibase-451D6FC8,annual:2013:monitoring:methods;annual:2013:monitoring:effort;annual:2013:weather:july;annual:2013:weather:august;annual:2013:weather:september;annual:2013:weather:october;annual:2013:weather:november;annual:2013:results:overview;annual:2013:results:highlights;annual:2013:results:discussion,
annual,2013,avibase-68E4C0D1,draft,annual:2013:species:avibase-68E4C0D1,annual:2013:monitoring:methods;annual:2013:monitoring:effort;annual:2013:weather:july;annual:2013:weather:august;annual:2013:weather:september;annual:2013:weather:october;annual:2013:weather:november;annual:2013:results:overview;annual:2013:results:highlights;annual:2013:results:discussion,
annual,2013,avibase-760F307A,draft,annual:2013:species:avibase-760F307A,annual:2013:monitoring:methods;annual:2013:monitoring:effort;annual:2013:weather:july;annual:2013:weather:august;annual:2013:weather:september;annual:2013:weather:october;annual:2013:weather:november;annual:2013:results:overview;annual:2013:results:highlights;annual:2013:results:discussion,
annual,2013,avibase-5D1987CE,numerical_or_list_only,annual:2013:species:avibase-5D1987CE,annual:2013:monitoring:methods;annual:2013:monitoring:effort;annual:2013:weather:july;annual:2013:weather:august;annual:2013:weather:september;annual:2013:weather:october;annual:2013:weather:november;annual:2013:results:overview;annual:2013:results:highlights;annual:2013:results:discussion,"Only counts, dates or a short age/sex list; leave narrative empty."
annual,2013,avibase-DB376A66,draft,annual:2013:species:avibase-DB376A66,annual:2013:monitoring:methods;annual:2013:monitoring:effort;annual:2013:weather:july;annual:2013:weather:august;annual:2013:weather:september;annual:2013:weather:october;annual:2013:weather:november;annual:2013:results:overview;annual:2013:results:highlights;annual:2013:results:discussion,
annual,2013,avibase-94A44032,draft,annual:2013:species:avibase-94A44032,annual:2013:monitoring:methods;annual:2013:monitoring:effort;annual:2013:weather:july;annual:2013:weather:august;annual:2013:weather:september;annual:2013:weather:october;annual:2013:weather:november;annual:2013:results:overview;annual:2013:results:highlights;annual:2013:results:discussion,
annual,2014,avibase-BAC4CA22,draft,annual:2014:species:avibase-BAC4CA22,annual:2014:monitoring:methods;annual:2014:monitoring:effort;annual:2014:results:overview;annual:2014:results:highlights;annual:2014:results:discussion,
annual,2014,avibase-C2565B65,draft,annual:2014:species:avibase-C2565B65,annual:2014:monitoring:methods;annual:2014:monitoring:effort;annual:2014:results:overview;annual:2014:results:highlights;annual:2014:results:discussion,
annual,2014,avibase-95DD1855,draft,annual:2014:species:avibase-95DD1855,annual:2014:monitoring:methods;annual:2014:monitoring:effort;annual:2014:results:overview;annual:2014:results:highlights;annual:2014:results:discussion,
annual,2014,avibase-1327AC55,draft,annual:2014:species:avibase-1327AC55,annual:2014:monitoring:methods;annual:2014:monitoring:effort;annual:2014:results:overview;annual:2014:results:highlights;annual:2014:results:discussion,
annual,2014,avibase-ED5A7E8F,draft,annual:2014:species:avibase-ED5A7E8F,annual:2014:monitoring:methods;annual:2014:monitoring:effort;annual:2014:results:overview;annual:2014:results:highlights;annual:2014:results:discussion,
annual,2014,avibase-F558C7F9,draft,annual:2014:species:avibase-F558C7F9,annual:2014:monitoring:methods;annual:2014:monitoring:effort;annual:2014:results:overview;annual:2014:results:highlights;annual:2014:results:discussion,
annual,2014,avibase-63B6412E,draft,annual:2014:species:avibase-63B6412E,annual:2014:monitoring:methods;annual:2014:monitoring:effort;annual:2014:results:overview;annual:2014:results:highlights;annual:2014:results:discussion,
annual,2014,avibase-E2A19474,draft,annual:2014:species:avibase-E2A19474,annual:2014:monitoring:methods;annual:2014:monitoring:effort;annual:2014:results:overview;annual:2014:results:highlights;annual:2014:results:discussion,
annual,2014,avibase-22647E26,draft,annual:2014:species:avibase-22647E26,annual:2014:monitoring:methods;annual:2014:monitoring:effort;annual:2014:results:overview;annual:2014:results:highlights;annual:2014:results:discussion,
annual,2014,avibase-3C0C325D,draft,annual:2014:species:avibase-3C0C325D,annual:2014:monitoring:methods;annual:2014:monitoring:effort;annual:2014:results:overview;annual:2014:results:highlights;annual:2014:results:discussion,
annual,2014,avibase-28825494,draft,annual:2014:species:avibase-28825494,annual:2014:monitoring:methods;annual:2014:monitoring:effort;annual:2014:results:overview;annual:2014:results:highlights;annual:2014:results:discussion,
annual,2014,avibase-E2817DAE,draft,annual:2014:species:avibase-E2817DAE,annual:2014:monitoring:methods;annual:2014:monitoring:effort;annual:2014:results:overview;annual:2014:results:highlights;annual:2014:results:discussion,
annual,2014,avibase-8372FFBA,numerical_or_list_only,annual:2014:species:avibase-8372FFBA,annual:2014:monitoring:methods;annual:2014:monitoring:effort;annual:2014:results:overview;annual:2014:results:highlights;annual:2014:results:discussion,"Only counts, dates or a short age/sex list; leave narrative empty."
annual,2014,avibase-2DAB45B8,draft,annual:2014:species:avibase-2DAB45B8,annual:2014:monitoring:methods;annual:2014:monitoring:effort;annual:2014:results:overview;annual:2014:results:highlights;annual:2014:results:discussion,
annual,2014,avibase-E91E287A,draft,annual:2014:species:avibase-E91E287A,annual:2014:monitoring:methods;annual:2014:monitoring:effort;annual:2014:results:overview;annual:2014:results:highlights;annual:2014:results:discussion,
annual,2014,avibase-47E58408,numerical_or_list_only,annual:2014:species:avibase-47E58408,annual:2014:monitoring:methods;annual:2014:monitoring:effort;annual:2014:results:overview;annual:2014:results:highlights;annual:2014:results:discussion,"Only counts, dates or a short age/sex list; leave narrative empty."
annual,2014,avibase-F3DA111C,draft,annual:2014:species:avibase-F3DA111C,annual:2014:monitoring:methods;annual:2014:monitoring:effort;annual:2014:results:overview;annual:2014:results:highlights;annual:2014:results:discussion,
annual,2014,avibase-3DF5C587,draft,annual:2014:species:avibase-3DF5C587,annual:2014:monitoring:methods;annual:2014:monitoring:effort;annual:2014:results:overview;annual:2014:results:highlights;annual:2014:results:discussion,
annual,2014,avibase-49D9148A,draft,annual:2014:species:avibase-49D9148A,annual:2014:monitoring:methods;annual:2014:monitoring:effort;annual:2014:results:overview;annual:2014:results:highlights;annual:2014:results:discussion,
annual,2014,avibase-6429024D,draft,annual:2014:species:avibase-6429024D,annual:2014:monitoring:methods;annual:2014:monitoring:effort;annual:2014:results:overview;annual:2014:results:highlights;annual:2014:results:discussion,
annual,2014,avibase-06D9A2C8,draft,annual:2014:species:avibase-06D9A2C8,annual:2014:monitoring:methods;annual:2014:monitoring:effort;annual:2014:results:overview;annual:2014:results:highlights;annual:2014:results:discussion,
annual,2014,avibase-451D6FC8,draft,annual:2014:species:avibase-451D6FC8,annual:2014:monitoring:methods;annual:2014:monitoring:effort;annual:2014:results:overview;annual:2014:results:highlights;annual:2014:results:discussion,
annual,2014,avibase-68E4C0D1,draft,annual:2014:species:avibase-68E4C0D1,annual:2014:monitoring:methods;annual:2014:monitoring:effort;annual:2014:results:overview;annual:2014:results:highlights;annual:2014:results:discussion,
annual,2014,avibase-760F307A,draft,annual:2014:species:avibase-760F307A,annual:2014:monitoring:methods;annual:2014:monitoring:effort;annual:2014:results:overview;annual:2014:results:highlights;annual:2014:results:discussion,
annual,2014,avibase-5D1987CE,numerical_or_list_only,annual:2014:species:avibase-5D1987CE,annual:2014:monitoring:methods;annual:2014:monitoring:effort;annual:2014:results:overview;annual:2014:results:highlights;annual:2014:results:discussion,"Only counts, dates or a short age/sex list; leave narrative empty."
annual,2014,avibase-97C47F3E,draft,annual:2014:species:avibase-97C47F3E,annual:2014:monitoring:methods;annual:2014:monitoring:effort;annual:2014:results:overview;annual:2014:results:highlights;annual:2014:results:discussion,
annual,2014,avibase-DB376A66,draft,annual:2014:species:avibase-DB376A66,annual:2014:monitoring:methods;annual:2014:monitoring:effort;annual:2014:results:overview;annual:2014:results:highlights;annual:2014:results:discussion,
annual,2014,avibase-94A44032,draft,annual:2014:species:avibase-94A44032,annual:2014:monitoring:methods;annual:2014:monitoring:effort;annual:2014:results:overview;annual:2014:results:highlights;annual:2014:results:discussion,
annual,2015,avibase-BAC4CA22,draft,annual:2015:species:avibase-BAC4CA22,annual:2015:monitoring:methods;annual:2015:monitoring:effort;annual:2015:results:overview;annual:2015:results:highlights;annual:2015:results:discussion,
annual,2015,avibase-C2565B65,draft,annual:2015:species:avibase-C2565B65,annual:2015:monitoring:methods;annual:2015:monitoring:effort;annual:2015:results:overview;annual:2015:results:highlights;annual:2015:results:discussion,
annual,2015,avibase-95DD1855,draft,annual:2015:species:avibase-95DD1855,annual:2015:monitoring:methods;annual:2015:monitoring:effort;annual:2015:results:overview;annual:2015:results:highlights;annual:2015:results:discussion,
annual,2015,avibase-1327AC55,draft,annual:2015:species:avibase-1327AC55,annual:2015:monitoring:methods;annual:2015:monitoring:effort;annual:2015:results:overview;annual:2015:results:highlights;annual:2015:results:discussion,
annual,2015,avibase-ED5A7E8F,draft,annual:2015:species:avibase-ED5A7E8F,annual:2015:monitoring:methods;annual:2015:monitoring:effort;annual:2015:results:overview;annual:2015:results:highlights;annual:2015:results:discussion,
annual,2015,avibase-F558C7F9,draft,annual:2015:species:avibase-F558C7F9,annual:2015:monitoring:methods;annual:2015:monitoring:effort;annual:2015:results:overview;annual:2015:results:highlights;annual:2015:results:discussion,
annual,2015,avibase-63B6412E,draft,annual:2015:species:avibase-63B6412E,annual:2015:monitoring:methods;annual:2015:monitoring:effort;annual:2015:results:overview;annual:2015:results:highlights;annual:2015:results:discussion,
annual,2015,avibase-E2A19474,draft,annual:2015:species:avibase-E2A19474,annual:2015:monitoring:methods;annual:2015:monitoring:effort;annual:2015:results:overview;annual:2015:results:highlights;annual:2015:results:discussion,
annual,2015,avibase-3C0C325D,draft,annual:2015:species:avibase-3C0C325D,annual:2015:monitoring:methods;annual:2015:monitoring:effort;annual:2015:results:overview;annual:2015:results:highlights;annual:2015:results:discussion,
annual,2015,avibase-28825494,draft,annual:2015:species:avibase-28825494,annual:2015:monitoring:methods;annual:2015:monitoring:effort;annual:2015:results:overview;annual:2015:results:highlights;annual:2015:results:discussion,
annual,2015,avibase-E2817DAE,draft,annual:2015:species:avibase-E2817DAE,annual:2015:monitoring:methods;annual:2015:monitoring:effort;annual:2015:results:overview;annual:2015:results:highlights;annual:2015:results:discussion,
annual,2015,avibase-8372FFBA,draft,annual:2015:species:avibase-8372FFBA,annual:2015:monitoring:methods;annual:2015:monitoring:effort;annual:2015:results:overview;annual:2015:results:highlights;annual:2015:results:discussion,
annual,2015,avibase-2DAB45B8,draft,annual:2015:species:avibase-2DAB45B8,annual:2015:monitoring:methods;annual:2015:monitoring:effort;annual:2015:results:overview;annual:2015:results:highlights;annual:2015:results:discussion,
annual,2015,avibase-E91E287A,draft,annual:2015:species:avibase-E91E287A,annual:2015:monitoring:methods;annual:2015:monitoring:effort;annual:2015:results:overview;annual:2015:results:highlights;annual:2015:results:discussion,
annual,2015,avibase-47E58408,draft,annual:2015:species:avibase-47E58408,annual:2015:monitoring:methods;annual:2015:monitoring:effort;annual:2015:results:overview;annual:2015:results:highlights;annual:2015:results:discussion,
annual,2015,avibase-F3DA111C,draft,annual:2015:species:avibase-F3DA111C,annual:2015:monitoring:methods;annual:2015:monitoring:effort;annual:2015:results:overview;annual:2015:results:highlights;annual:2015:results:discussion,
annual,2015,avibase-3DF5C587,draft,annual:2015:species:avibase-3DF5C587,annual:2015:monitoring:methods;annual:2015:monitoring:effort;annual:2015:results:overview;annual:2015:results:highlights;annual:2015:results:discussion,
annual,2015,avibase-06D9A2C8,draft,annual:2015:species:avibase-06D9A2C8,annual:2015:monitoring:methods;annual:2015:monitoring:effort;annual:2015:results:overview;annual:2015:results:highlights;annual:2015:results:discussion,
annual,2015,avibase-451D6FC8,draft,annual:2015:species:avibase-451D6FC8,annual:2015:monitoring:methods;annual:2015:monitoring:effort;annual:2015:results:overview;annual:2015:results:highlights;annual:2015:results:discussion,
annual,2015,avibase-5D1987CE,draft,annual:2015:species:avibase-5D1987CE,annual:2015:monitoring:methods;annual:2015:monitoring:effort;annual:2015:results:overview;annual:2015:results:highlights;annual:2015:results:discussion,
annual,2015,avibase-DB376A66,draft,annual:2015:species:avibase-DB376A66,annual:2015:monitoring:methods;annual:2015:monitoring:effort;annual:2015:results:overview;annual:2015:results:highlights;annual:2015:results:discussion,
annual,2016,avibase-1327AC55,draft,annual:2016:species:avibase-1327AC55,annual:2016:monitoring:methods;annual:2016:monitoring:effort;annual:2016:results:overview;annual:2016:results:highlights;annual:2016:results:discussion,
annual,2016,avibase-ED5A7E8F,draft,annual:2016:species:avibase-ED5A7E8F,annual:2016:monitoring:methods;annual:2016:monitoring:effort;annual:2016:results:overview;annual:2016:results:highlights;annual:2016:results:discussion,
annual,2016,avibase-F558C7F9,draft,annual:2016:species:avibase-F558C7F9,annual:2016:monitoring:methods;annual:2016:monitoring:effort;annual:2016:results:overview;annual:2016:results:highlights;annual:2016:results:discussion,
annual,2016,avibase-E2A19474,draft,annual:2016:species:avibase-E2A19474,annual:2016:monitoring:methods;annual:2016:monitoring:effort;annual:2016:results:overview;annual:2016:results:highlights;annual:2016:results:discussion,
annual,2016,avibase-3C0C325D,draft,annual:2016:species:avibase-3C0C325D,annual:2016:monitoring:methods;annual:2016:monitoring:effort;annual:2016:results:overview;annual:2016:results:highlights;annual:2016:results:discussion,
annual,2016,avibase-28825494,draft,annual:2016:species:avibase-28825494,annual:2016:monitoring:methods;annual:2016:monitoring:effort;annual:2016:results:overview;annual:2016:results:highlights;annual:2016:results:discussion,
annual,2016,avibase-E2817DAE,draft,annual:2016:species:avibase-E2817DAE,annual:2016:monitoring:methods;annual:2016:monitoring:effort;annual:2016:results:overview;annual:2016:results:highlights;annual:2016:results:discussion,
annual,2016,avibase-2DAB45B8,draft,annual:2016:species:avibase-2DAB45B8,annual:2016:monitoring:methods;annual:2016:monitoring:effort;annual:2016:results:overview;annual:2016:results:highlights;annual:2016:results:discussion,
annual,2016,avibase-E91E287A,draft,annual:2016:species:avibase-E91E287A,annual:2016:monitoring:methods;annual:2016:monitoring:effort;annual:2016:results:overview;annual:2016:results:highlights;annual:2016:results:discussion,
annual,2016,avibase-47E58408,draft,annual:2016:species:avibase-47E58408,annual:2016:monitoring:methods;annual:2016:monitoring:effort;annual:2016:results:overview;annual:2016:results:highlights;annual:2016:results:discussion,
annual,2016,avibase-F3DA111C,draft,annual:2016:species:avibase-F3DA111C,annual:2016:monitoring:methods;annual:2016:monitoring:effort;annual:2016:results:overview;annual:2016:results:highlights;annual:2016:results:discussion,
annual,2016,avibase-3DF5C587,draft,annual:2016:species:avibase-3DF5C587,annual:2016:monitoring:methods;annual:2016:monitoring:effort;annual:2016:results:overview;annual:2016:results:highlights;annual:2016:results:discussion,
annual,2016,avibase-06D9A2C8,draft,annual:2016:species:avibase-06D9A2C8,annual:2016:monitoring:methods;annual:2016:monitoring:effort;annual:2016:results:overview;annual:2016:results:highlights;annual:2016:results:discussion,
annual,2016,avibase-451D6FC8,draft,annual:2016:species:avibase-451D6FC8,annual:2016:monitoring:methods;annual:2016:monitoring:effort;annual:2016:results:overview;annual:2016:results:highlights;annual:2016:results:discussion,
annual,2016,avibase-68E4C0D1,draft,annual:2016:species:avibase-68E4C0D1,annual:2016:monitoring:methods;annual:2016:monitoring:effort;annual:2016:results:overview;annual:2016:results:highlights;annual:2016:results:discussion,
annual,2016,avibase-760F307A,draft,annual:2016:species:avibase-760F307A,annual:2016:monitoring:methods;annual:2016:monitoring:effort;annual:2016:results:overview;annual:2016:results:highlights;annual:2016:results:discussion,
annual,2016,avibase-97C47F3E,draft,annual:2016:species:avibase-97C47F3E,annual:2016:monitoring:methods;annual:2016:monitoring:effort;annual:2016:results:overview;annual:2016:results:highlights;annual:2016:results:discussion,
annual,2016,avibase-DB376A66,draft,annual:2016:species:avibase-DB376A66,annual:2016:monitoring:methods;annual:2016:monitoring:effort;annual:2016:results:overview;annual:2016:results:highlights;annual:2016:results:discussion,
annual,2016,avibase-94A44032,draft,annual:2016:species:avibase-94A44032,annual:2016:monitoring:methods;annual:2016:monitoring:effort;annual:2016:results:overview;annual:2016:results:highlights;annual:2016:results:discussion,
annual,2017,avibase-BAC4CA22,draft,annual:2017:species:avibase-BAC4CA22,annual:2017:monitoring:methods;annual:2017:monitoring:effort;annual:2017:results:overview;annual:2017:results:highlights;annual:2017:results:discussion,
annual,2017,avibase-2A16982E,draft,annual:2017:species:avibase-2A16982E,annual:2017:monitoring:methods;annual:2017:monitoring:effort;annual:2017:results:overview;annual:2017:results:highlights;annual:2017:results:discussion,
annual,2017,avibase-95DD1855,draft,annual:2017:species:avibase-95DD1855,annual:2017:monitoring:methods;annual:2017:monitoring:effort;annual:2017:results:overview;annual:2017:results:highlights;annual:2017:results:discussion,
annual,2017,avibase-1327AC55,draft,annual:2017:species:avibase-1327AC55,annual:2017:monitoring:methods;annual:2017:monitoring:effort;annual:2017:results:overview;annual:2017:results:highlights;annual:2017:results:discussion,
annual,2017,avibase-ED5A7E8F,draft,annual:2017:species:avibase-ED5A7E8F,annual:2017:monitoring:methods;annual:2017:monitoring:effort;annual:2017:results:overview;annual:2017:results:highlights;annual:2017:results:discussion,
annual,2017,avibase-F558C7F9,draft,annual:2017:species:avibase-F558C7F9,annual:2017:monitoring:methods;annual:2017:monitoring:effort;annual:2017:results:overview;annual:2017:results:highlights;annual:2017:results:discussion,
annual,2017,avibase-63B6412E,draft,annual:2017:species:avibase-63B6412E,annual:2017:monitoring:methods;annual:2017:monitoring:effort;annual:2017:results:overview;annual:2017:results:highlights;annual:2017:results:discussion,
annual,2017,avibase-E2A19474,draft,annual:2017:species:avibase-E2A19474,annual:2017:monitoring:methods;annual:2017:monitoring:effort;annual:2017:results:overview;annual:2017:results:highlights;annual:2017:results:discussion,
annual,2017,avibase-22647E26,draft,annual:2017:species:avibase-22647E26,annual:2017:monitoring:methods;annual:2017:monitoring:effort;annual:2017:results:overview;annual:2017:results:highlights;annual:2017:results:discussion,
annual,2017,avibase-3C0C325D,draft,annual:2017:species:avibase-3C0C325D,annual:2017:monitoring:methods;annual:2017:monitoring:effort;annual:2017:results:overview;annual:2017:results:highlights;annual:2017:results:discussion,
annual,2017,avibase-28825494,draft,annual:2017:species:avibase-28825494,annual:2017:monitoring:methods;annual:2017:monitoring:effort;annual:2017:results:overview;annual:2017:results:highlights;annual:2017:results:discussion,
annual,2017,avibase-E2817DAE,draft,annual:2017:species:avibase-E2817DAE,annual:2017:monitoring:methods;annual:2017:monitoring:effort;annual:2017:results:overview;annual:2017:results:highlights;annual:2017:results:discussion,
annual,2017,avibase-8372FFBA,draft,annual:2017:species:avibase-8372FFBA,annual:2017:monitoring:methods;annual:2017:monitoring:effort;annual:2017:results:overview;annual:2017:results:highlights;annual:2017:results:discussion,
annual,2017,avibase-2DAB45B8,draft,annual:2017:species:avibase-2DAB45B8,annual:2017:monitoring:methods;annual:2017:monitoring:effort;annual:2017:results:overview;annual:2017:results:highlights;annual:2017:results:discussion,
annual,2017,avibase-E91E287A,draft,annual:2017:species:avibase-E91E287A,annual:2017:monitoring:methods;annual:2017:monitoring:effort;annual:2017:results:overview;annual:2017:results:highlights;annual:2017:results:discussion,
annual,2017,avibase-997A9437,draft,annual:2017:species:avibase-997A9437,annual:2017:monitoring:methods;annual:2017:monitoring:effort;annual:2017:results:overview;annual:2017:results:highlights;annual:2017:results:discussion,
annual,2017,avibase-47E58408,draft,annual:2017:species:avibase-47E58408,annual:2017:monitoring:methods;annual:2017:monitoring:effort;annual:2017:results:overview;annual:2017:results:highlights;annual:2017:results:discussion,
annual,2017,avibase-F3DA111C,draft,annual:2017:species:avibase-F3DA111C,annual:2017:monitoring:methods;annual:2017:monitoring:effort;annual:2017:results:overview;annual:2017:results:highlights;annual:2017:results:discussion,
annual,2017,avibase-3DF5C587,draft,annual:2017:species:avibase-3DF5C587,annual:2017:monitoring:methods;annual:2017:monitoring:effort;annual:2017:results:overview;annual:2017:results:highlights;annual:2017:results:discussion,
annual,2017,avibase-8F123A11,draft,annual:2017:species:avibase-8F123A11,annual:2017:monitoring:methods;annual:2017:monitoring:effort;annual:2017:results:overview;annual:2017:results:highlights;annual:2017:results:discussion,
annual,2017,avibase-D49A669A,draft,annual:2017:species:avibase-D49A669A,annual:2017:monitoring:methods;annual:2017:monitoring:effort;annual:2017:results:overview;annual:2017:results:highlights;annual:2017:results:discussion,
annual,2017,avibase-06D9A2C8,draft,annual:2017:species:avibase-06D9A2C8,annual:2017:monitoring:methods;annual:2017:monitoring:effort;annual:2017:results:overview;annual:2017:results:highlights;annual:2017:results:discussion,
annual,2017,avibase-451D6FC8,draft,annual:2017:species:avibase-451D6FC8,annual:2017:monitoring:methods;annual:2017:monitoring:effort;annual:2017:results:overview;annual:2017:results:highlights;annual:2017:results:discussion,
annual,2017,avibase-68E4C0D1,draft,annual:2017:species:avibase-68E4C0D1,annual:2017:monitoring:methods;annual:2017:monitoring:effort;annual:2017:results:overview;annual:2017:results:highlights;annual:2017:results:discussion,
annual,2017,avibase-760F307A,draft,annual:2017:species:avibase-760F307A,annual:2017:monitoring:methods;annual:2017:monitoring:effort;annual:2017:results:overview;annual:2017:results:highlights;annual:2017:results:discussion,
annual,2017,avibase-5A3D91D3,draft,annual:2017:species:avibase-5A3D91D3,annual:2017:monitoring:methods;annual:2017:monitoring:effort;annual:2017:results:overview;annual:2017:results:highlights;annual:2017:results:discussion,
annual,2017,avibase-97C47F3E,draft,annual:2017:species:avibase-97C47F3E,annual:2017:monitoring:methods;annual:2017:monitoring:effort;annual:2017:results:overview;annual:2017:results:highlights;annual:2017:results:discussion,
annual,2017,avibase-DB376A66,draft,annual:2017:species:avibase-DB376A66,annual:2017:monitoring:methods;annual:2017:monitoring:effort;annual:2017:results:overview;annual:2017:results:highlights;annual:2017:results:discussion,
annual,2018,avibase-C2565B65,numerical_or_list_only,annual:2018:species:avibase-C2565B65,annual:2018:monitoring:methods;annual:2018:monitoring:effort;annual:2018:results:overview;annual:2018:results:highlights;annual:2018:results:discussion,"Only counts, dates or a short age/sex list; leave narrative empty."
annual,2018,avibase-1327AC55,draft,annual:2018:species:avibase-1327AC55,annual:2018:monitoring:methods;annual:2018:monitoring:effort;annual:2018:results:overview;annual:2018:results:highlights;annual:2018:results:discussion,
annual,2018,avibase-ED5A7E8F,draft,annual:2018:species:avibase-ED5A7E8F,annual:2018:monitoring:methods;annual:2018:monitoring:effort;annual:2018:results:overview;annual:2018:results:highlights;annual:2018:results:discussion,
annual,2018,avibase-F558C7F9,draft,annual:2018:species:avibase-F558C7F9,annual:2018:monitoring:methods;annual:2018:monitoring:effort;annual:2018:results:overview;annual:2018:results:highlights;annual:2018:results:discussion,
annual,2018,avibase-63B6412E,draft,annual:2018:species:avibase-63B6412E,annual:2018:monitoring:methods;annual:2018:monitoring:effort;annual:2018:results:overview;annual:2018:results:highlights;annual:2018:results:discussion,
annual,2018,avibase-E2A19474,draft,annual:2018:species:avibase-E2A19474,annual:2018:monitoring:methods;annual:2018:monitoring:effort;annual:2018:results:overview;annual:2018:results:highlights;annual:2018:results:discussion,
annual,2018,avibase-90B13ACF,draft,annual:2018:species:avibase-90B13ACF,annual:2018:monitoring:methods;annual:2018:monitoring:effort;annual:2018:results:overview;annual:2018:results:highlights;annual:2018:results:discussion,
annual,2018,avibase-3C0C325D,draft,annual:2018:species:avibase-3C0C325D,annual:2018:monitoring:methods;annual:2018:monitoring:effort;annual:2018:results:overview;annual:2018:results:highlights;annual:2018:results:discussion,
annual,2018,avibase-28825494,draft,annual:2018:species:avibase-28825494,annual:2018:monitoring:methods;annual:2018:monitoring:effort;annual:2018:results:overview;annual:2018:results:highlights;annual:2018:results:discussion,
annual,2018,avibase-E2817DAE,draft,annual:2018:species:avibase-E2817DAE,annual:2018:monitoring:methods;annual:2018:monitoring:effort;annual:2018:results:overview;annual:2018:results:highlights;annual:2018:results:discussion,
annual,2018,avibase-8372FFBA,draft,annual:2018:species:avibase-8372FFBA,annual:2018:monitoring:methods;annual:2018:monitoring:effort;annual:2018:results:overview;annual:2018:results:highlights;annual:2018:results:discussion,
annual,2018,avibase-2DAB45B8,draft,annual:2018:species:avibase-2DAB45B8,annual:2018:monitoring:methods;annual:2018:monitoring:effort;annual:2018:results:overview;annual:2018:results:highlights;annual:2018:results:discussion,
annual,2018,avibase-E91E287A,draft,annual:2018:species:avibase-E91E287A,annual:2018:monitoring:methods;annual:2018:monitoring:effort;annual:2018:results:overview;annual:2018:results:highlights;annual:2018:results:discussion,
annual,2018,avibase-F3DA111C,draft,annual:2018:species:avibase-F3DA111C,annual:2018:monitoring:methods;annual:2018:monitoring:effort;annual:2018:results:overview;annual:2018:results:highlights;annual:2018:results:discussion,
annual,2018,avibase-3DF5C587,draft,annual:2018:species:avibase-3DF5C587,annual:2018:monitoring:methods;annual:2018:monitoring:effort;annual:2018:results:overview;annual:2018:results:highlights;annual:2018:results:discussion,
annual,2018,avibase-06D9A2C8,draft,annual:2018:species:avibase-06D9A2C8,annual:2018:monitoring:methods;annual:2018:monitoring:effort;annual:2018:results:overview;annual:2018:results:highlights;annual:2018:results:discussion,
annual,2018,avibase-451D6FC8,draft,annual:2018:species:avibase-451D6FC8,annual:2018:monitoring:methods;annual:2018:monitoring:effort;annual:2018:results:overview;annual:2018:results:highlights;annual:2018:results:discussion,
annual,2018,avibase-68E4C0D1,draft,annual:2018:species:avibase-68E4C0D1,annual:2018:monitoring:methods;annual:2018:monitoring:effort;annual:2018:results:overview;annual:2018:results:highlights;annual:2018:results:discussion,
annual,2018,avibase-760F307A,draft,annual:2018:species:avibase-760F307A,annual:2018:monitoring:methods;annual:2018:monitoring:effort;annual:2018:results:overview;annual:2018:results:highlights;annual:2018:results:discussion,
annual,2018,avibase-5A3D91D3,draft,annual:2018:species:avibase-5A3D91D3,annual:2018:monitoring:methods;annual:2018:monitoring:effort;annual:2018:results:overview;annual:2018:results:highlights;annual:2018:results:discussion,
annual,2018,avibase-DB376A66,draft,annual:2018:species:avibase-DB376A66,annual:2018:monitoring:methods;annual:2018:monitoring:effort;annual:2018:results:overview;annual:2018:results:highlights;annual:2018:results:discussion,
annual,2019,avibase-4B8CC285,draft,annual:2019:species:avibase-4B8CC285,annual:2019:monitoring:methods;annual:2019:monitoring:effort;annual:2019:monitoring:nocturnal;annual:2019:results:overview;annual:2019:results:highlights;annual:2019:results:discussion,
annual,2019,avibase-C2565B65,draft,annual:2019:species:avibase-C2565B65,annual:2019:monitoring:methods;annual:2019:monitoring:effort;annual:2019:monitoring:nocturnal;annual:2019:results:overview;annual:2019:results:highlights;annual:2019:results:discussion,
annual,2019,avibase-5F8E7CA8,draft,annual:2019:species:avibase-5F8E7CA8,annual:2019:monitoring:methods;annual:2019:monitoring:effort;annual:2019:monitoring:nocturnal;annual:2019:results:overview;annual:2019:results:highlights;annual:2019:results:discussion,
annual,2019,avibase-95DD1855,draft,annual:2019:species:avibase-95DD1855,annual:2019:monitoring:methods;annual:2019:monitoring:effort;annual:2019:monitoring:nocturnal;annual:2019:results:overview;annual:2019:results:highlights;annual:2019:results:discussion,
annual,2019,avibase-1327AC55,draft,annual:2019:species:avibase-1327AC55,annual:2019:monitoring:methods;annual:2019:monitoring:effort;annual:2019:monitoring:nocturnal;annual:2019:results:overview;annual:2019:results:highlights;annual:2019:results:discussion,
annual,2019,avibase-ED5A7E8F,draft,annual:2019:species:avibase-ED5A7E8F,annual:2019:monitoring:methods;annual:2019:monitoring:effort;annual:2019:monitoring:nocturnal;annual:2019:results:overview;annual:2019:results:highlights;annual:2019:results:discussion,
annual,2019,avibase-F558C7F9,draft,annual:2019:species:avibase-F558C7F9,annual:2019:monitoring:methods;annual:2019:monitoring:effort;annual:2019:monitoring:nocturnal;annual:2019:results:overview;annual:2019:results:highlights;annual:2019:results:discussion,
annual,2019,avibase-63B6412E,draft,annual:2019:species:avibase-63B6412E,annual:2019:monitoring:methods;annual:2019:monitoring:effort;annual:2019:monitoring:nocturnal;annual:2019:results:overview;annual:2019:results:highlights;annual:2019:results:discussion,
annual,2019,avibase-E2A19474,draft,annual:2019:species:avibase-E2A19474,annual:2019:monitoring:methods;annual:2019:monitoring:effort;annual:2019:monitoring:nocturnal;annual:2019:results:overview;annual:2019:results:highlights;annual:2019:results:discussion,
annual,2019,avibase-22647E26,draft,annual:2019:species:avibase-22647E26,annual:2019:monitoring:methods;annual:2019:monitoring:effort;annual:2019:monitoring:nocturnal;annual:2019:results:overview;annual:2019:results:highlights;annual:2019:results:discussion,
annual,2019,avibase-3C0C325D,draft,annual:2019:species:avibase-3C0C325D,annual:2019:monitoring:methods;annual:2019:monitoring:effort;annual:2019:monitoring:nocturnal;annual:2019:results:overview;annual:2019:results:highlights;annual:2019:results:discussion,
annual,2019,avibase-28825494,draft,annual:2019:species:avibase-28825494,annual:2019:monitoring:methods;annual:2019:monitoring:effort;annual:2019:monitoring:nocturnal;annual:2019:results:overview;annual:2019:results:highlights;annual:2019:results:discussion,
annual,2019,avibase-E2817DAE,draft,annual:2019:species:avibase-E2817DAE,annual:2019:monitoring:methods;annual:2019:monitoring:effort;annual:2019:monitoring:nocturnal;annual:2019:results:overview;annual:2019:results:highlights;annual:2019:results:discussion,
annual,2019,avibase-8372FFBA,draft,annual:2019:species:avibase-8372FFBA,annual:2019:monitoring:methods;annual:2019:monitoring:effort;annual:2019:monitoring:nocturnal;annual:2019:results:overview;annual:2019:results:highlights;annual:2019:results:discussion,
annual,2019,avibase-2DAB45B8,draft,annual:2019:species:avibase-2DAB45B8,annual:2019:monitoring:methods;annual:2019:monitoring:effort;annual:2019:monitoring:nocturnal;annual:2019:results:overview;annual:2019:results:highlights;annual:2019:results:discussion,
annual,2019,avibase-E91E287A,draft,annual:2019:species:avibase-E91E287A,annual:2019:monitoring:methods;annual:2019:monitoring:effort;annual:2019:monitoring:nocturnal;annual:2019:results:overview;annual:2019:results:highlights;annual:2019:results:discussion,
annual,2019,avibase-47E58408,draft,annual:2019:species:avibase-47E58408,annual:2019:monitoring:methods;annual:2019:monitoring:effort;annual:2019:monitoring:nocturnal;annual:2019:results:overview;annual:2019:results:highlights;annual:2019:results:discussion,
annual,2019,avibase-F3DA111C,draft,annual:2019:species:avibase-F3DA111C,annual:2019:monitoring:methods;annual:2019:monitoring:effort;annual:2019:monitoring:nocturnal;annual:2019:results:overview;annual:2019:results:highlights;annual:2019:results:discussion,
annual,2019,avibase-3DF5C587,draft,annual:2019:species:avibase-3DF5C587,annual:2019:monitoring:methods;annual:2019:monitoring:effort;annual:2019:monitoring:nocturnal;annual:2019:results:overview;annual:2019:results:highlights;annual:2019:results:discussion,
annual,2019,avibase-49D9148A,draft,annual:2019:species:avibase-49D9148A,annual:2019:monitoring:methods;annual:2019:monitoring:effort;annual:2019:monitoring:nocturnal;annual:2019:results:overview;annual:2019:results:highlights;annual:2019:results:discussion,
annual,2019,avibase-99B8841E,draft,annual:2019:species:avibase-99B8841E,annual:2019:monitoring:methods;annual:2019:monitoring:effort;annual:2019:monitoring:nocturnal;annual:2019:results:overview;annual:2019:results:highlights;annual:2019:results:discussion,
annual,2019,avibase-66AA3934,draft,annual:2019:species:avibase-66AA3934,annual:2019:monitoring:methods;annual:2019:monitoring:effort;annual:2019:monitoring:nocturnal;annual:2019:results:overview;annual:2019:results:highlights;annual:2019:results:discussion,
annual,2019,avibase-8F123A11,numerical_or_list_only,annual:2019:species:avibase-8F123A11,annual:2019:monitoring:methods;annual:2019:monitoring:effort;annual:2019:monitoring:nocturnal;annual:2019:results:overview;annual:2019:results:highlights;annual:2019:results:discussion,"Only counts, dates or a short age/sex list; leave narrative empty."
annual,2019,avibase-6429024D,draft,annual:2019:species:avibase-6429024D,annual:2019:monitoring:methods;annual:2019:monitoring:effort;annual:2019:monitoring:nocturnal;annual:2019:results:overview;annual:2019:results:highlights;annual:2019:results:discussion,
annual,2019,avibase-06D9A2C8,draft,annual:2019:species:avibase-06D9A2C8,annual:2019:monitoring:methods;annual:2019:monitoring:effort;annual:2019:monitoring:nocturnal;annual:2019:results:overview;annual:2019:results:highlights;annual:2019:results:discussion,
annual,2019,avibase-451D6FC8,draft,annual:2019:species:avibase-451D6FC8,annual:2019:monitoring:methods;annual:2019:monitoring:effort;annual:2019:monitoring:nocturnal;annual:2019:results:overview;annual:2019:results:highlights;annual:2019:results:discussion,
annual,2019,avibase-68E4C0D1,draft,annual:2019:species:avibase-68E4C0D1,annual:2019:monitoring:methods;annual:2019:monitoring:effort;annual:2019:monitoring:nocturnal;annual:2019:results:overview;annual:2019:results:highlights;annual:2019:results:discussion,
annual,2019,avibase-F837F893,draft,annual:2019:species:avibase-F837F893,annual:2019:monitoring:methods;annual:2019:monitoring:effort;annual:2019:monitoring:nocturnal;annual:2019:results:overview;annual:2019:results:highlights;annual:2019:results:discussion,
annual,2019,avibase-760F307A,draft,annual:2019:species:avibase-760F307A,annual:2019:monitoring:methods;annual:2019:monitoring:effort;annual:2019:monitoring:nocturnal;annual:2019:results:overview;annual:2019:results:highlights;annual:2019:results:discussion,
annual,2019,avibase-5D1987CE,draft,annual:2019:species:avibase-5D1987CE,annual:2019:monitoring:methods;annual:2019:monitoring:effort;annual:2019:monitoring:nocturnal;annual:2019:results:overview;annual:2019:results:highlights;annual:2019:results:discussion,
annual,2019,avibase-DB376A66,draft,annual:2019:species:avibase-DB376A66,annual:2019:monitoring:methods;annual:2019:monitoring:effort;annual:2019:monitoring:nocturnal;annual:2019:results:overview;annual:2019:results:highlights;annual:2019:results:discussion,
annual,2020,avibase-7E9CC505,draft,annual:2020:species:avibase-7E9CC505,annual:2020:monitoring:methods;annual:2020:monitoring:effort;annual:2020:results:overview;annual:2020:results:highlights;annual:2020:results:discussion,
annual,2020,avibase-2A16982E,draft,annual:2020:species:avibase-2A16982E,annual:2020:monitoring:methods;annual:2020:monitoring:effort;annual:2020:results:overview;annual:2020:results:highlights;annual:2020:results:discussion,
annual,2020,avibase-95DD1855,draft,annual:2020:species:avibase-95DD1855,annual:2020:monitoring:methods;annual:2020:monitoring:effort;annual:2020:results:overview;annual:2020:results:highlights;annual:2020:results:discussion,
annual,2020,avibase-1327AC55,draft,annual:2020:species:avibase-1327AC55,annual:2020:monitoring:methods;annual:2020:monitoring:effort;annual:2020:results:overview;annual:2020:results:highlights;annual:2020:results:discussion,
annual,2020,avibase-ED5A7E8F,draft,annual:2020:species:avibase-ED5A7E8F,annual:2020:monitoring:methods;annual:2020:monitoring:effort;annual:2020:results:overview;annual:2020:results:highlights;annual:2020:results:discussion,
annual,2020,avibase-F558C7F9,draft,annual:2020:species:avibase-F558C7F9,annual:2020:monitoring:methods;annual:2020:monitoring:effort;annual:2020:results:overview;annual:2020:results:highlights;annual:2020:results:discussion,
annual,2020,avibase-63B6412E,draft,annual:2020:species:avibase-63B6412E,annual:2020:monitoring:methods;annual:2020:monitoring:effort;annual:2020:results:overview;annual:2020:results:highlights;annual:2020:results:discussion,
annual,2020,avibase-E2A19474,draft,annual:2020:species:avibase-E2A19474,annual:2020:monitoring:methods;annual:2020:monitoring:effort;annual:2020:results:overview;annual:2020:results:highlights;annual:2020:results:discussion,
annual,2020,avibase-22647E26,draft,annual:2020:species:avibase-22647E26,annual:2020:monitoring:methods;annual:2020:monitoring:effort;annual:2020:results:overview;annual:2020:results:highlights;annual:2020:results:discussion,
annual,2020,avibase-AEEF72BC,draft,annual:2020:species:avibase-AEEF72BC,annual:2020:monitoring:methods;annual:2020:monitoring:effort;annual:2020:results:overview;annual:2020:results:highlights;annual:2020:results:discussion,
annual,2020,avibase-3C0C325D,draft,annual:2020:species:avibase-3C0C325D,annual:2020:monitoring:methods;annual:2020:monitoring:effort;annual:2020:results:overview;annual:2020:results:highlights;annual:2020:results:discussion,
annual,2020,avibase-28825494,draft,annual:2020:species:avibase-28825494,annual:2020:monitoring:methods;annual:2020:monitoring:effort;annual:2020:results:overview;annual:2020:results:highlights;annual:2020:results:discussion,
annual,2020,avibase-E2817DAE,draft,annual:2020:species:avibase-E2817DAE,annual:2020:monitoring:methods;annual:2020:monitoring:effort;annual:2020:results:overview;annual:2020:results:highlights;annual:2020:results:discussion,
annual,2020,avibase-8372FFBA,draft,annual:2020:species:avibase-8372FFBA,annual:2020:monitoring:methods;annual:2020:monitoring:effort;annual:2020:results:overview;annual:2020:results:highlights;annual:2020:results:discussion,
annual,2020,avibase-2DAB45B8,draft,annual:2020:species:avibase-2DAB45B8,annual:2020:monitoring:methods;annual:2020:monitoring:effort;annual:2020:results:overview;annual:2020:results:highlights;annual:2020:results:discussion,
annual,2020,avibase-E91E287A,draft,annual:2020:species:avibase-E91E287A,annual:2020:monitoring:methods;annual:2020:monitoring:effort;annual:2020:results:overview;annual:2020:results:highlights;annual:2020:results:discussion,
annual,2020,avibase-47E58408,draft,annual:2020:species:avibase-47E58408,annual:2020:monitoring:methods;annual:2020:monitoring:effort;annual:2020:results:overview;annual:2020:results:highlights;annual:2020:results:discussion,
annual,2020,avibase-F3DA111C,draft,annual:2020:species:avibase-F3DA111C,annual:2020:monitoring:methods;annual:2020:monitoring:effort;annual:2020:results:overview;annual:2020:results:highlights;annual:2020:results:discussion,
annual,2020,avibase-3DF5C587,draft,annual:2020:species:avibase-3DF5C587,annual:2020:monitoring:methods;annual:2020:monitoring:effort;annual:2020:results:overview;annual:2020:results:highlights;annual:2020:results:discussion,
annual,2020,avibase-49D9148A,draft,annual:2020:species:avibase-49D9148A,annual:2020:monitoring:methods;annual:2020:monitoring:effort;annual:2020:results:overview;annual:2020:results:highlights;annual:2020:results:discussion,
annual,2020,avibase-99B8841E,draft,annual:2020:species:avibase-99B8841E,annual:2020:monitoring:methods;annual:2020:monitoring:effort;annual:2020:results:overview;annual:2020:results:highlights;annual:2020:results:discussion,
annual,2020,avibase-66AA3934,draft,annual:2020:species:avibase-66AA3934,annual:2020:monitoring:methods;annual:2020:monitoring:effort;annual:2020:results:overview;annual:2020:results:highlights;annual:2020:results:discussion,
annual,2020,avibase-6429024D,draft,annual:2020:species:avibase-6429024D,annual:2020:monitoring:methods;annual:2020:monitoring:effort;annual:2020:results:overview;annual:2020:results:highlights;annual:2020:results:discussion,
annual,2020,avibase-06D9A2C8,draft,annual:2020:species:avibase-06D9A2C8,annual:2020:monitoring:methods;annual:2020:monitoring:effort;annual:2020:results:overview;annual:2020:results:highlights;annual:2020:results:discussion,
annual,2020,avibase-451D6FC8,draft,annual:2020:species:avibase-451D6FC8,annual:2020:monitoring:methods;annual:2020:monitoring:effort;annual:2020:results:overview;annual:2020:results:highlights;annual:2020:results:discussion,
annual,2020,avibase-68E4C0D1,draft,annual:2020:species:avibase-68E4C0D1,annual:2020:monitoring:methods;annual:2020:monitoring:effort;annual:2020:results:overview;annual:2020:results:highlights;annual:2020:results:discussion,
annual,2020,avibase-760F307A,draft,annual:2020:species:avibase-760F307A,annual:2020:monitoring:methods;annual:2020:monitoring:effort;annual:2020:results:overview;annual:2020:results:highlights;annual:2020:results:discussion,
annual,2020,avibase-97C47F3E,draft,annual:2020:species:avibase-97C47F3E,annual:2020:monitoring:methods;annual:2020:monitoring:effort;annual:2020:results:overview;annual:2020:results:highlights;annual:2020:results:discussion,
annual,2020,avibase-DB376A66,draft,annual:2020:species:avibase-DB376A66,annual:2020:monitoring:methods;annual:2020:monitoring:effort;annual:2020:results:overview;annual:2020:results:highlights;annual:2020:results:discussion,
annual,2021,avibase-95DD1855,draft,annual:2021:species:avibase-95DD1855,annual:2021:monitoring:methods;annual:2021:monitoring:effort;annual:2021:results:overview;annual:2021:results:highlights;annual:2021:results:discussion,
annual,2021,avibase-1327AC55,draft,annual:2021:species:avibase-1327AC55,annual:2021:monitoring:methods;annual:2021:monitoring:effort;annual:2021:results:overview;annual:2021:results:highlights;annual:2021:results:discussion,
annual,2021,avibase-ED5A7E8F,draft,annual:2021:species:avibase-ED5A7E8F,annual:2021:monitoring:methods;annual:2021:monitoring:effort;annual:2021:results:overview;annual:2021:results:highlights;annual:2021:results:discussion,
annual,2021,avibase-F558C7F9,draft,annual:2021:species:avibase-F558C7F9,annual:2021:monitoring:methods;annual:2021:monitoring:effort;annual:2021:results:overview;annual:2021:results:highlights;annual:2021:results:discussion,
annual,2021,avibase-63B6412E,draft,annual:2021:species:avibase-63B6412E,annual:2021:monitoring:methods;annual:2021:monitoring:effort;annual:2021:results:overview;annual:2021:results:highlights;annual:2021:results:discussion,
annual,2021,avibase-E2A19474,draft,annual:2021:species:avibase-E2A19474,annual:2021:monitoring:methods;annual:2021:monitoring:effort;annual:2021:results:overview;annual:2021:results:highlights;annual:2021:results:discussion,
annual,2021,avibase-22647E26,draft,annual:2021:species:avibase-22647E26,annual:2021:monitoring:methods;annual:2021:monitoring:effort;annual:2021:results:overview;annual:2021:results:highlights;annual:2021:results:discussion,
annual,2021,avibase-3C0C325D,draft,annual:2021:species:avibase-3C0C325D,annual:2021:monitoring:methods;annual:2021:monitoring:effort;annual:2021:results:overview;annual:2021:results:highlights;annual:2021:results:discussion,
annual,2021,avibase-28825494,draft,annual:2021:species:avibase-28825494,annual:2021:monitoring:methods;annual:2021:monitoring:effort;annual:2021:results:overview;annual:2021:results:highlights;annual:2021:results:discussion,
annual,2021,avibase-E2817DAE,draft,annual:2021:species:avibase-E2817DAE,annual:2021:monitoring:methods;annual:2021:monitoring:effort;annual:2021:results:overview;annual:2021:results:highlights;annual:2021:results:discussion,
annual,2021,avibase-8372FFBA,draft,annual:2021:species:avibase-8372FFBA,annual:2021:monitoring:methods;annual:2021:monitoring:effort;annual:2021:results:overview;annual:2021:results:highlights;annual:2021:results:discussion,
annual,2021,avibase-2DAB45B8,draft,annual:2021:species:avibase-2DAB45B8,annual:2021:monitoring:methods;annual:2021:monitoring:effort;annual:2021:results:overview;annual:2021:results:highlights;annual:2021:results:discussion,
annual,2021,avibase-E91E287A,draft,annual:2021:species:avibase-E91E287A,annual:2021:monitoring:methods;annual:2021:monitoring:effort;annual:2021:results:overview;annual:2021:results:highlights;annual:2021:results:discussion,
annual,2021,avibase-47E58408,draft,annual:2021:species:avibase-47E58408,annual:2021:monitoring:methods;annual:2021:monitoring:effort;annual:2021:results:overview;annual:2021:results:highlights;annual:2021:results:discussion,
annual,2021,avibase-F3DA111C,draft,annual:2021:species:avibase-F3DA111C,annual:2021:monitoring:methods;annual:2021:monitoring:effort;annual:2021:results:overview;annual:2021:results:highlights;annual:2021:results:discussion,
annual,2021,avibase-3DF5C587,draft,annual:2021:species:avibase-3DF5C587,annual:2021:monitoring:methods;annual:2021:monitoring:effort;annual:2021:results:overview;annual:2021:results:highlights;annual:2021:results:discussion,
annual,2021,avibase-49D9148A,draft,annual:2021:species:avibase-49D9148A,annual:2021:monitoring:methods;annual:2021:monitoring:effort;annual:2021:results:overview;annual:2021:results:highlights;annual:2021:results:discussion,
annual,2021,avibase-99B8841E,draft,annual:2021:species:avibase-99B8841E,annual:2021:monitoring:methods;annual:2021:monitoring:effort;annual:2021:results:overview;annual:2021:results:highlights;annual:2021:results:discussion,
annual,2021,avibase-66AA3934,draft,annual:2021:species:avibase-66AA3934,annual:2021:monitoring:methods;annual:2021:monitoring:effort;annual:2021:results:overview;annual:2021:results:highlights;annual:2021:results:discussion,
annual,2021,avibase-6429024D,draft,annual:2021:species:avibase-6429024D,annual:2021:monitoring:methods;annual:2021:monitoring:effort;annual:2021:results:overview;annual:2021:results:highlights;annual:2021:results:discussion,
annual,2021,avibase-06D9A2C8,draft,annual:2021:species:avibase-06D9A2C8,annual:2021:monitoring:methods;annual:2021:monitoring:effort;annual:2021:results:overview;annual:2021:results:highlights;annual:2021:results:discussion,
annual,2021,avibase-451D6FC8,draft,annual:2021:species:avibase-451D6FC8,annual:2021:monitoring:methods;annual:2021:monitoring:effort;annual:2021:results:overview;annual:2021:results:highlights;annual:2021:results:discussion,
annual,2021,avibase-68E4C0D1,draft,annual:2021:species:avibase-68E4C0D1,annual:2021:monitoring:methods;annual:2021:monitoring:effort;annual:2021:results:overview;annual:2021:results:highlights;annual:2021:results:discussion,
annual,2021,avibase-F837F893,draft,annual:2021:species:avibase-F837F893,annual:2021:monitoring:methods;annual:2021:monitoring:effort;annual:2021:results:overview;annual:2021:results:highlights;annual:2021:results:discussion,
annual,2021,avibase-760F307A,draft,annual:2021:species:avibase-760F307A,annual:2021:monitoring:methods;annual:2021:monitoring:effort;annual:2021:results:overview;annual:2021:results:highlights;annual:2021:results:discussion,
annual,2021,avibase-5A3D91D3,draft,annual:2021:species:avibase-5A3D91D3,annual:2021:monitoring:methods;annual:2021:monitoring:effort;annual:2021:results:overview;annual:2021:results:highlights;annual:2021:results:discussion,
annual,2021,avibase-5D1987CE,draft,annual:2021:species:avibase-5D1987CE,annual:2021:monitoring:methods;annual:2021:monitoring:effort;annual:2021:results:overview;annual:2021:results:highlights;annual:2021:results:discussion,
annual,2021,avibase-97C47F3E,draft,annual:2021:species:avibase-97C47F3E,annual:2021:monitoring:methods;annual:2021:monitoring:effort;annual:2021:results:overview;annual:2021:results:highlights;annual:2021:results:discussion,
annual,2021,avibase-DB376A66,draft,annual:2021:species:avibase-DB376A66,annual:2021:monitoring:methods;annual:2021:monitoring:effort;annual:2021:results:overview;annual:2021:results:highlights;annual:2021:results:discussion,
annual,2023,avibase-C2565B65,draft,annual:2023:species:avibase-C2565B65,annual:2023:monitoring:methods;annual:2023:monitoring:effort;annual:2023:monitoring:nocturnal;annual:2023:results:overview;annual:2023:results:highlights;annual:2023:results:discussion,
annual,2023,avibase-95DD1855,numerical_or_list_only,annual:2023:species:avibase-95DD1855,annual:2023:monitoring:methods;annual:2023:monitoring:effort;annual:2023:monitoring:nocturnal;annual:2023:results:overview;annual:2023:results:highlights;annual:2023:results:discussion,"Only counts, dates or a short age/sex list; leave narrative empty."
annual,2023,avibase-1327AC55,draft,annual:2023:species:avibase-1327AC55,annual:2023:monitoring:methods;annual:2023:monitoring:effort;annual:2023:monitoring:nocturnal;annual:2023:results:overview;annual:2023:results:highlights;annual:2023:results:discussion,
annual,2023,avibase-ED5A7E8F,draft,annual:2023:species:avibase-ED5A7E8F,annual:2023:monitoring:methods;annual:2023:monitoring:effort;annual:2023:monitoring:nocturnal;annual:2023:results:overview;annual:2023:results:highlights;annual:2023:results:discussion,
annual,2023,avibase-F558C7F9,draft,annual:2023:species:avibase-F558C7F9,annual:2023:monitoring:methods;annual:2023:monitoring:effort;annual:2023:monitoring:nocturnal;annual:2023:results:overview;annual:2023:results:highlights;annual:2023:results:discussion,
annual,2023,avibase-63B6412E,draft,annual:2023:species:avibase-63B6412E,annual:2023:monitoring:methods;annual:2023:monitoring:effort;annual:2023:monitoring:nocturnal;annual:2023:results:overview;annual:2023:results:highlights;annual:2023:results:discussion,
annual,2023,avibase-E2A19474,draft,annual:2023:species:avibase-E2A19474,annual:2023:monitoring:methods;annual:2023:monitoring:effort;annual:2023:monitoring:nocturnal;annual:2023:results:overview;annual:2023:results:highlights;annual:2023:results:discussion,
annual,2023,avibase-22647E26,draft,annual:2023:species:avibase-22647E26,annual:2023:monitoring:methods;annual:2023:monitoring:effort;annual:2023:monitoring:nocturnal;annual:2023:results:overview;annual:2023:results:highlights;annual:2023:results:discussion,
annual,2023,avibase-3C0C325D,draft,annual:2023:species:avibase-3C0C325D,annual:2023:monitoring:methods;annual:2023:monitoring:effort;annual:2023:monitoring:nocturnal;annual:2023:results:overview;annual:2023:results:highlights;annual:2023:results:discussion,
annual,2023,avibase-28825494,draft,annual:2023:species:avibase-28825494,annual:2023:monitoring:methods;annual:2023:monitoring:effort;annual:2023:monitoring:nocturnal;annual:2023:results:overview;annual:2023:results:highlights;annual:2023:results:discussion,
annual,2023,avibase-E2817DAE,draft,annual:2023:species:avibase-E2817DAE,annual:2023:monitoring:methods;annual:2023:monitoring:effort;annual:2023:monitoring:nocturnal;annual:2023:results:overview;annual:2023:results:highlights;annual:2023:results:discussion,
annual,2023,avibase-8372FFBA,draft,annual:2023:species:avibase-8372FFBA,annual:2023:monitoring:methods;annual:2023:monitoring:effort;annual:2023:monitoring:nocturnal;annual:2023:results:overview;annual:2023:results:highlights;annual:2023:results:discussion,
annual,2023,avibase-2DAB45B8,draft,annual:2023:species:avibase-2DAB45B8,annual:2023:monitoring:methods;annual:2023:monitoring:effort;annual:2023:monitoring:nocturnal;annual:2023:results:overview;annual:2023:results:highlights;annual:2023:results:discussion,
annual,2023,avibase-E91E287A,draft,annual:2023:species:avibase-E91E287A,annual:2023:monitoring:methods;annual:2023:monitoring:effort;annual:2023:monitoring:nocturnal;annual:2023:results:overview;annual:2023:results:highlights;annual:2023:results:discussion,
annual,2023,avibase-47E58408,draft,annual:2023:species:avibase-47E58408,annual:2023:monitoring:methods;annual:2023:monitoring:effort;annual:2023:monitoring:nocturnal;annual:2023:results:overview;annual:2023:results:highlights;annual:2023:results:discussion,
annual,2023,avibase-F3DA111C,draft,annual:2023:species:avibase-F3DA111C,annual:2023:monitoring:methods;annual:2023:monitoring:effort;annual:2023:monitoring:nocturnal;annual:2023:results:overview;annual:2023:results:highlights;annual:2023:results:discussion,
annual,2023,avibase-3DF5C587,draft,annual:2023:species:avibase-3DF5C587,annual:2023:monitoring:methods;annual:2023:monitoring:effort;annual:2023:monitoring:nocturnal;annual:2023:results:overview;annual:2023:results:highlights;annual:2023:results:discussion,
annual,2023,avibase-49D9148A,draft,annual:2023:species:avibase-49D9148A,annual:2023:monitoring:methods;annual:2023:monitoring:effort;annual:2023:monitoring:nocturnal;annual:2023:results:overview;annual:2023:results:highlights;annual:2023:results:discussion,
annual,2023,avibase-99B8841E,draft,annual:2023:species:avibase-99B8841E,annual:2023:monitoring:methods;annual:2023:monitoring:effort;annual:2023:monitoring:nocturnal;annual:2023:results:overview;annual:2023:results:highlights;annual:2023:results:discussion,
annual,2023,avibase-66AA3934,draft,annual:2023:species:avibase-66AA3934,annual:2023:monitoring:methods;annual:2023:monitoring:effort;annual:2023:monitoring:nocturnal;annual:2023:results:overview;annual:2023:results:highlights;annual:2023:results:discussion,
annual,2023,avibase-6429024D,draft,annual:2023:species:avibase-6429024D,annual:2023:monitoring:methods;annual:2023:monitoring:effort;annual:2023:monitoring:nocturnal;annual:2023:results:overview;annual:2023:results:highlights;annual:2023:results:discussion,
annual,2023,avibase-06D9A2C8,draft,annual:2023:species:avibase-06D9A2C8,annual:2023:monitoring:methods;annual:2023:monitoring:effort;annual:2023:monitoring:nocturnal;annual:2023:results:overview;annual:2023:results:highlights;annual:2023:results:discussion,
annual,2023,avibase-451D6FC8,draft,annual:2023:species:avibase-451D6FC8,annual:2023:monitoring:methods;annual:2023:monitoring:effort;annual:2023:monitoring:nocturnal;annual:2023:results:overview;annual:2023:results:highlights;annual:2023:results:discussion,
annual,2023,avibase-760F307A,draft,annual:2023:species:avibase-760F307A,annual:2023:monitoring:methods;annual:2023:monitoring:effort;annual:2023:monitoring:nocturnal;annual:2023:results:overview;annual:2023:results:highlights;annual:2023:results:discussion,
annual,2023,avibase-97C47F3E,draft,annual:2023:species:avibase-97C47F3E,annual:2023:monitoring:methods;annual:2023:monitoring:effort;annual:2023:monitoring:nocturnal;annual:2023:results:overview;annual:2023:results:highlights;annual:2023:results:discussion,
annual,2023,avibase-DB376A66,draft,annual:2023:species:avibase-DB376A66,annual:2023:monitoring:methods;annual:2023:monitoring:effort;annual:2023:monitoring:nocturnal;annual:2023:results:overview;annual:2023:results:highlights;annual:2023:results:discussion,
annual,2024,avibase-2A16982E,draft,annual:2024:species:avibase-2A16982E,annual:2024:monitoring:methods;annual:2024:monitoring:effort;annual:2024:monitoring:nocturnal;annual:2024:weather:season;annual:2024:weather:july;annual:2024:weather:august;annual:2024:weather:september;annual:2024:weather:october;annual:2024:weather:november;annual:2024:results:overview;annual:2024:results:highlights;annual:2024:results:discussion,
annual,2024,avibase-5F8E7CA8,draft,annual:2024:species:avibase-5F8E7CA8,annual:2024:monitoring:methods;annual:2024:monitoring:effort;annual:2024:monitoring:nocturnal;annual:2024:weather:season;annual:2024:weather:july;annual:2024:weather:august;annual:2024:weather:september;annual:2024:weather:october;annual:2024:weather:november;annual:2024:results:overview;annual:2024:results:highlights;annual:2024:results:discussion,
annual,2024,avibase-95DD1855,draft,annual:2024:species:avibase-95DD1855,annual:2024:monitoring:methods;annual:2024:monitoring:effort;annual:2024:monitoring:nocturnal;annual:2024:weather:season;annual:2024:weather:july;annual:2024:weather:august;annual:2024:weather:september;annual:2024:weather:october;annual:2024:weather:november;annual:2024:results:overview;annual:2024:results:highlights;annual:2024:results:discussion,
annual,2024,avibase-1327AC55,draft,annual:2024:species:avibase-1327AC55,annual:2024:monitoring:methods;annual:2024:monitoring:effort;annual:2024:monitoring:nocturnal;annual:2024:weather:season;annual:2024:weather:july;annual:2024:weather:august;annual:2024:weather:september;annual:2024:weather:october;annual:2024:weather:november;annual:2024:results:overview;annual:2024:results:highlights;annual:2024:results:discussion,
annual,2024,avibase-ED5A7E8F,draft,annual:2024:species:avibase-ED5A7E8F,annual:2024:monitoring:methods;annual:2024:monitoring:effort;annual:2024:monitoring:nocturnal;annual:2024:weather:season;annual:2024:weather:july;annual:2024:weather:august;annual:2024:weather:september;annual:2024:weather:october;annual:2024:weather:november;annual:2024:results:overview;annual:2024:results:highlights;annual:2024:results:discussion,
annual,2024,avibase-F558C7F9,draft,annual:2024:species:avibase-F558C7F9,annual:2024:monitoring:methods;annual:2024:monitoring:effort;annual:2024:monitoring:nocturnal;annual:2024:weather:season;annual:2024:weather:july;annual:2024:weather:august;annual:2024:weather:september;annual:2024:weather:october;annual:2024:weather:november;annual:2024:results:overview;annual:2024:results:highlights;annual:2024:results:discussion,
annual,2024,avibase-63B6412E,draft,annual:2024:species:avibase-63B6412E,annual:2024:monitoring:methods;annual:2024:monitoring:effort;annual:2024:monitoring:nocturnal;annual:2024:weather:season;annual:2024:weather:july;annual:2024:weather:august;annual:2024:weather:september;annual:2024:weather:october;annual:2024:weather:november;annual:2024:results:overview;annual:2024:results:highlights;annual:2024:results:discussion,
annual,2024,avibase-E2A19474,draft,annual:2024:species:avibase-E2A19474,annual:2024:monitoring:methods;annual:2024:monitoring:effort;annual:2024:monitoring:nocturnal;annual:2024:weather:season;annual:2024:weather:july;annual:2024:weather:august;annual:2024:weather:september;annual:2024:weather:october;annual:2024:weather:november;annual:2024:results:overview;annual:2024:results:highlights;annual:2024:results:discussion,
annual,2024,avibase-22647E26,draft,annual:2024:species:avibase-22647E26,annual:2024:monitoring:methods;annual:2024:monitoring:effort;annual:2024:monitoring:nocturnal;annual:2024:weather:season;annual:2024:weather:july;annual:2024:weather:august;annual:2024:weather:september;annual:2024:weather:october;annual:2024:weather:november;annual:2024:results:overview;annual:2024:results:highlights;annual:2024:results:discussion,
annual,2024,avibase-3C0C325D,draft,annual:2024:species:avibase-3C0C325D,annual:2024:monitoring:methods;annual:2024:monitoring:effort;annual:2024:monitoring:nocturnal;annual:2024:weather:season;annual:2024:weather:july;annual:2024:weather:august;annual:2024:weather:september;annual:2024:weather:october;annual:2024:weather:november;annual:2024:results:overview;annual:2024:results:highlights;annual:2024:results:discussion,
annual,2024,avibase-15369E8E,draft,annual:2024:species:avibase-15369E8E,annual:2024:monitoring:methods;annual:2024:monitoring:effort;annual:2024:monitoring:nocturnal;annual:2024:weather:season;annual:2024:weather:july;annual:2024:weather:august;annual:2024:weather:september;annual:2024:weather:october;annual:2024:weather:november;annual:2024:results:overview;annual:2024:results:highlights;annual:2024:results:discussion,
annual,2024,avibase-9151E0BA,draft,annual:2024:species:avibase-9151E0BA,annual:2024:monitoring:methods;annual:2024:monitoring:effort;annual:2024:monitoring:nocturnal;annual:2024:weather:season;annual:2024:weather:july;annual:2024:weather:august;annual:2024:weather:september;annual:2024:weather:october;annual:2024:weather:november;annual:2024:results:overview;annual:2024:results:highlights;annual:2024:results:discussion,
annual,2024,avibase-28825494,draft,annual:2024:species:avibase-28825494,annual:2024:monitoring:methods;annual:2024:monitoring:effort;annual:2024:monitoring:nocturnal;annual:2024:weather:season;annual:2024:weather:july;annual:2024:weather:august;annual:2024:weather:september;annual:2024:weather:october;annual:2024:weather:november;annual:2024:results:overview;annual:2024:results:highlights;annual:2024:results:discussion,
annual,2024,avibase-E2817DAE,draft,annual:2024:species:avibase-E2817DAE,annual:2024:monitoring:methods;annual:2024:monitoring:effort;annual:2024:monitoring:nocturnal;annual:2024:weather:season;annual:2024:weather:july;annual:2024:weather:august;annual:2024:weather:september;annual:2024:weather:october;annual:2024:weather:november;annual:2024:results:overview;annual:2024:results:highlights;annual:2024:results:discussion,
annual,2024,avibase-8372FFBA,draft,annual:2024:species:avibase-8372FFBA,annual:2024:monitoring:methods;annual:2024:monitoring:effort;annual:2024:monitoring:nocturnal;annual:2024:weather:season;annual:2024:weather:july;annual:2024:weather:august;annual:2024:weather:september;annual:2024:weather:october;annual:2024:weather:november;annual:2024:results:overview;annual:2024:results:highlights;annual:2024:results:discussion,
annual,2024,avibase-3BB5CBA6,numerical_or_list_only,annual:2024:species:avibase-3BB5CBA6,annual:2024:monitoring:methods;annual:2024:monitoring:effort;annual:2024:monitoring:nocturnal;annual:2024:weather:season;annual:2024:weather:july;annual:2024:weather:august;annual:2024:weather:september;annual:2024:weather:october;annual:2024:weather:november;annual:2024:results:overview;annual:2024:results:highlights;annual:2024:results:discussion,"Only counts, dates or a short age/sex list; leave narrative empty."
annual,2024,avibase-082F3A63,numerical_or_list_only,annual:2024:species:avibase-082F3A63,annual:2024:monitoring:methods;annual:2024:monitoring:effort;annual:2024:monitoring:nocturnal;annual:2024:weather:season;annual:2024:weather:july;annual:2024:weather:august;annual:2024:weather:september;annual:2024:weather:october;annual:2024:weather:november;annual:2024:results:overview;annual:2024:results:highlights;annual:2024:results:discussion,"Only counts, dates or a short age/sex list; leave narrative empty."
annual,2024,avibase-2DAB45B8,draft,annual:2024:species:avibase-2DAB45B8,annual:2024:monitoring:methods;annual:2024:monitoring:effort;annual:2024:monitoring:nocturnal;annual:2024:weather:season;annual:2024:weather:july;annual:2024:weather:august;annual:2024:weather:september;annual:2024:weather:october;annual:2024:weather:november;annual:2024:results:overview;annual:2024:results:highlights;annual:2024:results:discussion,
annual,2024,avibase-9EA1F12D,draft,annual:2024:species:avibase-9EA1F12D,annual:2024:monitoring:methods;annual:2024:monitoring:effort;annual:2024:monitoring:nocturnal;annual:2024:weather:season;annual:2024:weather:july;annual:2024:weather:august;annual:2024:weather:september;annual:2024:weather:october;annual:2024:weather:november;annual:2024:results:overview;annual:2024:results:highlights;annual:2024:results:discussion,
annual,2024,avibase-E91E287A,draft,annual:2024:species:avibase-E91E287A,annual:2024:monitoring:methods;annual:2024:monitoring:effort;annual:2024:monitoring:nocturnal;annual:2024:weather:season;annual:2024:weather:july;annual:2024:weather:august;annual:2024:weather:september;annual:2024:weather:october;annual:2024:weather:november;annual:2024:results:overview;annual:2024:results:highlights;annual:2024:results:discussion,
annual,2024,avibase-47E58408,draft,annual:2024:species:avibase-47E58408,annual:2024:monitoring:methods;annual:2024:monitoring:effort;annual:2024:monitoring:nocturnal;annual:2024:weather:season;annual:2024:weather:july;annual:2024:weather:august;annual:2024:weather:september;annual:2024:weather:october;annual:2024:weather:november;annual:2024:results:overview;annual:2024:results:highlights;annual:2024:results:discussion,
annual,2024,avibase-F3DA111C,draft,annual:2024:species:avibase-F3DA111C,annual:2024:monitoring:methods;annual:2024:monitoring:effort;annual:2024:monitoring:nocturnal;annual:2024:weather:season;annual:2024:weather:july;annual:2024:weather:august;annual:2024:weather:september;annual:2024:weather:october;annual:2024:weather:november;annual:2024:results:overview;annual:2024:results:highlights;annual:2024:results:discussion,
annual,2024,avibase-2D52E3A5,draft,annual:2024:species:avibase-2D52E3A5,annual:2024:monitoring:methods;annual:2024:monitoring:effort;annual:2024:monitoring:nocturnal;annual:2024:weather:season;annual:2024:weather:july;annual:2024:weather:august;annual:2024:weather:september;annual:2024:weather:october;annual:2024:weather:november;annual:2024:results:overview;annual:2024:results:highlights;annual:2024:results:discussion,
annual,2024,avibase-00DA9D91,draft,annual:2024:species:avibase-00DA9D91,annual:2024:monitoring:methods;annual:2024:monitoring:effort;annual:2024:monitoring:nocturnal;annual:2024:weather:season;annual:2024:weather:july;annual:2024:weather:august;annual:2024:weather:september;annual:2024:weather:october;annual:2024:weather:november;annual:2024:results:overview;annual:2024:results:highlights;annual:2024:results:discussion,
annual,2024,avibase-E826E9F3,draft,annual:2024:species:avibase-E826E9F3,annual:2024:monitoring:methods;annual:2024:monitoring:effort;annual:2024:monitoring:nocturnal;annual:2024:weather:season;annual:2024:weather:july;annual:2024:weather:august;annual:2024:weather:september;annual:2024:weather:october;annual:2024:weather:november;annual:2024:results:overview;annual:2024:results:highlights;annual:2024:results:discussion,
annual,2024,avibase-93CA037F,draft,annual:2024:species:avibase-93CA037F,annual:2024:monitoring:methods;annual:2024:monitoring:effort;annual:2024:monitoring:nocturnal;annual:2024:weather:season;annual:2024:weather:july;annual:2024:weather:august;annual:2024:weather:september;annual:2024:weather:october;annual:2024:weather:november;annual:2024:results:overview;annual:2024:results:highlights;annual:2024:results:discussion,
annual,2024,avibase-3DF5C587,draft,annual:2024:species:avibase-3DF5C587,annual:2024:monitoring:methods;annual:2024:monitoring:effort;annual:2024:monitoring:nocturnal;annual:2024:weather:season;annual:2024:weather:july;annual:2024:weather:august;annual:2024:weather:september;annual:2024:weather:october;annual:2024:weather:november;annual:2024:results:overview;annual:2024:results:highlights;annual:2024:results:discussion,
annual,2024,avibase-EDA37B7C,numerical_or_list_only,annual:2024:species:avibase-EDA37B7C,annual:2024:monitoring:methods;annual:2024:monitoring:effort;annual:2024:monitoring:nocturnal;annual:2024:weather:season;annual:2024:weather:july;annual:2024:weather:august;annual:2024:weather:september;annual:2024:weather:october;annual:2024:weather:november;annual:2024:results:overview;annual:2024:results:highlights;annual:2024:results:discussion,"Only counts, dates or a short age/sex list; leave narrative empty."
annual,2024,avibase-49D9148A,draft,annual:2024:species:avibase-49D9148A,annual:2024:monitoring:methods;annual:2024:monitoring:effort;annual:2024:monitoring:nocturnal;annual:2024:weather:season;annual:2024:weather:july;annual:2024:weather:august;annual:2024:weather:september;annual:2024:weather:october;annual:2024:weather:november;annual:2024:results:overview;annual:2024:results:highlights;annual:2024:results:discussion,
annual,2024,avibase-99B8841E,draft,annual:2024:species:avibase-99B8841E,annual:2024:monitoring:methods;annual:2024:monitoring:effort;annual:2024:monitoring:nocturnal;annual:2024:weather:season;annual:2024:weather:july;annual:2024:weather:august;annual:2024:weather:september;annual:2024:weather:october;annual:2024:weather:november;annual:2024:results:overview;annual:2024:results:highlights;annual:2024:results:discussion,
annual,2024,avibase-66AA3934,draft,annual:2024:species:avibase-66AA3934,annual:2024:monitoring:methods;annual:2024:monitoring:effort;annual:2024:monitoring:nocturnal;annual:2024:weather:season;annual:2024:weather:july;annual:2024:weather:august;annual:2024:weather:september;annual:2024:weather:october;annual:2024:weather:november;annual:2024:results:overview;annual:2024:results:highlights;annual:2024:results:discussion,
annual,2024,avibase-30FEC6BE,draft,annual:2024:species:avibase-30FEC6BE,annual:2024:monitoring:methods;annual:2024:monitoring:effort;annual:2024:monitoring:nocturnal;annual:2024:weather:season;annual:2024:weather:july;annual:2024:weather:august;annual:2024:weather:september;annual:2024:weather:october;annual:2024:weather:november;annual:2024:results:overview;annual:2024:results:highlights;annual:2024:results:discussion,
annual,2024,avibase-55CCEE2D,draft,annual:2024:species:avibase-55CCEE2D,annual:2024:monitoring:methods;annual:2024:monitoring:effort;annual:2024:monitoring:nocturnal;annual:2024:weather:season;annual:2024:weather:july;annual:2024:weather:august;annual:2024:weather:september;annual:2024:weather:october;annual:2024:weather:november;annual:2024:results:overview;annual:2024:results:highlights;annual:2024:results:discussion,
annual,2024,avibase-58C502EA,draft,annual:2024:species:avibase-58C502EA,annual:2024:monitoring:methods;annual:2024:monitoring:effort;annual:2024:monitoring:nocturnal;annual:2024:weather:season;annual:2024:weather:july;annual:2024:weather:august;annual:2024:weather:september;annual:2024:weather:october;annual:2024:weather:november;annual:2024:results:overview;annual:2024:results:highlights;annual:2024:results:discussion,
annual,2024,avibase-6429024D,draft,annual:2024:species:avibase-6429024D,annual:2024:monitoring:methods;annual:2024:monitoring:effort;annual:2024:monitoring:nocturnal;annual:2024:weather:season;annual:2024:weather:july;annual:2024:weather:august;annual:2024:weather:september;annual:2024:weather:october;annual:2024:weather:november;annual:2024:results:overview;annual:2024:results:highlights;annual:2024:results:discussion,
annual,2024,avibase-CE71B4FF,draft,annual:2024:species:avibase-CE71B4FF,annual:2024:monitoring:methods;annual:2024:monitoring:effort;annual:2024:monitoring:nocturnal;annual:2024:weather:season;annual:2024:weather:july;annual:2024:weather:august;annual:2024:weather:september;annual:2024:weather:october;annual:2024:weather:november;annual:2024:results:overview;annual:2024:results:highlights;annual:2024:results:discussion,
annual,2024,avibase-06D9A2C8,draft,annual:2024:species:avibase-06D9A2C8,annual:2024:monitoring:methods;annual:2024:monitoring:effort;annual:2024:monitoring:nocturnal;annual:2024:weather:season;annual:2024:weather:july;annual:2024:weather:august;annual:2024:weather:september;annual:2024:weather:october;annual:2024:weather:november;annual:2024:results:overview;annual:2024:results:highlights;annual:2024:results:discussion,
annual,2024,avibase-451D6FC8,draft,annual:2024:species:avibase-451D6FC8,annual:2024:monitoring:methods;annual:2024:monitoring:effort;annual:2024:monitoring:nocturnal;annual:2024:weather:season;annual:2024:weather:july;annual:2024:weather:august;annual:2024:weather:september;annual:2024:weather:october;annual:2024:weather:november;annual:2024:results:overview;annual:2024:results:highlights;annual:2024:results:discussion,
annual,2024,avibase-052BFA8A,draft,annual:2024:species:avibase-052BFA8A,annual:2024:monitoring:methods;annual:2024:monitoring:effort;annual:2024:monitoring:nocturnal;annual:2024:weather:season;annual:2024:weather:july;annual:2024:weather:august;annual:2024:weather:september;annual:2024:weather:october;annual:2024:weather:november;annual:2024:results:overview;annual:2024:results:highlights;annual:2024:results:discussion,
annual,2024,avibase-FB02DD96,draft,annual:2024:species:avibase-FB02DD96,annual:2024:monitoring:methods;annual:2024:monitoring:effort;annual:2024:monitoring:nocturnal;annual:2024:weather:season;annual:2024:weather:july;annual:2024:weather:august;annual:2024:weather:september;annual:2024:weather:october;annual:2024:weather:november;annual:2024:results:overview;annual:2024:results:highlights;annual:2024:results:discussion,
annual,2024,avibase-9BE53D34,draft,annual:2024:species:avibase-9BE53D34,annual:2024:monitoring:methods;annual:2024:monitoring:effort;annual:2024:monitoring:nocturnal;annual:2024:weather:season;annual:2024:weather:july;annual:2024:weather:august;annual:2024:weather:september;annual:2024:weather:october;annual:2024:weather:november;annual:2024:results:overview;annual:2024:results:highlights;annual:2024:results:discussion,
annual,2024,avibase-68E4C0D1,draft,annual:2024:species:avibase-68E4C0D1,annual:2024:monitoring:methods;annual:2024:monitoring:effort;annual:2024:monitoring:nocturnal;annual:2024:weather:season;annual:2024:weather:july;annual:2024:weather:august;annual:2024:weather:september;annual:2024:weather:october;annual:2024:weather:november;annual:2024:results:overview;annual:2024:results:highlights;annual:2024:results:discussion,
annual,2024,avibase-F837F893,draft,annual:2024:species:avibase-F837F893,annual:2024:monitoring:methods;annual:2024:monitoring:effort;annual:2024:monitoring:nocturnal;annual:2024:weather:season;annual:2024:weather:july;annual:2024:weather:august;annual:2024:weather:september;annual:2024:weather:october;annual:2024:weather:november;annual:2024:results:overview;annual:2024:results:highlights;annual:2024:results:discussion,
annual,2024,avibase-760F307A,draft,annual:2024:species:avibase-760F307A,annual:2024:monitoring:methods;annual:2024:monitoring:effort;annual:2024:monitoring:nocturnal;annual:2024:weather:season;annual:2024:weather:july;annual:2024:weather:august;annual:2024:weather:september;annual:2024:weather:october;annual:2024:weather:november;annual:2024:results:overview;annual:2024:results:highlights;annual:2024:results:discussion,
annual,2024,avibase-319D044A,draft,annual:2024:species:avibase-319D044A,annual:2024:monitoring:methods;annual:2024:monitoring:effort;annual:2024:monitoring:nocturnal;annual:2024:weather:season;annual:2024:weather:july;annual:2024:weather:august;annual:2024:weather:september;annual:2024:weather:october;annual:2024:weather:november;annual:2024:results:overview;annual:2024:results:highlights;annual:2024:results:discussion,
annual,2024,avibase-25A20BA6,numerical_or_list_only,annual:2024:species:avibase-25A20BA6,annual:2024:monitoring:methods;annual:2024:monitoring:effort;annual:2024:monitoring:nocturnal;annual:2024:weather:season;annual:2024:weather:july;annual:2024:weather:august;annual:2024:weather:september;annual:2024:weather:october;annual:2024:weather:november;annual:2024:results:overview;annual:2024:results:highlights;annual:2024:results:discussion,"Only counts, dates or a short age/sex list; leave narrative empty."
annual,2024,avibase-0C120038,draft,annual:2024:species:avibase-0C120038,annual:2024:monitoring:methods;annual:2024:monitoring:effort;annual:2024:monitoring:nocturnal;annual:2024:weather:season;annual:2024:weather:july;annual:2024:weather:august;annual:2024:weather:september;annual:2024:weather:october;annual:2024:weather:november;annual:2024:results:overview;annual:2024:results:highlights;annual:2024:results:discussion,
annual,2024,avibase-5A3D91D3,draft,annual:2024:species:avibase-5A3D91D3,annual:2024:monitoring:methods;annual:2024:monitoring:effort;annual:2024:monitoring:nocturnal;annual:2024:weather:season;annual:2024:weather:july;annual:2024:weather:august;annual:2024:weather:september;annual:2024:weather:october;annual:2024:weather:november;annual:2024:results:overview;annual:2024:results:highlights;annual:2024:results:discussion,
annual,2024,avibase-BC06BC0D,draft,annual:2024:species:avibase-BC06BC0D,annual:2024:monitoring:methods;annual:2024:monitoring:effort;annual:2024:monitoring:nocturnal;annual:2024:weather:season;annual:2024:weather:july;annual:2024:weather:august;annual:2024:weather:september;annual:2024:weather:october;annual:2024:weather:november;annual:2024:results:overview;annual:2024:results:highlights;annual:2024:results:discussion,
annual,2024,avibase-5D1987CE,draft,annual:2024:species:avibase-5D1987CE,annual:2024:monitoring:methods;annual:2024:monitoring:effort;annual:2024:monitoring:nocturnal;annual:2024:weather:season;annual:2024:weather:july;annual:2024:weather:august;annual:2024:weather:september;annual:2024:weather:october;annual:2024:weather:november;annual:2024:results:overview;annual:2024:results:highlights;annual:2024:results:discussion,
annual,2024,avibase-DB376A66,draft,annual:2024:species:avibase-DB376A66,annual:2024:monitoring:methods;annual:2024:monitoring:effort;annual:2024:monitoring:nocturnal;annual:2024:weather:season;annual:2024:weather:july;annual:2024:weather:august;annual:2024:weather:september;annual:2024:weather:october;annual:2024:weather:november;annual:2024:results:overview;annual:2024:results:highlights;annual:2024:results:discussion,
annual,2025,avibase-BAC4CA22,draft,annual:2025:species:avibase-BAC4CA22,annual:2025:monitoring:methods;annual:2025:monitoring:effort;annual:2025:monitoring:nocturnal;annual:2025:weather:season;annual:2025:weather:july;annual:2025:weather:august;annual:2025:weather:september;annual:2025:weather:october;annual:2025:weather:november;annual:2025:results:overview;annual:2025:results:highlights;annual:2025:results:discussion,
annual,2025,avibase-2A16982E,draft,annual:2025:species:avibase-2A16982E,annual:2025:monitoring:methods;annual:2025:monitoring:effort;annual:2025:monitoring:nocturnal;annual:2025:weather:season;annual:2025:weather:july;annual:2025:weather:august;annual:2025:weather:september;annual:2025:weather:october;annual:2025:weather:november;annual:2025:results:overview;annual:2025:results:highlights;annual:2025:results:discussion,
annual,2025,avibase-5F8E7CA8,draft,annual:2025:species:avibase-5F8E7CA8,annual:2025:monitoring:methods;annual:2025:monitoring:effort;annual:2025:monitoring:nocturnal;annual:2025:weather:season;annual:2025:weather:july;annual:2025:weather:august;annual:2025:weather:september;annual:2025:weather:october;annual:2025:weather:november;annual:2025:results:overview;annual:2025:results:highlights;annual:2025:results:discussion,
annual,2025,avibase-95DD1855,draft,annual:2025:species:avibase-95DD1855,annual:2025:monitoring:methods;annual:2025:monitoring:effort;annual:2025:monitoring:nocturnal;annual:2025:weather:season;annual:2025:weather:july;annual:2025:weather:august;annual:2025:weather:september;annual:2025:weather:october;annual:2025:weather:november;annual:2025:results:overview;annual:2025:results:highlights;annual:2025:results:discussion,
annual,2025,avibase-1327AC55,draft,annual:2025:species:avibase-1327AC55,annual:2025:monitoring:methods;annual:2025:monitoring:effort;annual:2025:monitoring:nocturnal;annual:2025:weather:season;annual:2025:weather:july;annual:2025:weather:august;annual:2025:weather:september;annual:2025:weather:october;annual:2025:weather:november;annual:2025:results:overview;annual:2025:results:highlights;annual:2025:results:discussion,
annual,2025,avibase-ED5A7E8F,draft,annual:2025:species:avibase-ED5A7E8F,annual:2025:monitoring:methods;annual:2025:monitoring:effort;annual:2025:monitoring:nocturnal;annual:2025:weather:season;annual:2025:weather:july;annual:2025:weather:august;annual:2025:weather:september;annual:2025:weather:october;annual:2025:weather:november;annual:2025:results:overview;annual:2025:results:highlights;annual:2025:results:discussion,
annual,2025,avibase-F558C7F9,draft,annual:2025:species:avibase-F558C7F9,annual:2025:monitoring:methods;annual:2025:monitoring:effort;annual:2025:monitoring:nocturnal;annual:2025:weather:season;annual:2025:weather:july;annual:2025:weather:august;annual:2025:weather:september;annual:2025:weather:october;annual:2025:weather:november;annual:2025:results:overview;annual:2025:results:highlights;annual:2025:results:discussion,
annual,2025,avibase-63B6412E,draft,annual:2025:species:avibase-63B6412E,annual:2025:monitoring:methods;annual:2025:monitoring:effort;annual:2025:monitoring:nocturnal;annual:2025:weather:season;annual:2025:weather:july;annual:2025:weather:august;annual:2025:weather:september;annual:2025:weather:october;annual:2025:weather:november;annual:2025:results:overview;annual:2025:results:highlights;annual:2025:results:discussion,
annual,2025,avibase-E2A19474,draft,annual:2025:species:avibase-E2A19474,annual:2025:monitoring:methods;annual:2025:monitoring:effort;annual:2025:monitoring:nocturnal;annual:2025:weather:season;annual:2025:weather:july;annual:2025:weather:august;annual:2025:weather:september;annual:2025:weather:october;annual:2025:weather:november;annual:2025:results:overview;annual:2025:results:highlights;annual:2025:results:discussion,
annual,2025,avibase-22647E26,draft,annual:2025:species:avibase-22647E26,annual:2025:monitoring:methods;annual:2025:monitoring:effort;annual:2025:monitoring:nocturnal;annual:2025:weather:season;annual:2025:weather:july;annual:2025:weather:august;annual:2025:weather:september;annual:2025:weather:october;annual:2025:weather:november;annual:2025:results:overview;annual:2025:results:highlights;annual:2025:results:discussion,
annual,2025,avibase-CC65921F,draft,annual:2025:species:avibase-CC65921F,annual:2025:monitoring:methods;annual:2025:monitoring:effort;annual:2025:monitoring:nocturnal;annual:2025:weather:season;annual:2025:weather:july;annual:2025:weather:august;annual:2025:weather:september;annual:2025:weather:october;annual:2025:weather:november;annual:2025:results:overview;annual:2025:results:highlights;annual:2025:results:discussion,
annual,2025,avibase-3C0C325D,draft,annual:2025:species:avibase-3C0C325D,annual:2025:monitoring:methods;annual:2025:monitoring:effort;annual:2025:monitoring:nocturnal;annual:2025:weather:season;annual:2025:weather:july;annual:2025:weather:august;annual:2025:weather:september;annual:2025:weather:october;annual:2025:weather:november;annual:2025:results:overview;annual:2025:results:highlights;annual:2025:results:discussion,
annual,2025,avibase-28825494,draft,annual:2025:species:avibase-28825494,annual:2025:monitoring:methods;annual:2025:monitoring:effort;annual:2025:monitoring:nocturnal;annual:2025:weather:season;annual:2025:weather:july;annual:2025:weather:august;annual:2025:weather:september;annual:2025:weather:october;annual:2025:weather:november;annual:2025:results:overview;annual:2025:results:highlights;annual:2025:results:discussion,
annual,2025,avibase-E2817DAE,draft,annual:2025:species:avibase-E2817DAE,annual:2025:monitoring:methods;annual:2025:monitoring:effort;annual:2025:monitoring:nocturnal;annual:2025:weather:season;annual:2025:weather:july;annual:2025:weather:august;annual:2025:weather:september;annual:2025:weather:october;annual:2025:weather:november;annual:2025:results:overview;annual:2025:results:highlights;annual:2025:results:discussion,
annual,2025,avibase-8372FFBA,draft,annual:2025:species:avibase-8372FFBA,annual:2025:monitoring:methods;annual:2025:monitoring:effort;annual:2025:monitoring:nocturnal;annual:2025:weather:season;annual:2025:weather:july;annual:2025:weather:august;annual:2025:weather:september;annual:2025:weather:october;annual:2025:weather:november;annual:2025:results:overview;annual:2025:results:highlights;annual:2025:results:discussion,
annual,2025,avibase-2DAB45B8,draft,annual:2025:species:avibase-2DAB45B8,annual:2025:monitoring:methods;annual:2025:monitoring:effort;annual:2025:monitoring:nocturnal;annual:2025:weather:season;annual:2025:weather:july;annual:2025:weather:august;annual:2025:weather:september;annual:2025:weather:october;annual:2025:weather:november;annual:2025:results:overview;annual:2025:results:highlights;annual:2025:results:discussion,
annual,2025,avibase-E91E287A,draft,annual:2025:species:avibase-E91E287A,annual:2025:monitoring:methods;annual:2025:monitoring:effort;annual:2025:monitoring:nocturnal;annual:2025:weather:season;annual:2025:weather:july;annual:2025:weather:august;annual:2025:weather:september;annual:2025:weather:october;annual:2025:weather:november;annual:2025:results:overview;annual:2025:results:highlights;annual:2025:results:discussion,
annual,2025,avibase-997A9437,draft,annual:2025:species:avibase-997A9437,annual:2025:monitoring:methods;annual:2025:monitoring:effort;annual:2025:monitoring:nocturnal;annual:2025:weather:season;annual:2025:weather:july;annual:2025:weather:august;annual:2025:weather:september;annual:2025:weather:october;annual:2025:weather:november;annual:2025:results:overview;annual:2025:results:highlights;annual:2025:results:discussion,
annual,2025,avibase-47E58408,draft,annual:2025:species:avibase-47E58408,annual:2025:monitoring:methods;annual:2025:monitoring:effort;annual:2025:monitoring:nocturnal;annual:2025:weather:season;annual:2025:weather:july;annual:2025:weather:august;annual:2025:weather:september;annual:2025:weather:october;annual:2025:weather:november;annual:2025:results:overview;annual:2025:results:highlights;annual:2025:results:discussion,
annual,2025,avibase-F3DA111C,draft,annual:2025:species:avibase-F3DA111C,annual:2025:monitoring:methods;annual:2025:monitoring:effort;annual:2025:monitoring:nocturnal;annual:2025:weather:season;annual:2025:weather:july;annual:2025:weather:august;annual:2025:weather:september;annual:2025:weather:october;annual:2025:weather:november;annual:2025:results:overview;annual:2025:results:highlights;annual:2025:results:discussion,
annual,2025,avibase-3DF5C587,draft,annual:2025:species:avibase-3DF5C587,annual:2025:monitoring:methods;annual:2025:monitoring:effort;annual:2025:monitoring:nocturnal;annual:2025:weather:season;annual:2025:weather:july;annual:2025:weather:august;annual:2025:weather:september;annual:2025:weather:october;annual:2025:weather:november;annual:2025:results:overview;annual:2025:results:highlights;annual:2025:results:discussion,
annual,2025,avibase-49D9148A,draft,annual:2025:species:avibase-49D9148A,annual:2025:monitoring:methods;annual:2025:monitoring:effort;annual:2025:monitoring:nocturnal;annual:2025:weather:season;annual:2025:weather:july;annual:2025:weather:august;annual:2025:weather:september;annual:2025:weather:october;annual:2025:weather:november;annual:2025:results:overview;annual:2025:results:highlights;annual:2025:results:discussion,
annual,2025,avibase-99B8841E,draft,annual:2025:species:avibase-99B8841E,annual:2025:monitoring:methods;annual:2025:monitoring:effort;annual:2025:monitoring:nocturnal;annual:2025:weather:season;annual:2025:weather:july;annual:2025:weather:august;annual:2025:weather:september;annual:2025:weather:october;annual:2025:weather:november;annual:2025:results:overview;annual:2025:results:highlights;annual:2025:results:discussion,
annual,2025,avibase-6429024D,draft,annual:2025:species:avibase-6429024D,annual:2025:monitoring:methods;annual:2025:monitoring:effort;annual:2025:monitoring:nocturnal;annual:2025:weather:season;annual:2025:weather:july;annual:2025:weather:august;annual:2025:weather:september;annual:2025:weather:october;annual:2025:weather:november;annual:2025:results:overview;annual:2025:results:highlights;annual:2025:results:discussion,
annual,2025,avibase-06D9A2C8,draft,annual:2025:species:avibase-06D9A2C8,annual:2025:monitoring:methods;annual:2025:monitoring:effort;annual:2025:monitoring:nocturnal;annual:2025:weather:season;annual:2025:weather:july;annual:2025:weather:august;annual:2025:weather:september;annual:2025:weather:october;annual:2025:weather:november;annual:2025:results:overview;annual:2025:results:highlights;annual:2025:results:discussion,
annual,2025,avibase-451D6FC8,draft,annual:2025:species:avibase-451D6FC8,annual:2025:monitoring:methods;annual:2025:monitoring:effort;annual:2025:monitoring:nocturnal;annual:2025:weather:season;annual:2025:weather:july;annual:2025:weather:august;annual:2025:weather:september;annual:2025:weather:october;annual:2025:weather:november;annual:2025:results:overview;annual:2025:results:highlights;annual:2025:results:discussion,
annual,2025,avibase-68E4C0D1,draft,annual:2025:species:avibase-68E4C0D1,annual:2025:monitoring:methods;annual:2025:monitoring:effort;annual:2025:monitoring:nocturnal;annual:2025:weather:season;annual:2025:weather:july;annual:2025:weather:august;annual:2025:weather:september;annual:2025:weather:october;annual:2025:weather:november;annual:2025:results:overview;annual:2025:results:highlights;annual:2025:results:discussion,
annual,2025,avibase-760F307A,draft,annual:2025:species:avibase-760F307A,annual:2025:monitoring:methods;annual:2025:monitoring:effort;annual:2025:monitoring:nocturnal;annual:2025:weather:season;annual:2025:weather:july;annual:2025:weather:august;annual:2025:weather:september;annual:2025:weather:october;annual:2025:weather:november;annual:2025:results:overview;annual:2025:results:highlights;annual:2025:results:discussion,
annual,2025,avibase-5A3D91D3,draft,annual:2025:species:avibase-5A3D91D3,annual:2025:monitoring:methods;annual:2025:monitoring:effort;annual:2025:monitoring:nocturnal;annual:2025:weather:season;annual:2025:weather:july;annual:2025:weather:august;annual:2025:weather:september;annual:2025:weather:october;annual:2025:weather:november;annual:2025:results:overview;annual:2025:results:highlights;annual:2025:results:discussion,
annual,2025,avibase-DB376A66,draft,annual:2025:species:avibase-DB376A66,annual:2025:monitoring:methods;annual:2025:monitoring:effort;annual:2025:monitoring:nocturnal;annual:2025:weather:season;annual:2025:weather:july;annual:2025:weather:august;annual:2025:weather:september;annual:2025:weather:october;annual:2025:weather:november;annual:2025:results:overview;annual:2025:results:highlights;annual:2025:results:discussion,
