year,key,name_fr,name_en,text_fr,text_en,status
2004,avibase-ED5A7E8F,Bondrée apivore,European Honey Buzzard,"La Bondrée apivore est très abondante cette saison, avec un passage particulièrement marqué à la fin août.","Honey Buzzards are very numerous this season, with particularly strong passage in late August.",draft
2004,avibase-F558C7F9,Busard Saint-Martin,Hen Harrier,"En novembre, la brume associée au froid et au vent du nord a sans doute masqué une partie du passage.","In November, haze accompanying cold weather and northerly winds probably concealed part of the passage.",draft
2004,avibase-3C0C325D,Buse variable,Common Buzzard,"En novembre, la brume associée au froid et au vent du nord a sans doute masqué une partie du passage.","In November, haze accompanying cold weather and northerly winds probably concealed part of the passage.",draft
2004,avibase-28825494,Cigogne blanche,White Stork,"Le passage établit un record à l’époque. Le total comprend aussi des oiseaux signalés à Vers, à proximité du site de suivi.","Passage sets a record at the time. The total also includes birds reported at nearby Vers, away from the watchpoint.",draft
2004,avibase-E2817DAE,Cigogne noire,Black Stork,Le passage établit un nouveau record pour le site à l’époque.,Passage sets a new site record at the time.,draft
2004,avibase-49D9148A,Grande Aigrette,Great Egret,"La Grande Aigrette connaît une forte saison, dans un contexte d’augmentation de sa présence au Défilé.","The Great Egret has a strong season, against a background of increasing occurrence at the Défilé.",draft
2004,avibase-30FEC6BE,Hirondelle de fenêtre,Western House Martin,"Le passage des hirondelles est très marqué en septembre et au début octobre, puis diminue rapidement. Les dernières Hirondelles de fenêtre sont observées en octobre.","Swallow and martin passage is very strong in September and early October, then declines rapidly. The last House Martins are seen in October.",draft
2004,avibase-58C502EA,Hirondelle rustique,Barn Swallow,"Le passage des hirondelles est très marqué en septembre et au début octobre, puis diminue rapidement. Quelques Hirondelles rustiques prolongent leur passage jusqu’en novembre.","Swallow and martin passage is very strong in September and early October, then declines rapidly. A few Barn Swallows continue into November.",draft
2004,avibase-4E6EF3F9,Martinet noir,Common Swift,"Les Martinets noirs passent déjà en grand nombre dès le début du suivi en juillet. Au cœur de ce mouvement, le passage se poursuit encore alors que le jour baisse.","Common Swifts are already passing in large numbers when monitoring begins in July. During the strongest movement, passage continues as daylight fades.",draft
2004,avibase-06D9A2C8,Milan noir,Black Kite,Les brumes de chaleur de juillet et d’août gênent l’observation et ont certainement laissé échapper une partie du passage.,Heat haze in July and August hampers observation and almost certainly causes some passage to be missed.,draft
2004,avibase-451D6FC8,Milan royal,Red Kite,Le passage établit un nouveau record pour le site à l’époque.,Passage sets a new site record at the time.,draft
2004,avibase-E16B2C03,Pinson du Nord,Brambling,"Les premiers cris sont entendus en octobre. En novembre, un important groupe se distingue par son déplacement vers le nord.","The first calls are heard in October. In November, a large flock stands out for its northward movement.",draft
2004,avibase-DB376A66,Épervier d'Europe,Eurasian Sparrowhawk,"En novembre, la brume associée au froid et au vent du nord a sans doute masqué une partie du passage.","In November, haze accompanying cold weather and northerly winds probably concealed part of the passage.",draft
2005,avibase-1327AC55,Balbuzard pêcheur,Osprey,Les Balbuzards sont peu nombreux. La brume de chaleur gêne fortement la détection des rapaces passant à haute altitude.,Ospreys are few. Heat haze severely hampers detection of raptors passing at high altitude.,draft
2005,avibase-ED5A7E8F,Bondrée apivore,European Honey Buzzard,"Le passage dépasse le record de 2004, malgré la brume de chaleur qui rend difficiles à repérer les rapaces volant très haut.",Passage exceeds the 2004 record despite heat haze making high-flying raptors difficult to detect.,draft
2005,avibase-3C0C325D,Buse variable,Common Buzzard,"À la fin novembre et au début décembre, une bise froide et assez forte semble déclencher le départ de nombreuses Buses variables et de Milans royaux.","In late November and early December, a fairly strong, cold northeasterly wind appears to prompt many Common Buzzards and Red Kites to leave.",draft
2005,avibase-28825494,Cigogne blanche,White Stork,Un nouveau record est atteint malgré les mauvaises conditions d’observation de la saison.,A new record is reached despite poor observation conditions during the season.,draft
2005,avibase-49D9148A,Grande Aigrette,Great Egret,Un nouveau record est atteint malgré les mauvaises conditions d’observation de la saison.,A new record is reached despite poor observation conditions during the season.,draft
2005,avibase-06D9A2C8,Milan noir,Black Kite,Les Milans noirs sont peu nombreux cette saison. La brume de chaleur gêne fortement l’observation des rapaces passant très haut.,Black Kites are few this season. Heat haze severely hampers observation of high-flying raptors.,draft
2005,avibase-451D6FC8,Milan royal,Red Kite,Le passage poursuit sa progression et dépasse le record de 2004 malgré de mauvaises conditions d’observation. L’augmentation des seuls nicheurs suisses paraît insuffisante pour expliquer cette évolution. Une bise froide accompagne encore de nombreux départs à la fin novembre et au début décembre.,Passage continues to increase and exceeds the 2004 record despite poor observation conditions. Growth in the Swiss breeding population alone seems insufficient to explain this change. Cold northeasterly winds accompany further departures in late November and early December.,draft
2006,avibase-5F8E7CA8,Aigle royal,Golden Eagle,"Les migrateurs sont tous des immatures, fort mal accueillis par le couple résident.",The migrants are all immature birds and receive a distinctly hostile reception from the resident pair.,draft
2006,avibase-ED5A7E8F,Bondrée apivore,European Honey Buzzard,"Le passage, précoce dans la saison, se situe à un niveau habituel.",Passage occurs early in the season and reaches a typical level.,draft
2006,avibase-F558C7F9,Busard Saint-Martin,Hen Harrier,Le passage de seconde partie d’automne est peu fourni et semble plus tardif que les années précédentes. La douceur exceptionnelle a probablement retenu les oiseaux plus au nord.,Passage in the second half of autumn is sparse and appears later than in previous years. Exceptionally mild weather probably keeps birds farther north.,draft
2006,avibase-63B6412E,Busard cendré,Montagu's Harrier,Ce migrateur de début de saison connaît un passage nettement supérieur au niveau habituel.,This early-season migrant shows passage well above its usual level.,draft
2006,avibase-3C0C325D,Buse variable,Common Buzzard,Le passage de seconde partie d’automne est moins fourni et peut-être plus tardif que les années précédentes. La douceur exceptionnelle a probablement retenu les oiseaux plus au nord.,Passage in the second half of autumn is lighter and perhaps later than in previous years. Exceptionally mild weather probably keeps birds farther north.,draft
2006,avibase-28825494,Cigogne blanche,White Stork,L’augmentation régulière du passage se poursuit.,The steady increase in passage continues.,draft
2006,avibase-06D9A2C8,Milan noir,Black Kite,"Le passage, précoce dans la saison, se situe à un niveau habituel.",Passage occurs early in the season and reaches a typical level.,draft
2006,avibase-451D6FC8,Milan royal,Red Kite,Le passage de seconde partie d’automne est moins fourni et peut-être plus tardif que les années précédentes. La douceur exceptionnelle a probablement retenu les oiseaux plus au nord.,Passage in the second half of autumn is lighter and perhaps later than in previous years. Exceptionally mild weather probably keeps birds farther north.,draft
2006,avibase-0C24147B,Rapace indéterminé,diurnal raptor sp.,De nombreux rapaces restent indéterminés lorsqu’ils passent loin du poste d’observation dans la brume.,Many raptors remain unidentified when they pass far from the watchpoint in hazy conditions.,draft
2007,avibase-5F8E7CA8,Aigle royal,Golden Eagle,"Les migrateurs sont tous des jeunes. Leurs grandes plages blanches sur les ailes permettent de les distinguer du jeune issu de la nichée locale, dont les marques sont bien plus réduites.","The migrants are all young birds. Their large white wing patches distinguish them from the locally fledged youngster, whose markings are much smaller.",draft
2007,avibase-ED5A7E8F,Bondrée apivore,European Honey Buzzard,"Le passage est faible, comme en Suisse et à Falsterbo, alors qu’il est important et précoce à Gibraltar. Les intempéries du printemps et de l’été ont probablement entraîné une mauvaise reproduction, qui pourrait expliquer en partie ce déficit.","Passage is weak, as in Switzerland and at Falsterbo, whereas Gibraltar records strong, early movement. Poor spring and summer weather probably led to poor breeding success, which may partly explain the shortfall.",draft
2007,avibase-3C0C325D,Buse variable,Common Buzzard,"Le faible passage des Buses variables, comme celui des Bondrées apivores, pèse fortement sur le bilan des rapaces de cette saison.","Weak Common Buzzard passage, alongside low Honey Buzzard numbers, strongly affects the season’s overall raptor total.",draft
2007,avibase-E2817DAE,Cigogne noire,Black Stork,Le passage établit un nouveau record pour le site à l’époque.,Passage sets a new site record at the time.,draft
2007,avibase-4E6EF3F9,Martinet noir,Common Swift,"Le passage est important dès la fin juin et le début juillet, mais les oiseaux sont déjà très rares en août. Ce déroulement pourrait aussi refléter les nombreux échecs de nidification de l’année.","Passage is strong in late June and early July, but birds are already very scarce in August. This pattern may also reflect the year’s numerous breeding failures.",draft
2007,avibase-FA1CAD29,Martinet à ventre blanc,Alpine Swift,"Les Martinets à ventre blanc ne sont observés qu’en août, contrairement aux Martinets noirs dont le passage est surtout précoce. Ces observations pourraient aussi refléter les nombreux échecs de nidification de l’année.","Alpine Swifts are seen only in August, unlike the mainly early passage of Common Swifts. These observations may also reflect the year’s numerous breeding failures.",draft
2008,avibase-C2565B65,Aigle pomarin,Lesser Spotted Eagle,"Un jeune Aigle pomarin est signalé en septembre, sous réserve de validation par le comité national d’homologation.","A young Lesser Spotted Eagle is reported in September, subject to acceptance by the national rarities committee.",draft
2008,avibase-5F8E7CA8,Aigle royal,Golden Eagle,,,numerical_or_list_only
2008,avibase-F2858F9F,Aigrette garzette,Little Egret,Une Aigrette garzette tardive passe en novembre avec une Grande Aigrette.,A late Little Egret passes in November with a Great Egret.,draft
2008,avibase-ED2AC04E,Alouette des champs,Eurasian Skylark,Le passage est fortement marqué par une journée de la seconde moitié d’octobre.,Passage is strongly dominated by a single day in the second half of October.,draft
2008,avibase-742EC2F1,Alouette lulu,Woodlark,"La saison est excellente, dix ans après le record de 1998. Le passage se concentre sur les deux premières décades d’octobre, avec plusieurs groupes importants.","The season is excellent, ten years after the 1998 record. Passage is concentrated in the first twenty days of October, with several sizeable flocks.",draft
2008,avibase-95DD1855,Autour des palombes,Eurasian Goshawk,,,numerical_or_list_only
2008,avibase-1327AC55,Balbuzard pêcheur,Osprey,"La saison est plutôt moyenne. Le passage est concentré de façon comparable à celui du Busard des roseaux. Deux observations hors suivi, dont un oiseau en chasse à l’Etournel, complètent les observations du poste.","The season is fairly average. Passage is concentrated in a similar way to that of Western Marsh Harriers. Two observations outside monitoring, including a bird fishing at Étournel, supplement those from the watchpoint.",draft
2008,avibase-ED5A7E8F,Bondrée apivore,European Honey Buzzard,"Le passage retrouve un niveau correct après une saison 2007 médiocre. Les observations comparées avec d’autres sites suggèrent que le beau temps de fin août a permis une migration sur un large front au-dessus du Jura. Une seconde vague, assez tardive pour le site, apparaît au début septembre.","Passage returns to a reasonable level after a poor 2007 season. Comparisons with other sites suggest that fine weather in late August allowed broad-front migration over the Jura. A second wave, fairly late for the site, appears in early September.",draft
2008,avibase-F558C7F9,Busard Saint-Martin,Hen Harrier,"Le passage se situe dans la moyenne. Sans phénomène de fuite hivernale, il reste très diffus, tandis que plusieurs oiseaux sont aussi observés en chasse dans les cultures environnantes.","Passage is average. Without a winter escape movement, it remains very scattered, while several birds are also seen hunting over nearby farmland.",draft
2008,avibase-63B6412E,Busard cendré,Montagu's Harrier,"La saison se situe dans la moyenne, avec un passage centré sur la fin août. La faible abondance de l’espèce au Défilé est liée aux petits effectifs nicheurs au nord-est de la région.","The season is average, with passage centred on late August. The species’ scarcity at the Défilé is linked to small breeding populations northeast of the region.",draft
2008,avibase-E2A19474,Busard des roseaux,Western Marsh Harrier,"Le passage est médiocre et se concentre surtout au début septembre. Les conditions météorologiques de la mi-septembre pourraient avoir déplacé une partie du flux vers l’est, comme le suggèrent des observations près de Genève, alors que peu d’oiseaux passent au Défilé.","Passage is poor and concentrated mainly in early September. Mid-September weather may have shifted some movement eastwards, as observations near Geneva suggest, while few birds pass the Défilé.",draft
2008,avibase-3C0C325D,Buse variable,Common Buzzard,"La saison figure parmi les plus importantes depuis le record de 2003. Le passage se déroule en plusieurs vagues, sur une longue période, avec une activité particulièrement soutenue en octobre.","The season is among the strongest since the 2003 record. Passage unfolds in several waves over an extended period, with particularly sustained activity in October.",draft
2008,avibase-85625D75,Canard colvert,Mallard,,,numerical_or_list_only
2008,avibase-D4C32F8E,Choucas des tours,Western Jackdaw,,,numerical_or_list_only
2008,avibase-28825494,Cigogne blanche,White Stork,"Le passage augmente nettement, comme sur d’autres sites de la région. L’essentiel du mouvement se concentre de la fin août au début septembre. Des groupes font halte dans les champs voisins, permettant de nombreuses lectures de bagues.","Passage increases sharply, as at other sites in the region. Most movement is concentrated from late August to early September. Flocks stop in nearby fields, allowing many rings to be read.",draft
2008,avibase-E2817DAE,Cigogne noire,Black Stork,"Après le record de 2007, le passage revient dans la moyenne. Une première vague estivale est suivie d’un maximum à la fin août, puis d’un regain à la mi-septembre.","After the 2007 record, passage returns to average. An initial summer wave is followed by a late-August peak, then renewed movement in mid-September.",draft
2008,avibase-8372FFBA,Circaète Jean-le-Blanc,Short-toed Snake Eagle,"Un oiseau de juillet est probablement erratique, tandis que les observations de septembre correspondent davantage à un passage migratoire, cohérent avec celui des sites plus au sud.","A July bird is probably wandering, whereas September observations are more consistent with migration, matching passage at sites farther south.",draft
2008,avibase-AEE2063F,Cisticole des joncs,Zitting Cisticola,"Une Cisticole est signalée en migration active pour la première fois sur le site, sous réserve de validation par le comité régional d’homologation.","A Zitting Cisticola is reported in active migration for the first time at the site, subject to acceptance by the regional rarities committee.",draft
2008,avibase-1078FFEA,Corbeau freux,Rook,"Le passage est faible, loin des grandes concentrations de corvidés observées autrefois.","Passage is weak, far below the large concentrations of corvids seen in the past.",draft
2008,avibase-FD45C1D7,Corneille noire,Carrion Crow (corone),,,numerical_or_list_only
2008,avibase-082F3A63,Courlis corlieu,Eurasian Whimbrel,Des oiseaux passent avant un orage en août ; d’autres stationnent dans le secteur en septembre. Les observations restent soumises à validation régionale.,Birds pass ahead of a storm in August; others stop locally in September. The observations remain subject to regional acceptance.,draft
2008,avibase-2DAB45B8,Faucon crécerelle,Common Kestrel,"La saison est bonne, avec un passage étalé et deux vagues principales, à la fin septembre puis au début octobre. La première observation estivale relève probablement davantage de la dispersion que de la migration.","The season is good, with extended passage and two main waves in late September and early October. The first summer observation probably reflects dispersal rather than migration.",draft
2008,avibase-E91E287A,Faucon hobereau,Eurasian Hobby,Le passage se concentre autour de la mi-septembre.,Passage is concentrated around mid-September.,draft
2008,avibase-47E58408,Faucon pèlerin,Peregrine Falcon,Les oiseaux observés sont probablement davantage des individus erratiques que de véritables migrateurs.,The birds observed are probably wandering individuals rather than true migrants.,draft
2008,avibase-F3DA111C,Faucon émerillon,Merlin,"La saison se situe dans la moyenne. Le passage reste diffus, avec plusieurs vagues en octobre et des oiseaux qui s’arrêtent ou chassent dans les cultures environnantes.","The season is average. Passage remains scattered, with several October waves and birds stopping or hunting over nearby farmland.",draft
2008,avibase-68EA281A,Garrot à oeil d’or,Common Goldeneye,,,numerical_or_list_only
2008,avibase-2D52E3A5,Goéland brun,Lesser Black-backed Gull,"Un adulte passe en sens inverse de la migration principale, avec des Goélands leucophées.","An adult passes in the opposite direction to the main migration, with Yellow-legged Gulls.",draft
2008,avibase-E074D706,Goéland leucophée,Yellow-legged Gull,"Des mouvements sont observés dans les deux sens, sans épisode remarquable.","Movements are observed in both directions, without any notable episode.",draft
2008,avibase-49D9148A,Grande Aigrette,Great Egret,"Le passage se déroule en deux vagues principales, au début septembre puis de la fin septembre au début octobre. L’hivernage de quelques oiseaux devient par ailleurs régulier à l’Etournel.","Passage unfolds in two main waves, in early September and from late September into early October. A few birds are also becoming regular winter visitors at Étournel.",draft
2008,avibase-99B8841E,Grue cendrée,Common Crane,Plusieurs groupes passent en octobre et novembre. Un groupe observé hors suivi à Valleiry avait été repéré près de Genève peu auparavant.,Several flocks pass in October and November. A flock seen outside monitoring at Valleiry had been spotted near Geneva shortly beforehand.,draft
2008,avibase-66AA3934,Guêpier d'Europe,European Bee-eater,,,numerical_or_list_only
2008,avibase-407E2CA8,Harle bièvre,Common Merganser,Il reste difficile de distinguer une véritable migration de déplacements de dispersion le long du Rhône.,It remains difficult to distinguish true migration from dispersal along the Rhône.,draft
2008,avibase-94A1C447,Hirondelle de rivage,Sand Martin,"Les Hirondelles de rivage sont les premières hirondelles migratrices observées, dès juillet. Le passage de l’ensemble des hirondelles se concentre surtout à la fin septembre.","Sand Martins are the first migrating swallows and martins observed, appearing in July. Passage of swallows and martins as a whole is concentrated mainly in late September.",draft
2008,avibase-58C502EA,Hirondelle rustique,Barn Swallow,Le passage de l’ensemble des hirondelles se concentre surtout à la fin septembre. Les dernières Hirondelles rustiques passent à la fin octobre.,Passage of swallows and martins as a whole is concentrated mainly in late September. The last Barn Swallows pass in late October.,draft
2008,avibase-6429024D,Héron cendré,Grey Heron,L’essentiel du passage se concentre de la fin août à la fin septembre.,Most passage is concentrated from late August to late September.,draft
2008,avibase-070E73F9,Labbe indéterminé,jaeger/skua sp.,"Un labbe clair, de type parasite ou à longue queue, passe à haute altitude sans pouvoir être identifié avec certitude.","A pale skua, resembling either an Arctic or a Long-tailed Skua, passes at high altitude without certain identification.",draft
2008,avibase-4E6EF3F9,Martinet noir,Common Swift,Le passage est déjà important au début du suivi et diminue rapidement. Une grande partie de la migration a probablement eu lieu avant le début des observations. Un retardataire accompagne des hirondelles en octobre.,Passage is already strong when monitoring begins and declines rapidly. Much migration probably took place before observations started. A late bird accompanies swallows and martins in October.,draft
2008,avibase-FA1CAD29,Martinet à ventre blanc,Alpine Swift,,,numerical_or_list_only
2008,avibase-06D9A2C8,Milan noir,Black Kite,"La saison établit un nouveau record à l’époque. La migration semble déjà engagée au premier jour du suivi, puis se renforce à la fin juillet et au début août avant de devenir faible dès la mi-août.","The season sets a new record at the time. Migration seems already underway on the first monitoring day, then strengthens in late July and early August before becoming weak from mid-August.",draft
2008,avibase-451D6FC8,Milan royal,Red Kite,"La saison établit un nouveau record à l’époque. Après une première vague en septembre, de mauvaises conditions freinent le passage au début octobre, avant une reprise brutale. Une dernière vague apparaît au début novembre.","The season sets a new record at the time. After an initial September wave, poor conditions slow passage in early October before an abrupt resumption. A final wave appears in early November.",draft
2008,avibase-052BFA8A,Mouette mélanocéphale,Mediterranean Gull,Des adultes sont observés avec des Mouettes rieuses en été et en automne.,Adults are observed with Black-headed Gulls in summer and autumn.,draft
2008,avibase-FB02DD96,Mouette rieuse,Black-headed Gull,Le passage observé est surtout concentré en juillet.,Observed passage is concentrated mainly in July.,draft
2008,avibase-EDB4BBA6,Pic noir,Black Woodpecker,"Un oiseau descend du Jura : dispersion après la reproduction ou déplacement altitudinal, la nature du mouvement reste incertaine.",A bird descends from the Jura: whether this is post-breeding dispersal or altitudinal movement remains uncertain.,draft
2008,avibase-68E4C0D1,Pigeon colombin,Stock Dove,,,numerical_or_list_only
2008,avibase-760F307A,Pigeon ramier,Common Wood Pigeon,Le passage est très inférieur à celui des années précédentes et se concentre sur les deux premières décades d’octobre. Les niveaux observés restent très éloignés des grandes saisons des années 1970.,Passage is well below previous years and concentrated in the first twenty days of October. Observed levels remain far below the great seasons of the 1970s.,draft
2008,avibase-25A20BA6,Pluvier doré,European Golden Plover,Un oiseau stationnant dans les environs est aussi noté au passage.,A bird stopping nearby is also recorded passing the site.,draft
2008,avibase-5A3D91D3,Pygargue à queue blanche,White-tailed Eagle,"Un jeune pygargue probable est signalé en novembre. Il s’agit de la première mention pour le site, sous réserve de validation régionale.","A probable young White-tailed Eagle is reported in November. This is the first site record, subject to regional acceptance.",draft
2008,avibase-8BAFB01E,Pélican blanc,Great White Pelican,"Un adulte passe avec des Cigognes blanches, puis son trajet est suivi jusqu’au nord-est de l’Espagne. Il s’agit de la deuxième mention sur le site après celle de 2003.","An adult passes with White Storks, then its journey is followed to northeastern Spain. This is the second site record after one in 2003.",draft
2008,avibase-A0A584C1,Spatule blanche,Eurasian Spoonbill,,,numerical_or_list_only
2008,avibase-BC06BC0D,Sterne caspienne,Caspian Tern,Des adultes passent avec des Mouettes rieuses ; l’observation reste soumise à validation régionale.,Adults pass with Black-headed Gulls; the observation remains subject to regional acceptance.,draft
2008,avibase-5EAB32D3,Tadorne de Belon,Common Shelduck,"Un oiseau vole vers le nord-est, à contre-sens du passage principal.","A bird flies northeast, against the main passage direction.",draft
2008,avibase-89C42590,Tichodrome échelette,Wallcreeper,Un oiseau se dirige vers le Salève en novembre.,A bird heads towards the Salève in November.,draft
2008,avibase-5D1987CE,Vautour fauve,Griffon Vulture,"Les observations mêlent des oiseaux stationnant dans le secteur, un migrateur et des individus qui repartent vers le nord après avoir hésité devant le Jura.","Observations include birds lingering locally, a migrant, and individuals turning north after hesitating in front of the Jura.",draft
2008,avibase-DB376A66,Épervier d'Europe,Eurasian Sparrowhawk,"La saison est particulièrement bonne, avec un passage très étalé. Une première vague apparaît à la fin août, puis le flux reprend à la fin septembre et surtout en octobre, avant de s’atténuer en novembre.","The season is particularly good, with very extended passage. An initial wave appears in late August, then movement resumes in late September and especially October before easing in November.",draft
2009,avibase-4B8CC285,Aigle botté,Booted Eagle,Un oiseau sombre est signalé en septembre et se pose sur le Vuache pour la nuit. L’identification reste soumise à validation régionale.,A dark bird is reported in September and settles on the Vuache for the night. Identification remains subject to regional acceptance.,draft
2009,avibase-BAC4CA22,Aigle criard,Greater Spotted Eagle,Un aigle est signalé avec des Milans royaux et des Buses variables ; son identification comme Aigle criard reste soumise à validation nationale.,An eagle is reported with Red Kites and Common Buzzards; identification as a Greater Spotted Eagle remains subject to national acceptance.,draft
2009,avibase-F2858F9F,Aigrette garzette,Little Egret,,,numerical_or_list_only
2009,avibase-ED2AC04E,Alouette des champs,Eurasian Skylark,"Deux vagues de passage correspondent à des mouvements de fuite hivernale, avant une dernière reprise au début novembre.","Two passage waves correspond to winter escape movements, followed by a final resumption in early November.",draft
2009,avibase-742EC2F1,Alouette lulu,Woodlark,"Après l’excellente saison 2008, le passage retrouve un niveau plus habituel. Plusieurs vagues se succèdent en octobre, avec un dernier regain au début novembre.","After the excellent 2008 season, passage returns to a more usual level. Several waves follow in October, with a final early-November resumption.",draft
2009,avibase-95DD1855,Autour des palombes,Eurasian Goshawk,,,numerical_or_list_only
2009,avibase-1327AC55,Balbuzard pêcheur,Osprey,"La saison est assez médiocre, avec un passage surtout concentré de la fin août au début septembre. Plusieurs observations illustrent les haltes à l’Etournel ; un migrateur passe même avec un poisson dans les serres.","The season is fairly poor, with passage concentrated mainly from late August into early September. Several observations illustrate stopovers at Étournel; one migrant even passes carrying a fish.",draft
2009,avibase-6BB94D7E,Bihoreau gris,Black-crowned Night Heron,Des oiseaux sont contactés de nuit en dehors du suivi.,Birds are recorded at night outside monitoring.,draft
2009,avibase-ED5A7E8F,Bondrée apivore,European Honey Buzzard,"Le passage est médiocre après une saison 2008 plus fournie. Une partie du flux semble se décaler vers le Jura à la fin août. Après un blocage météorologique au début septembre, une forte reprise concentre une grande part du passage, puis les effectifs diminuent.","Passage is poor after a stronger 2008 season. Some movement appears to shift towards the Jura in late August. After a weather blockage in early September, a strong resumption concentrates much of the passage, then numbers decline.",draft
2009,avibase-F558C7F9,Busard Saint-Martin,Hen Harrier,Le passage est particulièrement faible et ne présente pas de forte concentration.,Passage is particularly weak and shows no strong concentration.,draft
2009,avibase-63B6412E,Busard cendré,Montagu's Harrier,"Le passage est très faible. L’absence de flux important de Bondrées à la fin août pourrait y contribuer, les Busards cendrés accompagnant parfois leur mouvement.","Passage is very weak. The absence of strong Honey Buzzard movement in late August may contribute, as Montagu’s Harriers sometimes accompany it.",draft
2009,avibase-E2A19474,Busard des roseaux,Western Marsh Harrier,"La saison est médiocre, avec plusieurs vagues de passage entre la fin août et la mi-septembre. Les oiseaux détaillés comprennent une part importante d’adultes ; les mâles adultes semblent particulièrement concentrés au début septembre.","The season is poor, with several passage waves from late August to mid-September. Birds examined in detail include a substantial adult component; adult males seem particularly concentrated in early September.",draft
2009,avibase-22647E26,Busard pâle,Pallid Harrier,"Un jeune est signalé en octobre, peut-être le même que celui observé la veille au col de Jaman. Cette deuxième mention sur le site reste soumise à validation nationale.","A young bird is reported in October, perhaps the one seen the previous day at Col de Jaman. This second site record remains subject to national acceptance.",draft
2009,avibase-3C0C325D,Buse variable,Common Buzzard,"Après la forte saison 2008, le passage revient à un niveau plus habituel, quoique légèrement faible. Des vents contraires et des perturbations alternent blocages et reprises. Des déplacements du flux vers l’est rendent parfois les oiseaux difficiles à détecter et pourraient expliquer l’absence d’un maximum très marqué.","After the strong 2008 season, passage returns to a more typical, though slightly low, level. Headwinds and unsettled weather alternate blockages and resumptions. Eastward shifts sometimes make birds hard to detect and may explain the lack of a pronounced peak.",draft
2009,avibase-56CCA717,Canard pilet,Northern Pintail,"Outre des oiseaux de passage, un mâle stationne à l’Etournel en octobre.","Alongside passing birds, a male stops at Étournel in October.",draft
2009,avibase-D4C32F8E,Choucas des tours,Western Jackdaw,,,numerical_or_list_only
2009,avibase-28825494,Cigogne blanche,White Stork,"Le passage progresse encore après 2008, dans la continuité de l’augmentation observée dans le bassin lémanique. Une forte vague d’août précède une reprise plus limitée au début septembre. Plusieurs troupes font halte à proximité, et certaines reprennent leur route malgré un fort vent contraire.","Passage increases again after 2008, continuing the growth observed around Lake Geneva. A strong August wave precedes a smaller resumption in early September. Several flocks stop nearby, and some resume their journey despite strong headwinds.",draft
2009,avibase-E2817DAE,Cigogne noire,Black Stork,"Le passage semble commencer plus tôt qu’à l’accoutumée, avec des oiseaux dès juillet et au début août. La vague la plus marquée se déroule au début septembre, avant un passage encore sensible durant le reste du mois.","Passage seems to begin earlier than usual, with birds in July and early August. The strongest wave occurs in early September, followed by continued movement during the rest of the month.",draft
2009,avibase-8372FFBA,Circaète Jean-le-Blanc,Short-toed Snake Eagle,Les observations comprennent un migrateur précoce en août et un retardataire d’octobre accompagnant des Buses variables.,Observations include an early August migrant and a late October bird accompanying Common Buzzards.,draft
2009,avibase-1078FFEA,Corbeau freux,Rook,"Le passage est faible, alors que les Conches enregistrent davantage d’oiseaux, notamment en fin de saison.","Passage is weak, whereas Les Conches records more birds, particularly late in the season.",draft
2009,avibase-082F3A63,Courlis corlieu,Eurasian Whimbrel,"Quelques observations ponctuent l’été, dont des oiseaux accompagnant des Courlis cendrés.","A few observations punctuate the summer, including birds accompanying Eurasian Curlews.",draft
2009,avibase-2DAB45B8,Faucon crécerelle,Common Kestrel,"La saison est moyenne. Le passage est plus concentré qu’en 2008, avec une vague principale à la fin septembre, suivie d’une reprise plus modeste en octobre.","The season is average. Passage is more concentrated than in 2008, with a main wave in late September followed by a smaller October resumption.",draft
2009,avibase-E91E287A,Faucon hobereau,Eurasian Hobby,Le passage se concentre autour de la mi-septembre. Certains oiseaux chassent en migration active ; l’un d’eux attaque même une Bondrée migratrice à plusieurs reprises.,Passage is concentrated around mid-September. Some birds hunt while actively migrating; one even repeatedly attacks a migrating Honey Buzzard.,draft
2009,avibase-997A9437,Faucon kobez,Red-footed Falcon,"Un jeune est observé en septembre, constituant la quatrième mention sur le site à l’époque.","A young bird is seen in September, becoming the fourth site record at the time.",draft
2009,avibase-47E58408,Faucon pèlerin,Peregrine Falcon,,,numerical_or_list_only
2009,avibase-F3DA111C,Faucon émerillon,Merlin,"Le passage reste dans la moyenne et sans concentration nette. Des haltes brèves et des comportements de chasse sont observés, dont la capture d’insectes avant la reprise du voyage.","Passage remains average, without clear concentration. Brief stops and hunting behaviour are observed, including insect hunting before the journey resumes.",draft
2009,avibase-E074D706,Goéland leucophée,Yellow-legged Gull,Les déplacements entre cultures et dortoirs du Rhône ou du Léman sont très marqués à partir d’octobre. Ils restent difficiles à distinguer des véritables mouvements migratoires.,Movements between farmland and roosts on the Rhône or Lake Geneva become conspicuous from October. They remain difficult to distinguish from true migration.,draft
2009,avibase-3DF5C587,Grand Cormoran,Great Cormorant,La saison est nettement inférieure à la moyenne des quinze années précédentes. Le passage augmente progressivement à la fin septembre et se renforce surtout à la mi-octobre.,The season is well below the average of the preceding fifteen years. Passage builds gradually in late September and strengthens mainly in mid-October.,draft
2009,avibase-49D9148A,Grande Aigrette,Great Egret,"Le passage est un peu inférieur aux années précédentes, avec deux vagues, à la fin septembre puis de la fin octobre au début novembre. Contrairement aux années passées, les haltes concernent surtout l’Etournel plutôt que les cultures voisines.","Passage is slightly below previous years, with waves in late September and from late October into early November. Unlike earlier years, stops mainly involve Étournel rather than nearby farmland.",draft
2009,avibase-99B8841E,Grue cendrée,Common Crane,"Quelques groupes passent en octobre et novembre. Une troupe fait également halte près de Chaumont, à l’écart du poste de suivi.","A few flocks pass in October and November. One also stops near Chaumont, away from the watchpoint.",draft
2009,avibase-407E2CA8,Harle bièvre,Common Merganser,Il reste difficile de distinguer une véritable migration de déplacements de dispersion le long du Rhône.,It remains difficult to distinguish true migration from dispersal along the Rhône.,draft
2009,avibase-30FEC6BE,Hirondelle de fenêtre,Western House Martin,"Le passage de l’Hirondelle de fenêtre commence en août, après les premières Hirondelles de rivage de juillet.","House Martin passage begins in August, after the first July Sand Martins.",draft
2009,avibase-94A1C447,Hirondelle de rivage,Sand Martin,Les premières hirondelles de la fin juillet sont exclusivement des Hirondelles de rivage ; les autres espèces arrivent ensuite en août.,The first swallows and martins in late July are exclusively Sand Martins; the other species follow in August.,draft
2009,avibase-6F2AF9D0,Hirondelle de rochers,Eurasian Crag Martin,"L’Hirondelle de rochers est la moins observée des quatre espèces d’hirondelles, mais aussi la plus tardive, avec un oiseau encore présent en novembre.","Eurasian Crag Martin is the least recorded of the four swallow and martin species, but also the latest, with a bird still present in November.",draft
2009,avibase-58C502EA,Hirondelle rustique,Barn Swallow,"Le passage débute en août. Lors d’une forte journée de septembre, la proximité des oiseaux permet d’identifier une grande part du flux comme Hirondelles rustiques.","Passage begins in August. On a strong September day, birds pass close enough for a large share of the movement to be identified as Barn Swallows.",draft
2009,avibase-ED663165,Huîtrier pie,Eurasian Oystercatcher,"Un petit groupe constitue un effectif record pour le site à l’époque, sous réserve de validation régionale.","A small flock represents a record number for the site at the time, subject to regional acceptance.",draft
2009,avibase-6429024D,Héron cendré,Grey Heron,"La saison est particulièrement faible et le passage se concentre autour de la mi-septembre. Les haltes dans les cultures voisines manquent cette année, tandis que l’Etournel reste utilisé.","The season is particularly weak, with passage concentrated around mid-September. Stops on nearby farmland are absent this year, while Étournel continues to be used.",draft
2009,avibase-1D446440,Labbe à longue queue,Long-tailed Jaeger,"Un individu clair est signalé en août, sous réserve de validation régionale.","A pale bird is reported in August, subject to regional acceptance.",draft
2009,avibase-24698199,Macreuse noire,Common Scoter,"Un mâle et une femelle sont signalés ensemble en septembre : une première pour le site, sous réserve de validation régionale.","A male and female are reported together in September: a first for the site, subject to regional acceptance.",draft
2009,avibase-4E6EF3F9,Martinet noir,Common Swift,"Le flux est déjà très marqué au début du suivi. Son évaluation reste difficile car les oiseaux se répartissent dans une vaste sphère d’observation, généralement sans concentration nette.","Movement is already strong when monitoring begins. Assessment remains difficult because birds spread across a wide observation area, usually without clear concentration.",draft
2009,avibase-FA1CAD29,Martinet à ventre blanc,Alpine Swift,"Très peu de migrateurs sont identifiés, la distinction avec les nicheurs locaux restant difficile.","Very few migrants are identified, as distinguishing them from local breeders remains difficult.",draft
2009,avibase-06D9A2C8,Milan noir,Black Kite,"La saison est excellente après le record de 2008. Le passage semble déjà commencé au premier jour du suivi, puis se concentre sur une succession de fortes journées à la fin juillet et au début août. Un dernier oiseau accompagne des Milans royaux en octobre.","The season is excellent after the 2008 record. Passage seems already underway on the first monitoring day, then concentrates in a succession of strong days in late July and early August. A final bird accompanies Red Kites in October.",draft
2009,avibase-451D6FC8,Milan royal,Red Kite,Le passage baisse par rapport à 2008 tout en restant élevé. Plusieurs vagues se succèdent de la fin septembre à novembre. Des oiseaux s’alimentent dans les champs voisins et un groupe y passe la nuit avant de poursuivre son déplacement.,"Passage falls from 2008 while remaining high. Several waves follow from late September into November. Birds feed in nearby fields, and one group spends the night locally before continuing.",draft
2009,avibase-052BFA8A,Mouette mélanocéphale,Mediterranean Gull,"Les observations comprennent un migrateur, mais aussi des oiseaux fréquentant les Mouettes rieuses ou l’Etournel.","Observations include a migrant, alongside birds associating with Black-headed Gulls or visiting Étournel.",draft
2009,avibase-FB02DD96,Mouette rieuse,Black-headed Gull,Peu de migratrices sont reconnues. Les incessants déplacements entre l’Etournel et le Rhône genevois rendent le dénombrement difficile.,Few migrants are identified. Constant movements between Étournel and the Geneva Rhône make counting difficult.,draft
2009,avibase-4AED44E8,Oie cendrée,Greylag Goose,,,numerical_or_list_only
2009,avibase-68E4C0D1,Pigeon colombin,Stock Dove,"Le suivi ne débutant pas au lever du jour, une partie du passage matinal des pigeons peut échapper au comptage. Cette limite ne suffit toutefois pas à expliquer leur recul marqué sur les vingt années précédentes.","As monitoring does not begin at sunrise, some early pigeon passage may be missed. This limitation alone does not explain their marked decline over the preceding twenty years.",draft
2009,avibase-760F307A,Pigeon ramier,Common Wood Pigeon,"Le passage atteint un niveau particulièrement bas, avec un maximum en octobre.","Passage reaches a particularly low level, with its peak in October.",draft
2009,avibase-5D1987CE,Vautour fauve,Griffon Vulture,,,numerical_or_list_only
2009,avibase-DB376A66,Épervier d'Europe,Eurasian Sparrowhawk,"Après l’excellente saison 2008, le passage revient dans la moyenne. Il reste très étalé, avec deux vagues nettes à la fin septembre et à la fin octobre. Plusieurs oiseaux sont même observés prenant ensemble une ascendance avant de migrer.","After the excellent 2008 season, passage returns to average. It remains very extended, with clear waves in late September and late October. Several birds are even seen sharing a thermal before migrating together.",draft
2010,avibase-4B8CC285,Aigle botté,Booted Eagle,"Un oiseau de forme sombre est signalé à la fin août, sous réserve de validation régionale.","A dark-morph bird is reported in late August, subject to regional acceptance.",draft
2010,avibase-BAC4CA22,Aigle criard,Greater Spotted Eagle,Des aigles passent près du poste en suivant le flux migratoire en place. Leur identification comme Aigles criards reste soumise à validation nationale.,Eagles pass close to the watchpoint within the established migration flow. Their identification as Greater Spotted Eagles remains subject to national acceptance.,draft
2010,avibase-C2565B65,Aigle pomarin,Lesser Spotted Eagle,Un oiseau passe avec des Milans royaux et des Buses variables après une halte à l’Etournel la veille. L’identification reste soumise à validation nationale.,A bird passes with Red Kites and Common Buzzards after stopping at Étournel the previous day. Identification remains subject to national acceptance.,draft
2010,avibase-F2858F9F,Aigrette garzette,Little Egret,,,numerical_or_list_only
2010,avibase-ED2AC04E,Alouette des champs,Eurasian Skylark,Une grande partie du passage se concentre sur une journée d’octobre. Aucun mouvement de fuite hivernale n’est observé ensuite.,Much of the passage is concentrated on one October day. No winter escape movement is observed afterwards.,draft
2010,avibase-742EC2F1,Alouette lulu,Woodlark,"La saison est moyenne, comparable à la précédente. Une seule journée de la mi-octobre concentre une grande partie du passage.","The season is average, comparable to the previous one. A single mid-October day concentrates much of the passage.",draft
2010,avibase-95DD1855,Autour des palombes,Eurasian Goshawk,,,numerical_or_list_only
2010,avibase-1327AC55,Balbuzard pêcheur,Osprey,"Le passage retrouve un niveau moyen après plusieurs saisons médiocres. Il se concentre surtout au début septembre. Une femelle blessée, récupérée sur la voie ferrée voisine, est acheminée vers un centre de sauvegarde.",Passage returns to average after several poor seasons. It is concentrated mainly in early September. An injured female recovered from the nearby railway is taken to a wildlife rescue centre.,draft
2010,avibase-ED5A7E8F,Bondrée apivore,European Honey Buzzard,"La migration est encore plus brève qu’à l’accoutumée. Le faible passage de la fin août suggère qu’une première vague pourrait avoir emprunté une autre voie, probablement au nord-ouest. Le flux se renforce ensuite autour du début septembre, puis retombe rapidement.","Migration is even briefer than usual. Weak passage in late August suggests an initial wave may have taken another route, probably to the northwest. Movement then strengthens around early September before falling rapidly.",draft
2010,avibase-F558C7F9,Busard Saint-Martin,Hen Harrier,Le passage automnal reste modeste par rapport aux années 1990. Un mouvement de fuite de la fin novembre et du début décembre apporte encore des oiseaux après la période principale de suivi.,Autumn passage remains modest compared with the 1990s. An escape movement in late November and early December brings further birds after the main monitoring period.,draft
2010,avibase-63B6412E,Busard cendré,Montagu's Harrier,L’espèce reste peu commune au Défilé ; les oiseaux détaillés comprennent des adultes et des jeunes.,The species remains uncommon at the Défilé; birds examined in detail include adults and young birds.,draft
2010,avibase-E2A19474,Busard des roseaux,Western Marsh Harrier,"Après plusieurs saisons faibles, le passage retrouve un niveau plus habituel. Le flux se met en place brusquement au début septembre, connaît plusieurs vagues durant ce mois, puis reprend au début octobre.","After several weak seasons, passage returns to a more usual level. Movement begins abruptly in early September, shows several waves during that month, then resumes in early October.",draft
2010,avibase-3C0C325D,Buse variable,Common Buzzard,"Le passage est bon, avec une succession de blocages et de reprises liés à la météo et au stratus en octobre. Après la fin du suivi, les conditions de fin novembre déclenchent une fuite hivernale, partiellement observée dans le Genevois haut-savoyard.","Passage is good, with successive weather and low-cloud blockages and resumptions in October. After monitoring ends, late-November conditions trigger a winter escape movement, partly observed in the Haute-Savoie Geneva area.",draft
2010,avibase-C235A4D7,Canard chipeau,Gadwall,,,numerical_or_list_only
2010,avibase-D4C32F8E,Choucas des tours,Western Jackdaw,,,numerical_or_list_only
2010,avibase-28825494,Cigogne blanche,White Stork,Le passage baisse légèrement par rapport à 2009. Il reste surtout concentré de la fin août au début septembre. Des groupes font régulièrement halte à proximité ; un mouvement de fuite hivernale entraîne aussi un stationnement dans le secteur en décembre.,Passage falls slightly from 2009. It remains concentrated mainly from late August into early September. Flocks regularly stop nearby; a winter escape movement also brings a local stopover in December.,draft
2010,avibase-E2817DAE,Cigogne noire,Black Stork,"Le passage commence tôt, avec des groupes dès le début août, puis reprend à la fin août avant de culminer en septembre. Des oiseaux font également halte dans les environs.","Passage begins early, with groups from early August, then resumes in late August before peaking in September. Birds also stop in the surrounding area.",draft
2010,avibase-8372FFBA,Circaète Jean-le-Blanc,Short-toed Snake Eagle,,,numerical_or_list_only
2010,avibase-1078FFEA,Corbeau freux,Rook,"Le passage reste faible, avec davantage d’oiseaux observés aux Conches.","Passage remains weak, with more birds observed at Les Conches.",draft
2010,avibase-082F3A63,Courlis corlieu,Eurasian Whimbrel,"Un afflux exceptionnel accompagne des conditions météorologiques très instables en août, qui semblent avoir provoqué une arrivée d’oiseaux. Les observations sont validées par le comité régional.","An exceptional influx accompanies very unsettled August weather, which appears to have brought birds down. The observations are accepted by the regional committee.",draft
2010,avibase-2DAB45B8,Faucon crécerelle,Common Kestrel,La saison est très bonne. Le passage se concentre à la fin septembre et présente un déroulement très proche de celui de 2009.,The season is very good. Passage is concentrated in late September and closely resembles the timing of 2009.,draft
2010,avibase-E91E287A,Faucon hobereau,Eurasian Hobby,Le passage se concentre surtout autour de la mi-septembre.,Passage is concentrated mainly around mid-September.,draft
2010,avibase-997A9437,Faucon kobez,Red-footed Falcon,Un jeune stationne plusieurs jours près du site en octobre. Il a probablement été aperçu depuis le poste sans pouvoir y être identifié.,A young bird stays near the site for several days in October. It was probably glimpsed from the watchpoint without being identified there.,draft
2010,avibase-47E58408,Faucon pèlerin,Peregrine Falcon,,,numerical_or_list_only
2010,avibase-F3DA111C,Faucon émerillon,Merlin,"La saison est un peu inférieure à la moyenne et le premier oiseau arrive tardivement. Le passage se renforce en octobre, avec plusieurs observations de chasse au ras du sol avant la poursuite du déplacement.","The season is slightly below average and the first bird arrives late. Passage strengthens in October, with several observations of low-level hunting before birds continue.",draft
2010,avibase-D8D10F2C,Geai des chênes,Eurasian Jay,Une irruption touche la France à partir de septembre et se manifeste aussi au Défilé. Le poste se prête mal à la détection des geais ; il faut néanmoins remonter à 1996 pour retrouver un mouvement comparable sur le site.,"An irruption affects France from September and is also evident at the Défilé. The watchpoint is poorly suited to detecting jays; nevertheless, a comparable movement was last seen here in 1996.",draft
2010,avibase-E074D706,Goéland leucophée,Yellow-legged Gull,"Les déplacements entre cultures et dortoirs du Rhône ou du Léman sont difficiles à distinguer de la migration, particulièrement à partir d’octobre.","Movements between farmland and roosts on the Rhône or Lake Geneva are difficult to distinguish from migration, particularly from October.",draft
2010,avibase-3DF5C587,Grand Cormoran,Great Cormorant,"Après une faible saison 2009, le passage retrouve un niveau plus habituel. Il est étalé sur la saison, avec une vague importante au début octobre.","After a weak 2009 season, passage returns to a more usual level. It extends across the season, with an important wave in early October.",draft
2010,avibase-49D9148A,Grande Aigrette,Great Egret,"La saison est faible. Les conditions météorologiques pourraient influencer ce résultat, tandis que le Mont Mourex enregistre davantage d’oiseaux que le Défilé.","The season is weak. Weather conditions may influence this result, while Mont Mourex records more birds than the Défilé.",draft
2010,avibase-99B8841E,Grue cendrée,Common Crane,Le passage se fait en petits groupes en octobre et au début novembre. Des jeunes sont identifiés parmi les migrateurs.,Passage involves small flocks in October and early November. Young birds are identified among the migrants.,draft
2010,avibase-407E2CA8,Harle bièvre,Common Merganser,Il reste difficile de distinguer une véritable migration de déplacements de dispersion le long du Rhône.,It remains difficult to distinguish true migration from dispersal along the Rhône.,draft
2010,avibase-30FEC6BE,Hirondelle de fenêtre,Western House Martin,Le passage de l’ensemble des hirondelles se renforce à la fin août et connaît plusieurs vagues en septembre. Les dernières Hirondelles de fenêtre passent en octobre.,Passage of swallows and martins as a whole strengthens in late August and shows several September waves. The last House Martins pass in October.,draft
2010,avibase-6F2AF9D0,Hirondelle de rochers,Eurasian Crag Martin,"L’Hirondelle de rochers reste la moins observée des quatre espèces, mais la plus tardive, avec une mention en novembre.","Eurasian Crag Martin remains the least recorded of the four species, but the latest, with a November observation.",draft
2010,avibase-6429024D,Héron cendré,Grey Heron,"La saison retrouve un niveau moyen après 2009. Le passage se concentre au début septembre. Les oiseaux d’été relèvent probablement surtout de la dispersion ; chez ce migrateur principalement nocturne, la météo pourrait aussi modifier la part du passage visible en journée.","The season returns to average after 2009. Passage is concentrated in early September. Summer birds probably mainly reflect dispersal; in this mainly nocturnal migrant, weather may also alter how much movement is visible by day.",draft
2010,avibase-4E6EF3F9,Martinet noir,Common Swift,"Plusieurs vagues sont observées de juillet au début août. Le passage reste difficile à évaluer dans une vaste sphère d’observation, généralement sans concentration nette.","Several waves are observed from July into early August. Passage remains difficult to assess across a broad observation area, usually without clear concentration.",draft
2010,avibase-FA1CAD29,Martinet à ventre blanc,Alpine Swift,Les observations sont surtout regroupées dans la seconde moitié d’août.,Observations are mainly grouped in the second half of August.,draft
2010,avibase-06D9A2C8,Milan noir,Black Kite,"La saison est excellente et le suivi débute alors que la migration est déjà engagée. Des conditions instables provoquent plusieurs vagues de la fin juillet à août. Après une période très perturbée, une dernière reprise assez tardive prolonge le passage au-delà de son rythme habituel.","The season is excellent and monitoring begins with migration already underway. Unsettled conditions produce several waves from late July through August. After a very disturbed spell, a fairly late final resumption extends passage beyond its usual timing.",draft
2010,avibase-451D6FC8,Milan royal,Red Kite,"La saison est excellente. Après une première vague de septembre, le passage se poursuit par reprises successives en octobre, au gré des blocages météorologiques. Des oiseaux utilisent un dortoir voisin ; une fuite hivernale entraîne aussi des déplacements après la fin du suivi principal.","The season is excellent. After an initial September wave, passage continues through successive October resumptions as weather blockages lift. Birds use a nearby roost; a winter escape movement also brings further movement after the main monitoring ends.",draft
2010,avibase-052BFA8A,Mouette mélanocéphale,Mediterranean Gull,"Les observations concernent surtout le début de saison, avec des oiseaux fréquentant aussi les Mouettes rieuses.","Observations mainly concern the start of the season, including birds associating with Black-headed Gulls.",draft
2010,avibase-FB02DD96,Mouette rieuse,Black-headed Gull,Le passage identifié se concentre au début du suivi. Les oiseaux stationnant à l’Etournel restent difficiles à distinguer des migrateurs.,Identified passage is concentrated at the start of monitoring. Birds staying at Étournel remain difficult to distinguish from migrants.,draft
2010,avibase-4AED44E8,Oie cendrée,Greylag Goose,"L’Oie cendrée reste rare en migration dans la région, avec quelques observations en octobre.","Greylag Goose remains a rare migrant in the region, with a few October observations.",draft
2010,avibase-68E4C0D1,Pigeon colombin,Stock Dove,"Le passage se renforce en octobre avec celui du Pigeon ramier. Lors des grands vols, les effectifs de colombins sont estimés à partir de leur proportion dans les groupes détaillés, puis extrapolés au passage journalier.","Passage strengthens in October alongside Common Wood Pigeons. In large flights, Stock Dove numbers are estimated from their proportion in flocks examined closely, then extrapolated to the daily passage.",draft
2010,avibase-760F307A,Pigeon ramier,Common Wood Pigeon,"La saison est très forte. Une attention accrue au début de matinée permet de mieux prendre en compte le passage, particulièrement concentré à la mi-octobre.","The season is very strong. Increased attention in the early morning improves coverage of passage, which is particularly concentrated in mid-October.",draft
2010,avibase-25A20BA6,Pluvier doré,European Golden Plover,Quelques observations d’octobre concernent cette espèce toujours rare en Haute-Savoie.,"A few October observations concern this species, which remains rare in Haute-Savoie.",draft
2010,avibase-DB376A66,Épervier d'Europe,Eurasian Sparrowhawk,"La saison est excellente. Après un flux diffus à la fin de l’été et en septembre, le passage se renforce nettement à la mi-octobre. Il est plus concentré qu’en 2009 tout en restant assez étalé.","The season is excellent. After scattered movement in late summer and September, passage strengthens sharply in mid-October. It is more concentrated than in 2009 while remaining fairly extended.",draft
2011,avibase-ED2AC04E,Alouette des champs,Eurasian Skylark,"Une forte journée d’octobre domine le bilan, mais le passage reste quotidien de la mi-octobre au début novembre.","One strong October day dominates the total, but passage remains daily from mid-October into early November.",draft
2011,avibase-742EC2F1,Alouette lulu,Woodlark,"La saison est moyenne, comparable aux deux précédentes, avec un passage régulier en octobre.","The season is average, comparable to the previous two, with regular October passage.",draft
2011,avibase-95DD1855,Autour des palombes,Eurasian Goshawk,,,numerical_or_list_only
2011,avibase-1327AC55,Balbuzard pêcheur,Osprey,La saison est excellente. Le passage augmente progressivement de la fin août à la mi-septembre. La distance de nombreux oiseaux empêche souvent de préciser leur âge ou leur sexe.,The season is excellent. Passage builds gradually from late August to mid-September. Many birds pass too far away for age or sex to be determined.,draft
2011,avibase-ED5A7E8F,Bondrée apivore,European Honey Buzzard,"La saison est moyenne. Une première vague est déjà signalée ailleurs avant que le flux ne se mette en place au Défilé. Un fort passage de fin août est suivi de deux reprises plus modestes en septembre, puis de quelques retardataires.","The season is average. An initial wave is already reported elsewhere before movement begins at the Défilé. Strong late-August passage is followed by two smaller September resumptions, then a few late birds.",draft
2011,avibase-F558C7F9,Busard Saint-Martin,Hen Harrier,"Le passage se situe dans la moyenne de la décennie précédente. À grande distance, une partie des oiseaux ne peut être distinguée entre femelles et jeunes.","Passage is around the average of the preceding decade. At long range, some birds cannot be distinguished as females or young birds.",draft
2011,avibase-63B6412E,Busard cendré,Montagu's Harrier,"L’espèce reste peu commune et irrégulière. Malgré ce faible passage, son calendrier est proche de celui des grands sites français, avec l’essentiel des observations en août.","The species remains uncommon and irregular. Despite weak passage, its timing resembles that at major French sites, with most observations in August.",draft
2011,avibase-E2A19474,Busard des roseaux,Western Marsh Harrier,"La saison est très bonne, confirmant un retour à des niveaux proches des années 1990 après les passages plus faibles des années 2000. Deux vagues principales se succèdent en septembre, suivies d’une reprise plus modeste en octobre.","The season is very good, confirming a return towards 1990s levels after weaker passage in the 2000s. Two main September waves are followed by a smaller October resumption.",draft
2011,avibase-90B13ACF,Buse pattue,Rough-legged Buzzard,"Une femelle adulte est signalée en octobre : la première mention en migration automnale sur le site, sous réserve de validation nationale.","An adult female is reported in October: the first autumn migration record at the site, subject to national acceptance.",draft
2011,avibase-3C0C325D,Buse variable,Common Buzzard,"La saison est excellente. Le passage ne prend véritablement de l’ampleur qu’en octobre, avec plusieurs vagues fortes dans la seconde moitié du mois. Il s’atténue en novembre, tout en restant sensible.","The season is excellent. Passage only really builds in October, with several strong waves in the second half of the month. It eases in November while remaining noticeable.",draft
2011,avibase-56CCA717,Canard pilet,Northern Pintail,,,numerical_or_list_only
2011,avibase-D4C32F8E,Choucas des tours,Western Jackdaw,"Le passage est très faible, comme celui du Corbeau freux avec lequel le Choucas forme souvent des groupes mixtes.","Passage is very weak, as for Rooks, with which Jackdaws often form mixed flocks.",draft
2011,avibase-28825494,Cigogne blanche,White Stork,"Le passage progresse à nouveau, surtout à la fin août, puis connaît une seconde vague en septembre. Des groupes observés dans les environs échappent au poste de suivi. Une modification de la répartition entre les voies suisse et franc-comtoise pourrait contribuer à cette hausse.","Passage increases again, mainly in late August, then shows a second September wave. Some flocks seen nearby escape detection at the watchpoint. A change in the balance between Swiss and Franche-Comté routes may contribute to the increase.",draft
2011,avibase-E2817DAE,Cigogne noire,Black Stork,"La saison est forte, avec un passage assez homogène de la fin juillet à la fin septembre. Un immature de fin novembre constitue alors la mention la plus tardive en Haute-Savoie.","The season is strong, with fairly even passage from late July to late September. A late-November immature becomes the latest Haute-Savoie record at the time.",draft
2011,avibase-8372FFBA,Circaète Jean-le-Blanc,Short-toed Snake Eagle,"Quelques migrateurs sont observés, dont un retardataire en octobre.","A few migrants are observed, including a late bird in October.",draft
2011,avibase-1078FFEA,Corbeau freux,Rook,"Le passage est très faible alors que les Conches connaissent une bonne saison. Une voie plus occidentale pourrait expliquer en partie ce contraste, sur fond de recul marqué au Défilé.","Passage is very weak while Les Conches has a good season. A more westerly route may partly explain this contrast, against a background of marked decline at the Défilé.",draft
2011,avibase-2DAB45B8,Faucon crécerelle,Common Kestrel,"La saison est exceptionnelle. Après un premier pic à la fin septembre, un afflux très marqué survient en octobre, également perceptible au Crêt des Roches. Malgré son ampleur, le passage conserve un calendrier proche des deux saisons précédentes.","The season is exceptional. After an initial late-September peak, a very strong October influx is also evident at Crêt des Roches. Despite its scale, passage keeps timing similar to the preceding two seasons.",draft
2011,avibase-E91E287A,Faucon hobereau,Eurasian Hobby,"La saison est excellente, avec un passage surtout concentré dans la seconde moitié de septembre.","The season is excellent, with passage concentrated mainly in the second half of September.",draft
2011,avibase-47E58408,Faucon pèlerin,Peregrine Falcon,,,numerical_or_list_only
2011,avibase-F3DA111C,Faucon émerillon,Merlin,"La saison est particulièrement forte. Après un premier oiseau précoce, le passage se concentre surtout en octobre. Des migrateurs sont observés en chasse ou se poursuivant en piqués.","The season is particularly strong. After an early first bird, passage is concentrated mainly in October. Migrants are seen hunting or chasing one another in dives.",draft
2011,avibase-A96692E0,Fuligule milouin,Common Pochard,,,numerical_or_list_only
2011,avibase-3DF5C587,Grand Cormoran,Great Cormorant,Le passage augmente brusquement après de nombreuses saisons sans tendance nette. La raison de cette hausse reste inconnue. Une forte vague d’octobre est suivie d’une dernière reprise au début novembre.,Passage rises abruptly after many seasons without a clear trend. The reason remains unknown. A strong October wave is followed by a final resumption in early November.,draft
2011,avibase-49D9148A,Grande Aigrette,Great Egret,Le passage est faible. Les conditions météorologiques pourraient fortement influencer la part de la migration observée sur le site.,Passage is weak. Weather conditions may strongly influence how much migration is observed at the site.,draft
2011,avibase-99B8841E,Grue cendrée,Common Crane,"La saison est particulièrement importante pour le Défilé, même si le passage reste modeste à l’échelle nationale. Plusieurs groupes traversent le secteur en octobre et novembre.","The season is particularly important for the Défilé, although passage remains modest nationally. Several flocks cross the area in October and November.",draft
2011,avibase-407E2CA8,Harle bièvre,Common Merganser,Le passage est inhabituellement élevé pour le site. La progression de l’espèce dans la vallée du Rhône et le bon état des populations suisses pourraient y contribuer.,Passage is unusually high for the site. Expansion along the Rhône valley and healthy Swiss populations may contribute.,draft
2011,avibase-30FEC6BE,Hirondelle de fenêtre,Western House Martin,"Le passage commence en août, après celui de l’Hirondelle de rivage. Les mouvements de l’ensemble des hirondelles se renforcent en septembre et les dernières Hirondelles de fenêtre sont vues en octobre.","Passage begins in August, after Sand Martins. Swallow and martin movements as a whole strengthen in September, and the last House Martins are seen in October.",draft
2011,avibase-94A1C447,Hirondelle de rivage,Sand Martin,"L’Hirondelle de rivage est la seule hirondelle observée en juillet, avant l’arrivée des autres espèces en août.","Sand Martin is the only swallow or martin recorded in July, before the other species arrive in August.",draft
2011,avibase-6429024D,Héron cendré,Grey Heron,"La saison est moyenne. Les observations estivales relèvent probablement surtout de la dispersion, puis plusieurs vagues de passage se succèdent autour du début septembre. Chez ce migrateur principalement nocturne, la météo pourrait modifier la part visible en journée.","The season is average. Summer observations probably mainly reflect dispersal, followed by several passage waves around early September. In this mainly nocturnal migrant, weather may alter how much movement is visible by day.",draft
2011,avibase-06D9A2C8,Milan noir,Black Kite,"La saison est exceptionnelle. Une bonne reproduction, associée à une concentration météorologique du passage en juillet, pourrait expliquer cet afflux, également observé à Creste. Le mouvement est particulièrement soutenu à la fin juillet et se poursuit en août.","The season is exceptional. Good breeding success combined with weather concentrating July passage may explain this influx, also observed at Creste. Movement is particularly sustained in late July and continues in August.",draft
2011,avibase-451D6FC8,Milan royal,Red Kite,"La saison est exceptionnelle et le passage se prolonge davantage qu’en 2009 et 2010, restant marqué en novembre. La hausse ne paraît pas s’expliquer par la seule croissance des nicheurs suisses ni par un simple transfert depuis le Crêt des Roches.","The season is exceptional and passage lasts longer than in 2009 and 2010, remaining strong in November. Growth in Swiss breeders alone, or a simple transfer from Crêt des Roches, seems insufficient to explain the increase.",draft
2011,avibase-4AED44E8,Oie cendrée,Greylag Goose,"L’espèce reste rare en migration en Haute-Savoie, avec une observation en octobre.","The species remains a rare migrant in Haute-Savoie, with an October observation.",draft
2011,avibase-68E4C0D1,Pigeon colombin,Stock Dove,"Le passage est plus étalé que celui du Pigeon ramier. Une première vague de septembre comprend surtout des colombins ; une seconde, en octobre, se mêle aux ramiers. Dans les grands vols, leur nombre est extrapolé à partir des groupes détaillés.","Passage is more extended than that of Common Wood Pigeons. A first September wave mainly comprises Stock Doves; a second October wave mixes with Wood Pigeons. In large flights, numbers are extrapolated from flocks examined closely.",draft
2011,avibase-760F307A,Pigeon ramier,Common Wood Pigeon,"Après la forte saison 2010, le passage retrouve un niveau proche des années 2004–2009. Trois vagues se succèdent dans la seconde moitié d’octobre, chacune moins importante que la précédente.","After the strong 2010 season, passage returns towards 2004–2009 levels. Three waves follow in the second half of October, each smaller than the preceding one.",draft
2011,avibase-DB376A66,Épervier d'Europe,Eurasian Sparrowhawk,"La saison est très forte. Après un début diffus à la fin de l’été, le flux devient perceptible en septembre puis se renforce nettement dans la seconde moitié d’octobre. Le passage reste étalé avant de diminuer en novembre.","The season is very strong. After a scattered late-summer start, movement becomes noticeable in September and strengthens sharply in the second half of October. Passage remains extended before declining in November.",draft
2012,avibase-ED2AC04E,Alouette des champs,Eurasian Skylark,"Le passage est régulier jusqu’à la mi-novembre, avec plusieurs vagues marquées en octobre.","Passage remains regular into mid-November, with several pronounced October waves.",draft
2012,avibase-742EC2F1,Alouette lulu,Woodlark,"La saison dépasse légèrement les trois précédentes, sans retrouver l’abondance de 2008. Les observations sont presque quotidiennes d’octobre à la mi-novembre.",The season slightly exceeds the preceding three without matching 2008. Observations are almost daily from October into mid-November.,draft
2012,avibase-95DD1855,Autour des palombes,Eurasian Goshawk,,,numerical_or_list_only
2012,avibase-1327AC55,Balbuzard pêcheur,Osprey,"Le passage est inférieur à celui des meilleures saisons et se déroule de manière irrégulière, en plusieurs petites vagues. La distance empêche souvent de préciser l’âge ou le sexe des oiseaux.",Passage falls below the best seasons and unfolds irregularly in several small waves. Distance often prevents age or sex from being determined.,draft
2012,avibase-ED5A7E8F,Bondrée apivore,European Honey Buzzard,"Le passage est faible, comme sur plusieurs autres sites européens. Des conditions défavorables au printemps pourraient avoir réduit la réussite de reproduction. Deux vagues principales se succèdent entre la fin août et le début septembre, puis les observations deviennent rares.","Passage is weak, as at several other European sites. Unfavourable spring conditions may have reduced breeding success. Two main waves follow from late August into early September, then observations become scarce.",draft
2012,avibase-F558C7F9,Busard Saint-Martin,Hen Harrier,"Le passage reste dans la moyenne, mais s’étale davantage que les années précédentes. Une partie des oiseaux demeure de type femelle, sans distinction certaine entre femelles et jeunes à distance.","Passage remains average but extends over longer than in previous years. Some birds remain female-type, without certain separation of females and young birds at distance.",draft
2012,avibase-63B6412E,Busard cendré,Montagu's Harrier,"Le passage reste faible et semble légèrement plus tardif qu’à l’accoutumée, avec des oiseaux de la fin août au début septembre.","Passage remains weak and seems slightly later than usual, with birds from late August into early September.",draft
2012,avibase-E2A19474,Busard des roseaux,Western Marsh Harrier,"La saison est moins forte qu’en 2011, tout en restant au-dessus des niveaux habituels des années 2000. Le passage est plus tardif, avec un renforcement à la fin septembre et une poursuite en octobre. Les oiseaux indéterminés empêchent de conclure sur la proportion des sexes.","The season is weaker than 2011 while remaining above typical 2000s levels. Passage is later, strengthening in late September and continuing into October. Unidentified birds prevent a conclusion about the sex ratio.",draft
2012,avibase-3C0C325D,Buse variable,Common Buzzard,"La saison est exceptionnelle, avec un passage massif en octobre puis de nouveaux mouvements tardifs. Le froid et la neige de fin novembre semblent entraîner une fuite hivernale qui se poursuit en décembre, au-delà de la période principale de suivi.","The season is exceptional, with massive October passage followed by further late movements. Cold and snow in late November appear to trigger a winter escape movement continuing into December, beyond the main monitoring period.",draft
2012,avibase-85625D75,Canard colvert,Mallard,,,numerical_or_list_only
2012,avibase-56CCA717,Canard pilet,Northern Pintail,,,numerical_or_list_only
2012,avibase-D4C32F8E,Choucas des tours,Western Jackdaw,"Le passage retrouve un niveau moyen. Les résultats des Conches ne suggèrent pas, cette année, un déplacement massif du flux vers ce site au détriment du Défilé.",Passage returns to average. Results at Les Conches do not suggest a major shift towards that site at the Défilé’s expense this year.,draft
2012,avibase-28825494,Cigogne blanche,White Stork,"Le passage poursuit sa progression. Une forte vague d’août est suivie de plusieurs reprises plus modestes. De nombreux groupes s’alimentent ou passent la nuit dans les environs, permettant notamment des lectures de bagues.","Passage continues to increase. A strong August wave is followed by several smaller resumptions. Many flocks feed or spend the night nearby, allowing rings to be read.",draft
2012,avibase-E2817DAE,Cigogne noire,Black Stork,"Le passage est un peu moins abondant et moins étalé qu’en 2011. Il reste assez régulier durant l’été et septembre, avec plusieurs journées de groupes importants.","Passage is slightly less numerous and less extended than in 2011. It remains fairly regular through summer and September, with several days of sizeable groups.",draft
2012,avibase-8372FFBA,Circaète Jean-le-Blanc,Short-toed Snake Eagle,Quelques migrateurs sont observés durant l’été et septembre. L’un d’eux est attaqué par des Milans royaux qui migrent avec lui.,A few migrants are observed during summer and September. One is attacked by Red Kites migrating alongside it.,draft
2012,avibase-1078FFEA,Corbeau freux,Rook,Le passage dépasse la moyenne des quatre saisons précédentes. Il se renforce au début novembre avant de diminuer progressivement.,Passage exceeds the average of the preceding four seasons. It strengthens in early November before gradually declining.,draft
2012,avibase-3BB5CBA6,Courlis cendré,Eurasian Curlew,,,numerical_or_list_only
2012,avibase-082F3A63,Courlis corlieu,Eurasian Whimbrel,,,numerical_or_list_only
2012,avibase-2DAB45B8,Faucon crécerelle,Common Kestrel,"Après une saison 2011 déjà exceptionnelle, le passage augmente encore et se concentre sur un afflux marqué au début octobre. Des mouvements importants sont également observés à des dates proches au Crêt des Roches et à Gruissan.","After an already exceptional 2011 season, passage increases further and concentrates in a pronounced early-October influx. Strong movements are also observed around the same time at Crêt des Roches and Gruissan.",draft
2012,avibase-E91E287A,Faucon hobereau,Eurasian Hobby,La saison est relativement bonne pour l’espèce.,The season is relatively good for the species.,draft
2012,avibase-47E58408,Faucon pèlerin,Peregrine Falcon,,,numerical_or_list_only
2012,avibase-F3DA111C,Faucon émerillon,Merlin,Le passage baisse nettement après la forte saison 2011. Il reste dispersé et surtout concentré dans la seconde moitié d’octobre. Un oiseau s’arrête pour chasser avant de poursuivre sa migration.,Passage falls sharply after the strong 2011 season. It remains scattered and mainly concentrated in the second half of October. One bird stops to hunt before continuing its migration.,draft
2012,avibase-A96692E0,Fuligule milouin,Common Pochard,,,numerical_or_list_only
2012,avibase-D8D10F2C,Geai des chênes,Eurasian Jay,"Une nouvelle irruption marque la saison, plus importante que celle de 2010. Des épisodes de brouillard semblent rapprocher les oiseaux du poste, facilitant leur détection sur un site habituellement peu favorable à leur observation.","A new irruption marks the season, stronger than in 2010. Fog episodes appear to bring birds closer to the watchpoint, improving detection at a site usually poorly suited to observing them.",draft
2012,avibase-3DF5C587,Grand Cormoran,Great Cormorant,"Le passage augmente fortement après une saison 2011 déjà importante. Une présence accrue le matin et le soir contribue toutefois à mieux couvrir les mouvements. L’essentiel du flux se déroule en octobre, avant une poursuite moins soutenue en novembre.","Passage rises sharply after an already strong 2011 season. Increased morning and evening coverage nevertheless contributes to better recording. Most movement occurs in October, followed by lighter November passage.",draft
2012,avibase-49D9148A,Grande Aigrette,Great Egret,"La saison est forte, dans des conditions météorologiques favorables au passage. Après quelques oiseaux estivaux, les groupes deviennent plus importants en octobre.","The season is strong, with weather favourable for passage. After a few summer birds, groups become larger in October.",draft
2012,avibase-99B8841E,Grue cendrée,Common Crane,"Le passage dépasse celui de 2011 et reste particulièrement important à l’échelle du site, quoique modeste par rapport aux grandes voies françaises.","Passage exceeds 2011 and remains particularly important locally, although modest compared with major French flyways.",draft
2012,avibase-407E2CA8,Harle bièvre,Common Merganser,"Le passage progresse encore après 2011, malgré des effectifs qui restent modestes.","Passage increases again after 2011, although numbers remain modest.",draft
2012,avibase-8F123A11,Hibou des marais,Short-eared Owl,,,numerical_or_list_only
2012,avibase-30FEC6BE,Hirondelle de fenêtre,Western House Martin,La saison est exceptionnelle pour l’ensemble des hirondelles. Les Hirondelles de fenêtre arrivent après les Hirondelles de rivage et leur passage est moins étalé que celui des rustiques.,"The season is exceptional for swallows and martins as a whole. House Martins arrive after Sand Martins, and their passage is less extended than that of Barn Swallows.",draft
2012,avibase-94A1C447,Hirondelle de rivage,Sand Martin,"L’Hirondelle de rivage ouvre le passage en juillet, avant l’arrivée des autres espèces en août. La saison est exceptionnelle pour l’ensemble des hirondelles, avec un fort mouvement de la mi-septembre au début octobre.","Sand Martins open passage in July, before other species arrive in August. The season is exceptional for swallows and martins as a whole, with strong movement from mid-September into early October.",draft
2012,avibase-6F2AF9D0,Hirondelle de rochers,Eurasian Crag Martin,"L’espèce reste très peu observée, malgré une saison exceptionnelle pour l’ensemble des hirondelles.",The species remains very rarely observed despite an exceptional season for swallows and martins as a whole.,draft
2012,avibase-58C502EA,Hirondelle rustique,Barn Swallow,"La saison est exceptionnelle pour l’ensemble des hirondelles. Les rustiques montrent un passage plus abondant et plus étalé que les Hirondelles de fenêtre, avec des retardataires jusqu’en novembre.","The season is exceptional for swallows and martins as a whole. Barn Swallows show more numerous and extended passage than House Martins, with late birds into November.",draft
2012,avibase-6429024D,Héron cendré,Grey Heron,"La saison est bonne, avec un passage qui se renforce en septembre et se poursuit en octobre. Les horaires d’observation influencent le comptage de cette espèce qui passe souvent le matin ou le soir.","The season is good, with passage strengthening in September and continuing in October. Observation hours influence counts of this species, which often passes in the morning or evening.",draft
2012,avibase-39086887,Labbe parasite,Parasitic Jaeger,Un jeune Labbe parasite est observé en octobre.,A young Arctic Skua is observed in October.,draft
2012,avibase-4E6EF3F9,Martinet noir,Common Swift,"Le passage est surtout important dès le début du suivi, puis diminue rapidement après le début août. La distance complique le comptage. Un dernier oiseau est observé très tardivement en novembre.","Passage is strongest at the start of monitoring, then declines rapidly after early August. Distance complicates counting. A final bird is observed very late in November.",draft
2012,avibase-FA1CAD29,Martinet à ventre blanc,Alpine Swift,"Le passage reste peu fourni, avec des observations réparties de l’été à octobre.","Passage remains sparse, with observations spread from summer into October.",draft
2012,avibase-06D9A2C8,Milan noir,Black Kite,"Le passage reste supérieur à la moyenne malgré une baisse après 2011. Les oiseaux sont présents dès le début du suivi et la migration se renforce au début août, avant de diminuer nettement durant la seconde moitié du mois.",Passage remains above average despite a fall from 2011. Birds are present from the start of monitoring and migration strengthens in early August before declining markedly in the second half of the month.,draft
2012,avibase-451D6FC8,Milan royal,Red Kite,La saison est exceptionnelle et prolonge la forte hausse de 2011. Le passage s’intensifie à la fin septembre et se poursuit par plusieurs vagues en octobre. Des mouvements encore importants à la fin novembre et au début décembre sont probablement liés aux conditions hivernales plus au nord.,The season is exceptional and continues the sharp rise of 2011. Passage intensifies in late September and continues through several October waves. Further strong movement in late November and early December is probably linked to winter conditions farther north.,draft
2012,avibase-052BFA8A,Mouette mélanocéphale,Mediterranean Gull,,,numerical_or_list_only
2012,avibase-4AED44E8,Oie cendrée,Greylag Goose,,,numerical_or_list_only
2012,avibase-A0148BE3,Oie indéterminée,goose sp.,,,numerical_or_list_only
2012,avibase-68E4C0D1,Pigeon colombin,Stock Dove,"La saison est bonne. Le passage commence plus tôt et s’étale davantage que celui du Pigeon ramier, mais les deux espèces culminent en octobre. Lors des grands vols, le nombre de colombins est extrapolé à partir de leur proportion dans les groupes détaillés.","The season is good. Passage begins earlier and lasts longer than that of Common Wood Pigeons, but both peak in October. In large flights, Stock Dove numbers are extrapolated from their proportion in flocks examined closely.",draft
2012,avibase-760F307A,Pigeon ramier,Common Wood Pigeon,"Le passage est fort, sans atteindre celui de 2010. Des horaires étendus améliorent sa couverture, mais les conditions au nord du Jura pourraient aussi modifier la répartition entre les voies à l’est et à l’ouest du massif.","Passage is strong without reaching 2010 levels. Extended observation hours improve coverage, but conditions north of the Jura may also alter the balance between routes east and west of the range.",draft
2012,avibase-6364E4A5,Pinson des arbres,Eurasian Chaffinch,"Le nombre de Pinsons des arbres identifiés est exceptionnel, mais la comparaison avec les années précédentes reste délicate : ils étaient habituellement davantage inclus parmi les passereaux indéterminés. Les rapaces restent prioritaires, et la distance empêche aussi de nombreuses identifications.","The number of identified Common Chaffinches is exceptional, but comparison with earlier years is difficult: birds were usually more often included among unidentified passerines. Raptors remain the priority, and distance also prevents many identifications.",draft
2012,avibase-5D1987CE,Vautour fauve,Griffon Vulture,,,numerical_or_list_only
2012,avibase-DB376A66,Épervier d'Europe,Eurasian Sparrowhawk,"Après une forte saison 2011, le passage augmente encore. Les observations estivales restent dispersées, puis le flux se renforce surtout d’octobre au début novembre, avant de diminuer en fin de suivi.","After a strong 2011 season, passage increases again. Summer observations remain scattered, then movement strengthens mainly from October into early November before declining towards the end of monitoring.",draft
2013,avibase-BAC4CA22,Aigle criard,Greater Spotted Eagle,"Un jeune est signalé en octobre, sous réserve de validation nationale.","A young bird is reported in October, subject to national acceptance.",draft
2013,avibase-A635F565,Aigle des steppes,Steppe Eagle,"Un immature est signalé en octobre : une première pour le site, sous réserve de validation nationale.","An immature is reported in October: a first for the site, subject to national acceptance.",draft
2013,avibase-C2565B65,Aigle pomarin,Lesser Spotted Eagle,"Un jeune est signalé en septembre, sous réserve de validation nationale.","A young bird is reported in September, subject to national acceptance.",draft
2013,avibase-5F8E7CA8,Aigle royal,Golden Eagle,Un immature est observé en migration active à la fin novembre.,An immature is observed actively migrating in late November.,draft
2013,avibase-ED2AC04E,Alouette des champs,Eurasian Skylark,"Le passage reste régulier jusqu’à la mi-novembre, avec une forte journée à la fin octobre.","Passage remains regular into mid-November, with a strong day in late October.",draft
2013,avibase-742EC2F1,Alouette lulu,Woodlark,La saison est exceptionnelle et le passage plus précoce que celui de l’Alouette des champs. Seules quelques années précédentes avaient montré une abondance comparable.,The season is exceptional and passage earlier than that of Eurasian Skylarks. Only a few earlier years had shown comparable abundance.,draft
2013,avibase-95DD1855,Autour des palombes,Eurasian Goshawk,,,numerical_or_list_only
2013,avibase-1327AC55,Balbuzard pêcheur,Osprey,"La saison est particulièrement forte. Après les premières observations d’août, plusieurs vagues de passage se succèdent en septembre.","The season is particularly strong. After initial August observations, several passage waves follow in September.",draft
2013,avibase-ED5A7E8F,Bondrée apivore,European Honey Buzzard,"La saison est très bonne après plusieurs années moyennes. L’essentiel du passage se concentre sur quelques journées de fin août, avant une poursuite moins soutenue en septembre.","The season is very good after several average years. Most passage is concentrated in a few late-August days, followed by lighter movement in September.",draft
2013,avibase-F558C7F9,Busard Saint-Martin,Hen Harrier,La saison se situe dans la moyenne.,The season is average.,draft
2013,avibase-63B6412E,Busard cendré,Montagu's Harrier,"L’espèce reste peu abondante sur le site, avec des oiseaux de la fin août à septembre.","The species remains scarce at the site, with birds from late August through September.",draft
2013,avibase-E2A19474,Busard des roseaux,Western Marsh Harrier,"La saison est bonne. Deux vagues principales, à la fin août puis au début septembre, précèdent un passage plus faible mais régulier jusqu’au début octobre. Un oiseau très tardif est encore observé à la fin novembre.",The season is good. Two main waves in late August and early September precede lighter but regular passage into early October. A very late bird is still observed in late November.,draft
2013,avibase-22647E26,Busard pâle,Pallid Harrier,Un mâle est observé en septembre ; l’identification est validée par le comité régional.,A male is observed in September; the identification is accepted by the regional committee.,draft
2013,avibase-3C0C325D,Buse variable,Common Buzzard,"Le passage reste très fort après 2012. Plusieurs vagues d’octobre sont suivies d’une accalmie, puis d’un mouvement tardif à la fin novembre et en décembre, pouvant correspondre à une fuite hivernale. Même sans cet épisode, la saison reste largement supérieure à la moyenne antérieure.","Passage remains very strong after 2012. Several October waves are followed by a lull, then a late-November and December movement that may represent a winter escape. Even without this episode, the season remains well above the earlier average.",draft
2013,avibase-D4C32F8E,Choucas des tours,Western Jackdaw,"Le passage est très faible, loin des niveaux régulièrement observés durant les années 1990.","Passage is very weak, far below levels regularly observed in the 1990s.",draft
2013,avibase-28825494,Cigogne blanche,White Stork,"Après deux saisons fortes, le passage revient au niveau des années 2008–2010. Plusieurs vagues se succèdent d’août au début septembre, puis quelques petits groupes prolongent le mouvement en octobre.","After two strong seasons, passage returns to 2008–2010 levels. Several waves follow from August into early September, then a few small groups extend movement into October.",draft
2013,avibase-E2817DAE,Cigogne noire,Black Stork,"Le passage baisse après les deux saisons précédentes, mais reste dans la moyenne des années 2000–2010. Deux vagues se distinguent, autour du début septembre puis à la fin du mois.","Passage falls from the preceding two seasons but remains around the 2000–2010 average. Two waves stand out, around early September and late in the month.",draft
2013,avibase-8372FFBA,Circaète Jean-le-Blanc,Short-toed Snake Eagle,,,numerical_or_list_only
2013,avibase-1078FFEA,Corbeau freux,Rook,Le passage reste très faible par rapport aux grandes saisons des années 1990.,Passage remains very weak compared with the great seasons of the 1990s.,draft
2013,avibase-2DAB45B8,Faucon crécerelle,Common Kestrel,Le passage baisse après 2012 mais reste particulièrement fort. Un afflux concentré autour du début octobre est suivi quelques jours plus tard par un mouvement important à Gruissan.,Passage falls from 2012 but remains particularly strong. An influx concentrated around early October is followed a few days later by strong movement at Gruissan.,draft
2013,avibase-E91E287A,Faucon hobereau,Eurasian Hobby,"La saison est moyenne, avec un passage centré sur la fin septembre.","The season is average, with passage centred on late September.",draft
2013,avibase-47E58408,Faucon pèlerin,Peregrine Falcon,,,numerical_or_list_only
2013,avibase-F3DA111C,Faucon émerillon,Merlin,La saison est bonne. Le passage se met surtout en place en octobre et se prolonge jusqu’au début novembre.,The season is good. Passage mainly develops in October and continues into early November.,draft
2013,avibase-3DF5C587,Grand Cormoran,Great Cormorant,"Le passage reste très élevé malgré une légère baisse après 2012. Il se renforce à la fin septembre, demeure soutenu en octobre et reprend brièvement à la fin novembre après un blocage météorologique.","Passage remains very high despite a slight fall from 2012. It strengthens in late September, stays sustained in October and briefly resumes in late November after a weather blockage.",draft
2013,avibase-49D9148A,Grande Aigrette,Great Egret,"Pour la deuxième année consécutive, le passage est nettement supérieur à la moyenne. Le Défilé accueille notamment des oiseaux provenant du centre et de l’est de l’Europe.","For the second consecutive year, passage is well above average. The Défilé receives birds originating notably from central and eastern Europe.",draft
2013,avibase-99B8841E,Grue cendrée,Common Crane,Le passage prend une ampleur inédite pour le site. Ce mouvement pourrait être lié à la mise en place d’une voie de migration à travers l’Europe centrale.,Passage reaches an unprecedented scale for the site. This movement may be linked to the development of a migration route across central Europe.,draft
2013,avibase-66AA3934,Guêpier d'Europe,European Bee-eater,"La saison est particulièrement forte et le maximum survient tardivement, à la fin septembre, alors que le passage habituel de l’espèce se déroule plus tôt.","The season is particularly strong, with a late peak in late September, whereas the species’ usual passage occurs earlier.",draft
2013,avibase-94A1C447,Hirondelle de rivage,Sand Martin,"Les Hirondelles de rivage ne représentent qu’une petite part du passage. Lors des fortes journées de fin septembre, la plupart des hirondelles restent indéterminées, empêchant une comparaison précise entre espèces.","Sand Martins form only a small part of passage. On strong late-September days, most swallows and martins remain unidentified, preventing precise comparisons between species.",draft
2013,avibase-6429024D,Héron cendré,Grey Heron,La saison se situe dans la moyenne des années 2000–2010. Le passage souvent matinal ou vespéral rend sa couverture sensible aux horaires d’observation.,"The season is around the 2000–2010 average. Often occurring in the morning or evening, passage coverage depends on observation hours.",draft
2013,avibase-4E6EF3F9,Martinet noir,Common Swift,"La saison est très forte et son calendrier inhabituel. Le passage est encore important à la fin juillet, probablement parce que les conditions printanières ont retardé la reproduction, puis le départ en migration.","The season is very strong and unusually timed. Passage remains strong in late July, probably because spring conditions delayed breeding and therefore migration departure.",draft
2013,avibase-06D9A2C8,Milan noir,Black Kite,"La saison est bonne, avec des effectifs élevés dès le début du suivi. Le passage reste soutenu de juillet au début août, sans maximum aussi marqué que l’année précédente.","The season is good, with high numbers from the start of monitoring. Passage remains sustained from July into early August, without a peak as pronounced as the previous year.",draft
2013,avibase-451D6FC8,Milan royal,Red Kite,"La saison reste remarquable malgré une baisse après 2012. Après le passage principal d’automne et une accalmie, un afflux inhabituellement tardif survient à la fin novembre, allongeant nettement la saison.","The season remains remarkable despite a fall from 2012. After the main autumn passage and a lull, an unusually late influx arrives in late November, markedly extending the season.",draft
2013,avibase-68E4C0D1,Pigeon colombin,Stock Dove,"La saison est particulièrement forte, avec une première vague en septembre puis plusieurs reprises en octobre. Lors des grands vols mixtes, les effectifs sont extrapolés à partir de la proportion de colombins dans les groupes détaillés.","The season is particularly strong, with an initial September wave followed by several October resumptions. In large mixed flights, numbers are extrapolated from the Stock Dove proportion in flocks examined closely.",draft
2013,avibase-760F307A,Pigeon ramier,Common Wood Pigeon,"Le passage dépasse la moyenne des années 2000–2010. Après un début timide, le flux s’installe brusquement et se concentre fortement à la mi-octobre.","Passage exceeds the 2000–2010 average. After a slow start, movement develops abruptly and becomes strongly concentrated in mid-October.",draft
2013,avibase-5D1987CE,Vautour fauve,Griffon Vulture,,,numerical_or_list_only
2013,avibase-DB376A66,Épervier d'Europe,Eurasian Sparrowhawk,"Le passage progresse pour la quatrième année consécutive. Il reste très étalé, avec un flux régulier et une alternance de passages et de blocages météorologiques.","Passage increases for the fourth consecutive year. It remains very extended, with regular movement alternating with weather blockages.",draft
2013,avibase-94A44032,Étourneau sansonnet,Common Starling,Le passage est exceptionnellement élevé par rapport aux années 2000–2010. Une forte journée de fin octobre domine le bilan.,Passage is exceptionally high compared with 2000–2010. One strong late-October day dominates the total.,draft
2014,avibase-BAC4CA22,Aigle criard,Greater Spotted Eagle,"Un jeune est signalé à une date assez tardive en octobre, sous réserve de validation nationale.","A young bird is reported at a fairly late date in October, subject to national acceptance.",draft
2014,avibase-C2565B65,Aigle pomarin,Lesser Spotted Eagle,"Plusieurs oiseaux sont signalés dans une même saison, dont deux ensemble, une situation exceptionnelle sur le site. Les identifications restent soumises à validation nationale.","Several birds are reported in one season, including two together, an exceptional situation at the site. Identifications remain subject to national acceptance.",draft
2014,avibase-95DD1855,Autour des palombes,Eurasian Goshawk,L’espèce reste rarement observée en migration sur le site.,The species remains rarely observed migrating at the site.,draft
2014,avibase-1327AC55,Balbuzard pêcheur,Osprey,"La saison est très bonne, proche de l’excellent passage de 2013.","The season is very good, close to the excellent 2013 passage.",draft
2014,avibase-ED5A7E8F,Bondrée apivore,European Honey Buzzard,"La saison établit un nouveau record à l’époque. Il faut remonter à 2005 pour retrouver un passage comparable, très concentré cette année sur la dernière semaine d’août.",The season sets a new record at the time. Comparable passage was last seen in 2005; this year it is strongly concentrated in the last week of August.,draft
2014,avibase-F558C7F9,Busard Saint-Martin,Hen Harrier,"Le passage est faible, dans la continuité de plusieurs saisons peu fournies.","Passage is weak, continuing several sparse seasons.",draft
2014,avibase-63B6412E,Busard cendré,Montagu's Harrier,"La saison est exceptionnellement forte. La très bonne migration des Bondrées pourrait y contribuer, les Busards cendrés accompagnant parfois leur mouvement.","The season is exceptionally strong. Very good Honey Buzzard migration may contribute, as Montagu’s Harriers sometimes accompany their movement.",draft
2014,avibase-E2A19474,Busard des roseaux,Western Marsh Harrier,"La saison est bonne, dans la continuité des passages plus forts observés depuis 2010. Les jeunes dominent parmi les oiseaux détaillés, suggérant une bonne reproduction dans le nord de l’Europe.","The season is good, continuing stronger passage observed since 2010. Young birds dominate those examined in detail, suggesting good breeding success in northern Europe.",draft
2014,avibase-22647E26,Busard pâle,Pallid Harrier,"Un mâle adulte est observé à la même date que le mâle de l’année précédente, sans que l’on puisse établir s’il s’agit du même oiseau.","An adult male is observed on the same date as the previous year’s male, without establishing whether it is the same bird.",draft
2014,avibase-3C0C325D,Buse variable,Common Buzzard,"Après deux saisons exceptionnelles, le passage revient à un niveau plus habituel. Pour la première fois en vingt ans de suivi, la Buse variable n’est plus le rapace le plus abondant de la saison, dépassée par le Milan noir.","After two exceptional seasons, passage returns to a more usual level. For the first time in twenty years of monitoring, Common Buzzard is no longer the season’s most numerous raptor, being exceeded by Black Kite.",draft
2014,avibase-28825494,Cigogne blanche,White Stork,La progression reprend après le recul inexpliqué de 2013. Le passage reste nettement supérieur aux niveaux du début des années 2000.,Growth resumes after the unexplained fall in 2013. Passage remains well above early-2000s levels.,draft
2014,avibase-E2817DAE,Cigogne noire,Black Stork,La saison est particulièrement bonne et confirme les passages plus élevés observés depuis plusieurs années.,The season is particularly good and confirms the higher passage observed over several years.,draft
2014,avibase-8372FFBA,Circaète Jean-le-Blanc,Short-toed Snake Eagle,,,numerical_or_list_only
2014,avibase-2DAB45B8,Faucon crécerelle,Common Kestrel,La saison reste très bonne après trois années exceptionnelles. La brusque hausse observée depuis 2010 reste sans explication.,The season remains very good after three exceptional years. The abrupt increase observed since 2010 remains unexplained.,draft
2014,avibase-E91E287A,Faucon hobereau,Eurasian Hobby,"La saison est très bonne, proche des plus forts passages observés auparavant.","The season is very good, close to the strongest passage previously observed.",draft
2014,avibase-47E58408,Faucon pèlerin,Peregrine Falcon,,,numerical_or_list_only
2014,avibase-F3DA111C,Faucon émerillon,Merlin,Le passage dépasse le niveau habituel de l’espèce.,Passage exceeds the species’ usual level.,draft
2014,avibase-3DF5C587,Grand Cormoran,Great Cormorant,Le passage baisse après les deux saisons précédentes mais reste très nettement supérieur à la moyenne antérieure.,Passage falls from the preceding two seasons but remains well above the earlier average.,draft
2014,avibase-49D9148A,Grande Aigrette,Great Egret,"Pour la troisième année consécutive, le passage reste nettement supérieur à la moyenne, malgré une baisse après 2013.","For the third consecutive year, passage remains well above average despite a fall from 2013.",draft
2014,avibase-6429024D,Héron cendré,Grey Heron,"La saison est très forte, avec un passage particulièrement concentré sur quelques journées.","The season is very strong, with passage particularly concentrated in a few days.",draft
2014,avibase-06D9A2C8,Milan noir,Black Kite,"La saison est exceptionnelle. Plusieurs journées de passage massif se succèdent de la fin juillet au début août. Pour la première fois en vingt ans de suivi, le Milan noir dépasse la Buse variable en nombre.","The season is exceptional. Several days of massive passage follow from late July into early August. For the first time in twenty years of monitoring, Black Kites outnumber Common Buzzards.",draft
2014,avibase-451D6FC8,Milan royal,Red Kite,"Le passage reste très élevé pour la quatrième année consécutive, malgré une baisse après 2012 et 2013. Il se poursuit en décembre avec l’arrivée du froid.",Passage remains very high for the fourth consecutive year despite a fall from 2012 and 2013. It continues into December with the arrival of cold weather.,draft
2014,avibase-68E4C0D1,Pigeon colombin,Stock Dove,"La saison est bonne, malgré une baisse après 2013. Le passage est surtout marqué en septembre, puis se poursuit avec les ramiers en octobre. Les grands vols font encore l’objet d’estimations par extrapolation.","The season is good despite a fall from 2013. Passage is strongest in September, then continues with Wood Pigeons in October. Large flights are still estimated by extrapolation.",draft
2014,avibase-760F307A,Pigeon ramier,Common Wood Pigeon,Le passage est nettement inférieur aux deux saisons précédentes et se concentre sur quelques journées d’octobre. Leur concordance avec les forts mouvements du Crêt des Roches souligne la position du Défilé en marge sud-est de cette voie importante.,Passage is well below the preceding two seasons and concentrated in a few October days. Their coincidence with strong movements at Crêt des Roches highlights the Défilé’s position on the southeastern edge of this important route.,draft
2014,avibase-5D1987CE,Vautour fauve,Griffon Vulture,,,numerical_or_list_only
2014,avibase-97C47F3E,Élanion blanc,Black-winged Kite,Il s’agit de la première observation de l’espèce en migration active sur le site.,This is the first observation of the species actively migrating at the site.,draft
2014,avibase-DB376A66,Épervier d'Europe,Eurasian Sparrowhawk,"Après deux très fortes saisons, le passage revient dans la moyenne. Il reste très étalé, avec plusieurs vagues de septembre au début novembre.","After two very strong seasons, passage returns to average. It remains very extended, with several waves from September into early November.",draft
2014,avibase-94A44032,Étourneau sansonnet,Common Starling,Le passage baisse légèrement après 2013 mais reste très supérieur aux niveaux habituellement observés auparavant.,Passage falls slightly from 2013 but remains far above levels usually observed beforehand.,draft
2015,avibase-BAC4CA22,Aigle criard,Greater Spotted Eagle,"Des oiseaux sont signalés en septembre et octobre, sous réserve de validation nationale.","Birds are reported in September and October, subject to national acceptance.",draft
2015,avibase-C2565B65,Aigle pomarin,Lesser Spotted Eagle,"Des adultes sont signalés en septembre, sous réserve de validation nationale.","Adults are reported in September, subject to national acceptance.",draft
2015,avibase-95DD1855,Autour des palombes,Eurasian Goshawk,L’espèce reste rarement observée en migration sur le site.,The species remains rarely observed migrating at the site.,draft
2015,avibase-1327AC55,Balbuzard pêcheur,Osprey,"Le passage baisse après 2013 et 2014, mais la saison reste très bonne.","Passage falls from 2013 and 2014, but the season remains very good.",draft
2015,avibase-ED5A7E8F,Bondrée apivore,European Honey Buzzard,"Le passage est médiocre après le record de 2014, illustrant les fortes variations d’une saison à l’autre.","Passage is poor after the 2014 record, illustrating the large differences between seasons.",draft
2015,avibase-F558C7F9,Busard Saint-Martin,Hen Harrier,"Le passage reste faible, dans la continuité des dernières saisons.","Passage remains weak, continuing the pattern of recent seasons.",draft
2015,avibase-63B6412E,Busard cendré,Montagu's Harrier,"La saison se situe dans la moyenne, avec un passage concentré, comme souvent, durant celui des Bondrées.","The season is average, with passage concentrated, as often, during that of Honey Buzzards.",draft
2015,avibase-E2A19474,Busard des roseaux,Western Marsh Harrier,"La saison s’inscrit dans les niveaux des années récentes. Deux vagues principales se succèdent en septembre, dans une tendance à l’augmentation depuis les années 2000.","The season is consistent with recent levels. Two main waves follow in September, against an increasing trend since the 2000s.",draft
2015,avibase-3C0C325D,Buse variable,Common Buzzard,"Après les saisons exceptionnelles de 2012 et 2013, le passage se maintient à un niveau plus habituel.","After the exceptional 2012 and 2013 seasons, passage remains at a more usual level.",draft
2015,avibase-28825494,Cigogne blanche,White Stork,Le passage diminue légèrement mais reste élevé. Les groupes éloignés à l’est sont difficiles à détecter et une partie de la migration peut échapper au comptage.,"Passage falls slightly but remains high. Distant flocks to the east are difficult to detect, and some migration may escape counting.",draft
2015,avibase-E2817DAE,Cigogne noire,Black Stork,"La saison reste parmi les plus fortes observées à l’époque, confirmant les niveaux plus élevés des dernières années.","The season remains among the strongest observed at the time, confirming the higher levels of recent years.",draft
2015,avibase-8372FFBA,Circaète Jean-le-Blanc,Short-toed Snake Eagle,L’espèce reste rarement observée en migration sur le site.,The species remains rarely observed migrating at the site.,draft
2015,avibase-2DAB45B8,Faucon crécerelle,Common Kestrel,"Après quatre saisons particulièrement fortes, le passage revient à un niveau plus habituel.","After four particularly strong seasons, passage returns to a more usual level.",draft
2015,avibase-E91E287A,Faucon hobereau,Eurasian Hobby,"La saison est très forte, proche des plus hauts niveaux observés auparavant.","The season is very strong, close to the highest levels previously observed.",draft
2015,avibase-47E58408,Faucon pèlerin,Peregrine Falcon,Le passage reste faible. Les observations reflètent surtout la tendance de l’espèce aux déplacements erratiques en hiver.,Passage remains weak. Observations mainly reflect the species’ tendency to wander in winter.,draft
2015,avibase-F3DA111C,Faucon émerillon,Merlin,Le passage est particulièrement faible par rapport aux saisons précédentes.,Passage is particularly weak compared with previous seasons.,draft
2015,avibase-3DF5C587,Grand Cormoran,Great Cormorant,"Après trois saisons exceptionnelles, le passage retrouve un niveau plus moyen. La douceur automnale entraîne un départ tardif, avec le maximum en novembre.","After three exceptional seasons, passage returns towards average. Mild autumn weather brings a late departure, with the peak in November.",draft
2015,avibase-06D9A2C8,Milan noir,Black Kite,"Après le record de 2014, le passage revient dans la moyenne. La tendance à l’augmentation depuis 2000 reste visible même sans les saisons exceptionnelles.","After the 2014 record, passage returns to average. The increase since 2000 remains visible even without the exceptional seasons.",draft
2015,avibase-451D6FC8,Milan royal,Red Kite,"Le passage reste particulièrement élevé pour la cinquième année consécutive, dans la continuité d’une forte progression depuis 2011.","Passage remains particularly high for the fifth consecutive year, continuing strong growth since 2011.",draft
2015,avibase-5D1987CE,Vautour fauve,Griffon Vulture,"L’espèce est désormais observée presque chaque année sur le site, depuis 2007.",The species has now been observed at the site almost annually since 2007.,draft
2015,avibase-DB376A66,Épervier d'Europe,Eurasian Sparrowhawk,"Le passage reste inférieur aux fortes saisons de 2012 et 2013, malgré un niveau légèrement supérieur à 2014. Cette baisse récente s’inscrit dans une tendance plus longue à l’augmentation depuis 2000.",Passage remains below the strong 2012 and 2013 seasons despite a slightly higher level than 2014. This recent reduction sits within a longer increase since 2000.,draft
2016,avibase-1327AC55,Balbuzard pêcheur,Osprey,Le passage baisse après les trois saisons précédentes mais reste dans la moyenne.,Passage falls from the preceding three seasons but remains average.,draft
2016,avibase-ED5A7E8F,Bondrée apivore,European Honey Buzzard,"Le passage est exceptionnellement faible. Le beau temps et le grand ciel bleu ont probablement permis aux oiseaux de traverser à haute altitude, au-dessus du Jura ou loin à l’est, hors de portée des observateurs.","Passage is exceptionally weak. Fine weather and clear skies probably allowed birds to cross at high altitude, over the Jura or far to the east, beyond the observers’ view.",draft
2016,avibase-F558C7F9,Busard Saint-Martin,Hen Harrier,Le passage reste faible. Quelques observations sont réalisées en dehors du protocole de suivi.,Passage remains weak. A few observations are made outside the monitoring protocol.,draft
2016,avibase-E2A19474,Busard des roseaux,Western Marsh Harrier,"Le passage baisse fortement après plusieurs saisons plus fournies. Comme pour la Bondrée, le beau temps pourrait avoir permis aux oiseaux de traverser à haute altitude ou loin du poste, réduisant leur détection.","Passage falls sharply after several stronger seasons. As for Honey Buzzards, fine weather may have allowed birds to cross high or far from the watchpoint, reducing detection.",draft
2016,avibase-3C0C325D,Buse variable,Common Buzzard,Le passage poursuit une légère remontée depuis 2014 après les saisons exceptionnelles de 2012 et 2013. Des oiseaux sont encore observés hors protocole à la fin novembre et au début décembre.,Passage continues a slight recovery since 2014 after the exceptional 2012 and 2013 seasons. Further birds are observed outside the protocol in late November and early December.,draft
2016,avibase-28825494,Cigogne blanche,White Stork,"Le passage baisse nettement. Les groupes éloignés à l’est sont particulièrement difficiles à repérer dans la brume persistante, et certains échappent probablement au comptage.","Passage falls markedly. Distant flocks to the east are particularly difficult to detect in persistent haze, and some probably escape counting.",draft
2016,avibase-E2817DAE,Cigogne noire,Black Stork,"La saison se situe dans les niveaux habituels des dernières années, supérieurs à ceux observés auparavant.","The season is consistent with recent levels, above those observed earlier.",draft
2016,avibase-2DAB45B8,Faucon crécerelle,Common Kestrel,"Le passage reste à un niveau plus habituel après les fortes saisons de 2011–2014, dans la continuité de 2015.","Passage remains at a more usual level after the strong 2011–2014 seasons, continuing the pattern of 2015.",draft
2016,avibase-E91E287A,Faucon hobereau,Eurasian Hobby,La baisse est brutale après la forte saison 2015. Le passage atteint un niveau particulièrement faible.,The fall is abrupt after the strong 2015 season. Passage reaches a particularly low level.,draft
2016,avibase-47E58408,Faucon pèlerin,Peregrine Falcon,Peu d’oiseaux sont notés en migration active ; les observations reflètent surtout les déplacements erratiques de l’espèce.,Few birds are recorded actively migrating; observations mainly reflect the species’ wandering movements.,draft
2016,avibase-F3DA111C,Faucon émerillon,Merlin,"Le passage remonte légèrement après 2015, mais reste inférieur à la moyenne.",Passage rises slightly from 2015 but remains below average.,draft
2016,avibase-3DF5C587,Grand Cormoran,Great Cormorant,"La saison se situe dans la moyenne, avec plusieurs vagues de passage en octobre.","The season is average, with several October passage waves.",draft
2016,avibase-06D9A2C8,Milan noir,Black Kite,"Comme en 2015, le passage retrouve un niveau moyen après le record de 2014. La tendance plus longue à l’augmentation reste visible même sans les saisons exceptionnelles.","As in 2015, passage returns to average after the 2014 record. The longer increase remains visible even without exceptional seasons.",draft
2016,avibase-451D6FC8,Milan royal,Red Kite,Le passage reste particulièrement élevé pour la sixième année consécutive. Des mouvements se poursuivent hors protocole à la fin novembre et au début décembre.,Passage remains particularly high for the sixth consecutive year. Movement continues outside the protocol in late November and early December.,draft
2016,avibase-68E4C0D1,Pigeon colombin,Stock Dove,Le passage de l’ensemble des pigeons est proche de 2015 et très concentré dans la seconde moitié d’octobre. Les colombins ne constituent qu’une petite part des oiseaux identifiés ; le total partagé ne leur est pas propre.,Overall pigeon passage is close to 2015 and strongly concentrated in the second half of October. Stock Doves form only a small share of identified birds; the combined total is not specific to them.,draft
2016,avibase-760F307A,Pigeon ramier,Common Wood Pigeon,Le passage de l’ensemble des pigeons est proche de 2015 et très concentré dans la seconde moitié d’octobre. Le Défilé reste à la marge sud-est de l’importante voie passant par le Crêt des Roches.,Overall pigeon passage is close to 2015 and strongly concentrated in the second half of October. The Défilé remains on the southeastern edge of the important route through Crêt des Roches.,draft
2016,avibase-97C47F3E,Élanion blanc,Black-winged Kite,Une nouvelle observation suit celle de 2014. Elle reste soumise à validation nationale.,A new observation follows the 2014 record. It remains subject to national acceptance.,draft
2016,avibase-DB376A66,Épervier d'Europe,Eurasian Sparrowhawk,Le passage reste nettement inférieur au maximum de 2013 et baisse après 2015.,Passage remains well below the 2013 maximum and falls from 2015.,draft
2016,avibase-94A44032,Étourneau sansonnet,Common Starling,Le passage est nettement inférieur à celui de la forte saison 2013.,Passage is well below the strong 2013 season.,draft
2017,avibase-BAC4CA22,Aigle criard,Greater Spotted Eagle,"Un jeune est signalé en octobre, sous réserve de validation nationale.","A young bird is reported in October, subject to national acceptance.",draft
2017,avibase-2A16982E,Aigle pomarin ou criard,Lesser/Greater Spotted Eagle,"Un aigle de type pomarin est observé, sans qu’un hybride puisse être exclu.","An eagle resembling a Lesser Spotted Eagle is observed, but a hybrid cannot be excluded.",draft
2017,avibase-95DD1855,Autour des palombes,Eurasian Goshawk,Le nombre de migrateurs reste très faible.,The number of migrants remains very low.,draft
2017,avibase-1327AC55,Balbuzard pêcheur,Osprey,Le passage remonte fortement après 2016 et retrouve presque le niveau de l’excellente saison 2013.,Passage rises sharply from 2016 and almost matches the excellent 2013 season.,draft
2017,avibase-ED5A7E8F,Bondrée apivore,European Honey Buzzard,"Le passage reste médiocre, comparable à 2015. Le beau temps a probablement favorisé des trajets très hauts ou éloignés du poste, masquant une partie de la migration. Le maximum observé survient au début septembre.","Passage remains poor, comparable to 2015. Fine weather probably favoured very high or distant routes, concealing some migration. The observed peak occurs in early September.",draft
2017,avibase-F558C7F9,Busard Saint-Martin,Hen Harrier,Le passage est exceptionnellement faible. Des conditions favorables plus au nord pourraient avoir limité le départ de ce migrateur partiel vers le sud de l’Europe.,Passage is exceptionally weak. Favourable conditions farther north may have limited this partial migrant’s departure towards southern Europe.,draft
2017,avibase-63B6412E,Busard cendré,Montagu's Harrier,"Le passage reste modeste, dans les niveaux habituels, et se concentre durant celui des Bondrées.","Passage remains modest, within usual levels, and is concentrated during that of Honey Buzzards.",draft
2017,avibase-E2A19474,Busard des roseaux,Western Marsh Harrier,"Après une faible saison 2016, le passage retrouve les niveaux plus habituels des années récentes.","After a weak 2016 season, passage returns to the more usual levels of recent years.",draft
2017,avibase-22647E26,Busard pâle,Pallid Harrier,"La saison est exceptionnelle pour le site, dans un contexte d’augmentation des observations de l’espèce en France.","The season is exceptional for the site, against a background of increasing observations of the species in France.",draft
2017,avibase-3C0C325D,Buse variable,Common Buzzard,"Le passage est proche de celui de 2016, mais moins concentré. Il reste dans les niveaux habituels, loin des saisons marquées par de fortes fuites hivernales.","Passage is close to 2016 but less concentrated. It remains within usual levels, far below seasons marked by strong winter escape movements.",draft
2017,avibase-28825494,Cigogne blanche,White Stork,"Après la baisse de 2016, probablement liée en partie à la mauvaise visibilité vers l’est, le passage augmente fortement. La brume persistante et l’éloignement des groupes laissent néanmoins encore échapper une partie du mouvement.","After the 2016 fall, probably partly linked to poor visibility eastwards, passage increases sharply. Persistent haze and distant flocks nevertheless still cause some movement to be missed.",draft
2017,avibase-E2817DAE,Cigogne noire,Black Stork,"La saison est particulièrement forte, dans la continuité de niveaux plus élevés depuis plusieurs années.","The season is particularly strong, continuing higher levels over several years.",draft
2017,avibase-8372FFBA,Circaète Jean-le-Blanc,Short-toed Snake Eagle,"Le passage est exceptionnel pour cette espèce rare au Défilé, situé en limite de son aire de répartition. L’augmentation des populations nicheuses pourrait contribuer à cette bonne saison.","Passage is exceptional for this rare species at the Défilé, near the edge of its range. Growing breeding populations may contribute to this good season.",draft
2017,avibase-2DAB45B8,Faucon crécerelle,Common Kestrel,"Après deux saisons plus habituelles, le passage retrouve l’ampleur des grandes années de 2011–2014.","After two more usual seasons, passage returns to the scale of the strong 2011–2014 years.",draft
2017,avibase-E91E287A,Faucon hobereau,Eurasian Hobby,Le passage remonte après 2016 mais reste faible.,Passage rises from 2016 but remains weak.,draft
2017,avibase-997A9437,Faucon kobez,Red-footed Falcon,Une observation souligne la rareté de l’espèce en automne dans la région. Sa migration en boucle emprunte davantage l’ouest de l’Europe au printemps et l’est en automne.,An observation highlights the species’ autumn rarity in the region. Its loop migration mainly uses western Europe in spring and eastern Europe in autumn.,draft
2017,avibase-47E58408,Faucon pèlerin,Peregrine Falcon,Peu d’oiseaux sont notés en migration active ; les observations reflètent surtout les déplacements erratiques de l’espèce.,Few birds are recorded actively migrating; observations mainly reflect the species’ wandering movements.,draft
2017,avibase-F3DA111C,Faucon émerillon,Merlin,"Le passage est très faible. Comme pour le Busard Saint-Martin, les oiseaux pourraient être restés plus au nord.","Passage is very weak. As for Hen Harriers, birds may have remained farther north.",draft
2017,avibase-3DF5C587,Grand Cormoran,Great Cormorant,"Le passage augmente fortement après 2015 et 2016, avec plusieurs vagues importantes réparties entre septembre et octobre.","Passage rises sharply from 2015 and 2016, with several important waves spread across September and October.",draft
2017,avibase-8F123A11,Hibou des marais,Short-eared Owl,Une observation rappelle la grande rareté de l’espèce sur le site.,An observation highlights the species’ great rarity at the site.,draft
2017,avibase-D49A669A,Hybride Aigle criard x pomarin,Lesser x Greater Spotted Eagle (hybrid),Un aigle hybride est reconnu grâce à une balise posée au nid en Lituanie deux ans auparavant.,A hybrid eagle is recognised thanks to a transmitter fitted at its nest in Lithuania two years earlier.,draft
2017,avibase-06D9A2C8,Milan noir,Black Kite,"La saison est très forte, proche de celle de 2014. Plusieurs fortes journées se succèdent autour de la fin juillet et du début août, dans la continuité d’une tendance plus longue à l’augmentation.","The season is very strong, close to 2014. Several strong days follow around late July and early August, continuing a longer increase.",draft
2017,avibase-451D6FC8,Milan royal,Red Kite,"La saison reste très forte mais présente un calendrier inhabituel : la vague de septembre dépasse celle d’octobre. Un refroidissement précoce pourrait avoir avancé les départs, alors que le maximum est habituellement plus tardif.","The season remains very strong but has unusual timing: the September wave exceeds October’s. Early cooling may have advanced departures, whereas the peak is usually later.",draft
2017,avibase-68E4C0D1,Pigeon colombin,Stock Dove,"Le passage de l’ensemble des pigeons est important et son maximum plus précoce qu’à l’accoutumée, avec de fortes vagues avant et après. Les colombins restent minoritaires parmi les oiseaux identifiés.","Overall pigeon passage is strong and its peak earlier than usual, with substantial waves before and after. Stock Doves remain a minority among identified birds.",draft
2017,avibase-760F307A,Pigeon ramier,Common Wood Pigeon,Le passage de l’ensemble des pigeons est important et son maximum plus précoce qu’à l’accoutumée. Des vagues fortes sont également observées de part et d’autre de ce maximum d’octobre.,Overall pigeon passage is strong and its peak earlier than usual. Strong waves are also observed on either side of this October peak.,draft
2017,avibase-5A3D91D3,Pygargue à queue blanche,White-tailed Eagle,"Un jeune pygargue est signalé en novembre, sous réserve de validation régionale.","A young White-tailed Eagle is reported in November, subject to regional acceptance.",draft
2017,avibase-97C47F3E,Élanion blanc,Black-winged Kite,De nouvelles observations accompagnent l’augmentation de l’espèce dans l’est de la France. Elles restent soumises à validation régionale.,New observations accompany the species’ increase in eastern France. They remain subject to regional acceptance.,draft
2017,avibase-DB376A66,Épervier d'Europe,Eurasian Sparrowhawk,"Le passage remonte légèrement après 2016 mais reste très inférieur au maximum de 2013. Le pic de la saison survient tôt, en septembre.","Passage rises slightly from 2016 but remains far below the 2013 maximum. The season’s peak occurs early, in September.",draft
2018,avibase-C2565B65,Aigle pomarin,Lesser Spotted Eagle,,,numerical_or_list_only
2018,avibase-1327AC55,Balbuzard pêcheur,Osprey,"Le passage est faible, loin des excellentes saisons de 2013 et 2017.","Passage is weak, far below the excellent 2013 and 2017 seasons.",draft
2018,avibase-ED5A7E8F,Bondrée apivore,European Honey Buzzard,"Le passage remonte après 2017. La météo reste déterminante pour la détection : par beau temps, la migration peut s’étaler sur un large front et échapper en partie aux observateurs.","Passage rises from 2017. Weather remains crucial for detection: in fine conditions, migration can spread across a broad front and partly escape observers.",draft
2018,avibase-F558C7F9,Busard Saint-Martin,Hen Harrier,"Le passage remonte après une saison 2017 exceptionnellement faible, mais reste dans la moyenne basse.",Passage rises from an exceptionally weak 2017 season but remains on the low side of average.,draft
2018,avibase-63B6412E,Busard cendré,Montagu's Harrier,Le passage reste faible et baisse encore par rapport à 2017.,Passage remains weak and falls further from 2017.,draft
2018,avibase-E2A19474,Busard des roseaux,Western Marsh Harrier,"Après la reprise de 2017, le passage baisse de nouveau et se rapproche de la faible saison 2016.","After the 2017 recovery, passage falls again towards the weak 2016 season.",draft
2018,avibase-90B13ACF,Buse pattue,Rough-legged Buzzard,Une observation d’octobre rappelle le caractère exceptionnel de l’espèce sur le site.,An October observation highlights the species’ exceptional rarity at the site.,draft
2018,avibase-3C0C325D,Buse variable,Common Buzzard,"Le passage est moins abondant qu’en 2017 mais nettement plus concentré, avec une forte journée à la fin octobre. La saison reste dans les niveaux habituels plutôt que dans ceux des grandes fuites hivernales.","Passage is less numerous than in 2017 but much more concentrated, with a strong late-October day. The season remains within usual levels rather than those of major winter escape movements.",draft
2018,avibase-28825494,Cigogne blanche,White Stork,Le passage baisse après la forte saison 2017 mais reste très bon au regard des années précédentes. L’éloignement des groupes à l’est laisse probablement échapper une partie du mouvement.,Passage falls from the strong 2017 season but remains very good compared with earlier years. Distant flocks to the east probably cause some movement to be missed.,draft
2018,avibase-E2817DAE,Cigogne noire,Black Stork,"Après une forte saison 2017, le passage retrouve les niveaux plus habituels de la décennie récente.","After a strong 2017 season, passage returns to more usual levels for the recent decade.",draft
2018,avibase-8372FFBA,Circaète Jean-le-Blanc,Short-toed Snake Eagle,Le passage retrouve un niveau faible et plus habituel après la saison exceptionnelle de 2017.,"Passage returns to a low, more usual level after the exceptional 2017 season.",draft
2018,avibase-2DAB45B8,Faucon crécerelle,Common Kestrel,Le passage est très faible après l’excellente saison 2017.,Passage is very weak after the excellent 2017 season.,draft
2018,avibase-E91E287A,Faucon hobereau,Eurasian Hobby,La saison est plutôt bonne après plusieurs années de faible passage.,The season is fairly good after several years of weak passage.,draft
2018,avibase-F3DA111C,Faucon émerillon,Merlin,"Le passage remonte après les très faibles saisons de 2015 et 2017, sans effacer la baisse observée sur une période plus longue.",Passage rises from the very weak 2015 and 2017 seasons without reversing the decline observed over a longer period.,draft
2018,avibase-3DF5C587,Grand Cormoran,Great Cormorant,"Le passage baisse après 2017 mais reste fort. La couverture des premières heures du jour pourrait expliquer une partie des écarts entre saisons, l’espèce passant plus tôt que les rapaces prioritaires du suivi.","Passage falls from 2017 but remains strong. Coverage of the earliest daylight hours may explain some differences between seasons, as the species passes earlier than the raptors prioritised by monitoring.",draft
2018,avibase-06D9A2C8,Milan noir,Black Kite,Le passage baisse après la forte saison 2017 tout en restant supérieur à 2015 et 2016. Les principales vagues se concentrent autour de la fin juillet et du début août.,Passage falls from the strong 2017 season while remaining above 2015 and 2016. The main waves are concentrated around late July and early August.,draft
2018,avibase-451D6FC8,Milan royal,Red Kite,"Le passage baisse après plusieurs saisons fortes mais reste élevé dans une perspective plus longue. Son calendrier redevient plus habituel, avec un maximum d’octobre plutôt que la vague précoce observée en 2017.","Passage falls after several strong seasons but remains high in a longer perspective. Timing becomes more usual again, with an October peak rather than the early wave observed in 2017.",draft
2018,avibase-68E4C0D1,Pigeon colombin,Stock Dove,"Le passage de l’ensemble des pigeons baisse après 2017 tout en restant parmi les bons niveaux récents. Les colombins montrent une petite vague au début octobre, avant les principaux mouvements de ramiers.",Overall pigeon passage falls from 2017 while remaining among good recent levels. Stock Doves show a small early-October wave before the main Wood Pigeon movements.,draft
2018,avibase-760F307A,Pigeon ramier,Common Wood Pigeon,Le passage de l’ensemble des pigeons baisse après 2017 tout en restant bon. Les ramiers se concentrent surtout dans des vagues de mi-octobre et de début novembre.,Overall pigeon passage falls from 2017 while remaining good. Wood Pigeons are concentrated mainly in mid-October and early-November waves.,draft
2018,avibase-5A3D91D3,Pygargue à queue blanche,White-tailed Eagle,Une nouvelle observation de novembre suit celle de l’année précédente.,A new November observation follows the previous year’s record.,draft
2018,avibase-DB376A66,Épervier d'Europe,Eurasian Sparrowhawk,"Le passage baisse et reste très inférieur à 2013. La détection de ces oiseaux rapides et discrets dépend toutefois du vent : un flux de nord-est peut les rendre plus faciles à repérer, alors que d’autres conditions les désavantagent.","Passage falls and remains far below 2013. Detection of these fast, unobtrusive birds nevertheless depends on wind: northeasterly flow can make them easier to spot, whereas other conditions hinder observation.",draft
2019,avibase-4B8CC285,Aigle botté,Booted Eagle,Un jeune de forme claire est photographié en migration active en novembre. Cette date est exceptionnellement tardive pour les observations de l’espèce sur le site.,A pale-morph young bird is photographed actively migrating in November. This date is exceptionally late for the species at the site.,draft
2019,avibase-C2565B65,Aigle pomarin,Lesser Spotted Eagle,"Un aigle de type pomarin est identifié en septembre, à une date habituelle pour cette espèce très rare en France.","An eagle resembling a Lesser Spotted Eagle is identified in September, at a usual date for this species, which is very rare in France.",draft
2019,avibase-5F8E7CA8,Aigle royal,Golden Eagle,"Un jeune est noté comme migrateur ou erratique, tandis que le couple local est observé presque quotidiennement. D’autres immatures fréquentent aussi le secteur, soulignant la difficulté de distinguer les différents mouvements.","A young bird is recorded as a migrant or wanderer, while the local pair is seen almost daily. Other immatures also visit the area, highlighting the difficulty of distinguishing different movements.",draft
2019,avibase-95DD1855,Autour des palombes,Eurasian Goshawk,Quelques oiseaux sont observés à des dates habituelles de novembre. L’espèce reste peu notée en migration active sur les sites français.,A few birds are observed at usual November dates. The species remains seldom recorded actively migrating at French sites.,draft
2019,avibase-1327AC55,Balbuzard pêcheur,Osprey,"Le passage reste loin des meilleures saisons et se concentre plus tôt qu’à l’accoutumée, au début septembre. Un oiseau bagué au nid en Allemagne et une femelle balisée en Lettonie illustrent les origines de certains migrateurs ; cette dernière poursuit sa route jusqu’en Mauritanie.","Passage remains far below the best seasons and is concentrated earlier than usual, in early September. A bird ringed as a chick in Germany and a female tagged in Latvia illustrate some migrants’ origins; the latter continues to Mauritania.",draft
2019,avibase-ED5A7E8F,Bondrée apivore,European Honey Buzzard,"Le passage est particulièrement faible. Plusieurs semaines de ciel bleu ont probablement permis une migration sur un front plus large, du Jura aux abords des Alpes, limitant la concentration au Défilé. Cette explication reste à confirmer et les faibles niveaux ne se retrouvent pas nécessairement sur les autres sites. Des jeunes sont aussi observés assez précocement.","Passage is particularly weak. Several weeks of clear skies probably allowed broader-front migration from the Jura towards the Alps, limiting concentration at the Défilé. This explanation remains to be confirmed, and low numbers are not necessarily matched elsewhere. Some young birds are also observed fairly early.",draft
2019,avibase-F558C7F9,Busard Saint-Martin,Hen Harrier,"Le passage est bon par rapport aux saisons récentes et assez tardif, surtout en novembre. Le maintien des observations malgré la pluie et des conditions difficiles contribue à ce résultat, l’espèce continuant à migrer par mauvais temps.","Passage is good compared with recent seasons and fairly late, mainly in November. Continued observation through rain and difficult conditions contributes to this result, as the species keeps migrating in poor weather.",draft
2019,avibase-63B6412E,Busard cendré,Montagu's Harrier,Le passage est très faible. Quelques oiseaux restent indéterminés entre Busard cendré et Busard pâle.,Passage is very weak. A few birds remain unidentified between Montagu’s and Pallid Harrier.,draft
2019,avibase-E2A19474,Busard des roseaux,Western Marsh Harrier,"Le passage reste inférieur à 2017 mais remonte légèrement après 2018. Les mâles adultes dominent au début septembre, puis les femelles et oiseaux de type femelle deviennent plus nombreux. Une présence régulière en octobre, avec des jeunes, distingue cette saison.","Passage remains below 2017 but rises slightly from 2018. Adult males dominate in early September, then females and female-type birds become more numerous. Regular October presence, including young birds, distinguishes this season.",draft
2019,avibase-22647E26,Busard pâle,Pallid Harrier,"Un jeune est identifié en octobre. D’autres oiseaux possibles restent classés comme cendré ou pâle, faute d’avoir pu relever tous les critères nécessaires.",A young bird is identified in October. Other possible birds remain recorded as Montagu’s or Pallid Harrier because not all necessary features could be checked.,draft
2019,avibase-3C0C325D,Buse variable,Common Buzzard,Le passage remonte légèrement après 2018. La météo d’octobre offre peu de conditions favorables à la détection et concentre le passage observé. Les conditions susceptibles de provoquer des déplacements hivernaux soudains n’arrivent qu’en toute fin de suivi.,Passage rises slightly from 2018. October weather provides few conditions favourable for detection and concentrates observed passage. Conditions likely to trigger sudden winter movements arrive only at the very end of monitoring.,draft
2019,avibase-28825494,Cigogne blanche,White Stork,"La saison est particulièrement forte et prolonge la progression de la décennie. Plusieurs grands groupes passent en août, mais la distance, les brumes de chaleur et le fond végétal du Salève compliquent leur détection. Des migrateurs tardifs sont encore observés en novembre.","The season is particularly strong and continues the decade’s increase. Several large flocks pass in August, but distance, heat haze and the Salève’s vegetated background complicate detection. Late migrants are still observed in November.",draft
2019,avibase-E2817DAE,Cigogne noire,Black Stork,"Le passage reste proche de 2018 et inférieur à la forte saison 2017. Le ciel bleu et les brumes de chaleur gênent la détection durant la période principale ; les petits effectifs d’observateurs peuvent aussi laisser échapper des oiseaux isolés. Les meilleures journées, l’une précoce et l’autre tardive, donnent un calendrier inhabituel.","Passage remains close to 2018 and below the strong 2017 season. Clear skies and heat haze hinder detection during the main period; small observer teams may also miss lone birds. The best days, one early and one late, produce unusual timing.",draft
2019,avibase-8372FFBA,Circaète Jean-le-Blanc,Short-toed Snake Eagle,Le passage reste dans les niveaux habituels de cette espèce rare. Des oiseaux locaux fréquentent aussi le Jura et le Vuache.,Passage remains within usual levels for this rare species. Local birds also frequent the Jura and Vuache.,draft
2019,avibase-2DAB45B8,Faucon crécerelle,Common Kestrel,"La saison est bonne et le passage semble plus tardif qu’auparavant, surtout concentré en octobre. Plusieurs autres sites français connaissent aussi de bons niveaux, mais ce constat n’est pas uniforme.","The season is good and passage seems later than before, concentrated mainly in October. Several other French sites also record good levels, but the pattern is not uniform.",draft
2019,avibase-E91E287A,Faucon hobereau,Eurasian Hobby,Le passage chute à un niveau exceptionnellement faible après une saison 2018 plutôt bonne. Aucune explication ne peut être établie à ce stade.,Passage falls to an exceptionally low level after a fairly good 2018 season. No explanation can be established at this stage.,draft
2019,avibase-47E58408,Faucon pèlerin,Peregrine Falcon,"Des oiseaux sont observés en migration active en novembre, dans les niveaux élevés des années récentes pour cette espèce peu abondante.","Birds are observed actively migrating in November, within recent high levels for this scarce species.",draft
2019,avibase-F3DA111C,Faucon émerillon,Merlin,"Le passage est meilleur que durant les dernières saisons, tout en restant inférieur à la moyenne de 1993–2017.",Passage is better than in recent seasons while remaining below the 1993–2017 average.,draft
2019,avibase-3DF5C587,Grand Cormoran,Great Cormorant,La saison est particulièrement forte. Une présence accrue dès le lever du soleil permet de compter de nombreux oiseaux matinaux et explique une partie de l’écart avec les années précédentes. La plupart des grands groupes sont observés durant les premières heures du suivi.,The season is particularly strong. Increased coverage from sunrise records many early birds and explains part of the difference from previous years. Most large flocks are seen during the first monitoring hours.,draft
2019,avibase-49D9148A,Grande Aigrette,Great Egret,"La saison est exceptionnellement forte. Des observations du lever au coucher du soleil améliorent la couverture du passage, tandis que l’augmentation de l’espèce apparaît aussi dans d’autres inventaires. Plusieurs vagues se succèdent en octobre et novembre.","The season is exceptionally strong. Sunrise-to-sunset observations improve passage coverage, while the species’ increase also appears in other surveys. Several waves follow in October and November.",draft
2019,avibase-99B8841E,Grue cendrée,Common Crane,"La saison reste forte malgré une baisse après 2018. Une grande part du passage se concentre en novembre, avec toutefois de premiers groupes assez précoces en octobre.","The season remains strong despite a fall from 2018. Much passage is concentrated in November, with initial flocks nevertheless appearing fairly early in October.",draft
2019,avibase-66AA3934,Guêpier d'Europe,European Bee-eater,Le passage progresse fortement et dépasse les bonnes saisons précédentes. Cette évolution accompagne l’expansion des populations nicheuses vers le nord.,Passage rises sharply and exceeds previous good seasons. This change accompanies the northward expansion of breeding populations.,draft
2019,avibase-8F123A11,Hibou des marais,Short-eared Owl,,,numerical_or_list_only
2019,avibase-6429024D,Héron cendré,Grey Heron,"La saison est excellente, avec un passage surtout marqué en septembre. La présence accrue des observateurs à l’aube et au crépuscule permet de mieux compter cette espèce, dont des groupes passent souvent aux extrémités de la journée.","The season is excellent, with passage strongest in September. Increased observer coverage at dawn and dusk improves counts of this species, whose groups often pass at the edges of the day.",draft
2019,avibase-06D9A2C8,Milan noir,Black Kite,La saison reste bonne sans retrouver l’ampleur de 2017. Les principales vagues de la fin juillet et d’août présentent un calendrier proche des deux années précédentes. Un retardataire est encore observé en octobre.,The season remains good without matching 2017. The main late-July and August waves have timing close to the preceding two years. A late bird is still observed in October.,draft
2019,avibase-451D6FC8,Milan royal,Red Kite,"Le passage remonte après 2018, avec une saison également forte au Crêt des Roches. Un flux régulier de septembre et d’octobre précède une seconde vague en novembre. Un oiseau marqué est reconnu après avoir été capturé en Espagne l’automne précédent.","Passage rises from 2018, with a strong season also at Crêt des Roches. Regular September and October movement precedes a second November wave. A marked bird is recognised after being captured in Spain the previous autumn.",draft
2019,avibase-68E4C0D1,Pigeon colombin,Stock Dove,"Le passage de l’ensemble des pigeons baisse après 2018. Les mauvaises conditions d’observation conduisent à laisser davantage d’oiseaux indéterminés, limitant la comparaison entre espèces et avec les années précédentes.","Overall pigeon passage falls from 2018. Poor observation conditions lead to more birds being left unidentified, limiting comparisons between species and with earlier years.",draft
2019,avibase-F837F893,Pigeon indéterminé,Columba sp.,Les mauvaises conditions conduisent à laisser davantage de pigeons indéterminés qu’en 2018. Cette prudence d’identification modifie fortement la part apparente des ramiers dans le passage total.,Poor conditions lead to more pigeons being left unidentified than in 2018. This cautious identification strongly alters the apparent Wood Pigeon share of overall passage.,draft
2019,avibase-760F307A,Pigeon ramier,Common Wood Pigeon,"Le faible nombre de ramiers identifiés est fortement influencé par les conditions d’observation : de nombreux oiseaux restent classés comme pigeons indéterminés. Le total de l’ensemble des pigeons baisse lui aussi. Cette saison contraste avec le fort passage au Crêt des Roches, qui pourrait traduire une répartition différente des voies empruntées.","The low number of identified Wood Pigeons is strongly affected by observation conditions: many birds remain recorded as unidentified pigeons. Overall pigeon passage also falls. This contrasts with strong passage at Crêt des Roches, perhaps reflecting a different balance between routes.",draft
2019,avibase-5D1987CE,Vautour fauve,Griffon Vulture,"Des oiseaux passent le long du Jura, sans distinction toujours certaine entre migration et erratisme. L’espèce reste irrégulière, malgré des observations plus fréquentes durant les années récentes.","Birds pass along the Jura, without always allowing certain separation of migration and wandering. The species remains irregular despite more frequent recent observations.",draft
2019,avibase-DB376A66,Épervier d'Europe,Eurasian Sparrowhawk,"Le passage est presque identique à 2018, à un niveau inférieur aux années précédentes. Les meilleures journées sont plus précoces que l’an passé. La détection dépend du vent, un flux de sud-est pouvant éloigner les oiseaux du poste.","Passage is almost identical to 2018, below earlier levels. The best days occur earlier than last year. Detection depends on wind, with southeasterly flow potentially taking birds farther from the watchpoint.",draft
2020,avibase-7E9CC505,Aigle indéterminé (Aquila),Aquila sp.,"Un grand aigle est observé sans identification certaine. Certains critères évoquent un Aigle impérial, mais les conditions ne permettent pas de conclure.","A large eagle is observed without certain identification. Some features suggest an Eastern Imperial Eagle, but conditions prevent a conclusion.",draft
2020,avibase-2A16982E,Aigle pomarin ou criard,Lesser/Greater Spotted Eagle,"Un aigle du groupe pomarin ou criard est observé en octobre, à une date habituelle pour ces espèces très rares en France.","An eagle in the Lesser or Greater Spotted Eagle group is observed in October, at a usual date for these species, which are very rare in France.",draft
2020,avibase-95DD1855,Autour des palombes,Eurasian Goshawk,Quelques oiseaux passent à la fin septembre et au début octobre. L’espèce reste rarement reconnue en migration active.,A few birds pass in late September and early October. The species remains rarely recognised in active migration.,draft
2020,avibase-1327AC55,Balbuzard pêcheur,Osprey,"Le passage reste proche de 2019 et loin des meilleures saisons. Comme l’année précédente, la période la plus dense paraît assez précoce. Le lien étroit avec la météo empêche toutefois d’attribuer un sens précis aux faibles effectifs.","Passage remains close to 2019 and far below the best seasons. As in the previous year, the densest period appears fairly early. Its close relationship with weather nevertheless prevents a firm interpretation of low numbers.",draft
2020,avibase-ED5A7E8F,Bondrée apivore,European Honey Buzzard,"Le passage remonte nettement après 2019 tout en restant légèrement inférieur à la moyenne. Il est régulier de la seconde moitié d’août à septembre, avec un maximum autour du début septembre et quelques retardataires en octobre.","Passage rises markedly from 2019 while remaining slightly below average. It is regular from the second half of August through September, peaking around early September, with a few late October birds.",draft
2020,avibase-F558C7F9,Busard Saint-Martin,Hen Harrier,La saison est très faible. Les oiseaux observés sont majoritairement des mâles adultes.,The season is very weak. Most birds observed are adult males.,draft
2020,avibase-63B6412E,Busard cendré,Montagu's Harrier,Le passage retrouve un niveau plus moyen après plusieurs saisons très faibles.,Passage returns towards average after several very weak seasons.,draft
2020,avibase-E2A19474,Busard des roseaux,Western Marsh Harrier,"Le passage baisse après 2019. Les mâles adultes passent d’abord, puis les jeunes et les oiseaux de type femelle deviennent majoritaires autour de la mi-septembre. La présence régulière d’octobre observée l’an passé ne se retrouve pas cette saison.","Passage falls from 2019. Adult males pass first, then young and female-type birds become the majority around mid-September. The regular October presence seen last year is not repeated.",draft
2020,avibase-22647E26,Busard pâle,Pallid Harrier,"Des jeunes sont identifiés en octobre, dans un contexte d’observations plus fréquentes sur les sites français.","Young birds are identified in October, against a background of more frequent observations at French sites.",draft
2020,avibase-AEEF72BC,Busard pâle / cendré,Pallid/Montagu's Harrier,"Plusieurs busards restent indéterminés entre pâle et cendré, les conditions empêchant de relever les critères nécessaires.","Several harriers remain unidentified between Pallid and Montagu’s, as conditions prevent the necessary features from being checked.",draft
2020,avibase-3C0C325D,Buse variable,Common Buzzard,"La saison est faible par rapport aux années récentes. Après un début discret en septembre, le passage se concentre davantage en octobre.","The season is weak compared with recent years. After a quiet September start, passage is more concentrated in October.",draft
2020,avibase-28825494,Cigogne blanche,White Stork,"Le passage continue de progresser, avec un fort afflux à la fin août. La saison est également importante au Crêt des Roches. Certains groupes éloignés à l’est échappent probablement encore à la détection.","Passage continues to increase, with a strong late-August influx. The season is also important at Crêt des Roches. Some distant flocks to the east probably still escape detection.",draft
2020,avibase-E2817DAE,Cigogne noire,Black Stork,"Le passage baisse encore après deux saisons déjà modestes. La détection reste délicate dans le ciel bleu, la brume ou sur fond de végétation, surtout avec peu d’observateurs. Ces limites empêchent de conclure directement à une diminution des populations.","Passage falls again after two already modest seasons. Detection remains difficult against clear skies, haze or vegetation, especially with few observers. These limitations prevent a direct conclusion about population decline.",draft
2020,avibase-8372FFBA,Circaète Jean-le-Blanc,Short-toed Snake Eagle,"Le passage reste dans les faibles niveaux habituels, tandis que quelques oiseaux locaux fréquentent aussi les reliefs voisins.","Passage remains within usual low levels, while a few local birds also frequent nearby hills.",draft
2020,avibase-2DAB45B8,Faucon crécerelle,Common Kestrel,"Le passage baisse après 2019 mais reste proche de la moyenne historique. Il paraît encore assez tardif, concentré autour du début octobre. D’autres sites français connaissent une bonne saison, soulignant les contrastes entre voies de passage.","Passage falls from 2019 but remains close to the historical average. It again appears fairly late, concentrated around early October. Other French sites have a good season, highlighting contrasts between routes.",draft
2020,avibase-E91E287A,Faucon hobereau,Eurasian Hobby,"Le passage remonte après le très faible résultat de 2019, mais reste largement inférieur à la moyenne. Cette faiblesse ne se retrouve pas sur les autres sites de suivi.",Passage rises from the very weak 2019 result but remains well below average. This weakness is not matched at other monitoring sites.,draft
2020,avibase-47E58408,Faucon pèlerin,Peregrine Falcon,Le passage reste dans les niveaux bas des années récentes pour cette espèce peu abondante.,Passage remains within recent low levels for this scarce species.,draft
2020,avibase-F3DA111C,Faucon émerillon,Merlin,La saison reste nettement inférieure à la moyenne de 1993–2017.,The season remains well below the 1993–2017 average.,draft
2020,avibase-3DF5C587,Grand Cormoran,Great Cormorant,"Le passage baisse nettement après 2019 tout en restant dans les niveaux élevés de la période récente. Il augmente progressivement à partir d’août, puis reste presque quotidien jusqu’à la fin du suivi.","Passage falls markedly from 2019 while remaining within recent high levels. It builds gradually from August, then remains almost daily until monitoring ends.",draft
2020,avibase-49D9148A,Grande Aigrette,Great Egret,"La saison baisse après 2019 mais reste relativement bonne dans une perspective plus longue. Les observations du lever au coucher du soleil améliorent la couverture, tandis que les conditions météorologiques contribuent aux fluctuations entre années.","The season falls from 2019 but remains relatively good in a longer perspective. Sunrise-to-sunset observation improves coverage, while weather contributes to differences between years.",draft
2020,avibase-99B8841E,Grue cendrée,Common Crane,"Le passage baisse nettement après 2019, sans retrouver les très faibles niveaux historiques. Plusieurs vagues se succèdent de la fin octobre à novembre.",Passage falls markedly from 2019 without returning to very low historical levels. Several waves follow from late October through November.,draft
2020,avibase-66AA3934,Guêpier d'Europe,European Bee-eater,La saison reste très forte malgré une baisse après 2019. Le bon passage au Crêt des Roches accompagne également l’expansion de l’espèce vers le nord.,The season remains very strong despite a fall from 2019. Good passage at Crêt des Roches also accompanies the species’ northward expansion.,draft
2020,avibase-6429024D,Héron cendré,Grey Heron,"La saison est faible après l’excellent passage de 2019. L’essentiel du mouvement reste centré sur septembre, avec une reprise limitée en octobre et quelques oiseaux au début novembre.","The season is weak after excellent passage in 2019. Most movement remains centred on September, with a limited October resumption and a few early-November birds.",draft
2020,avibase-06D9A2C8,Milan noir,Black Kite,"Le passage est nettement plus faible qu’en 2019 et les fortes journées habituelles manquent. Le mouvement principal se déroule de la fin juillet à août, avec quelques observations très tardives en octobre et novembre.","Passage is markedly weaker than in 2019 and the usual strong days are absent. Main movement runs from late July through August, with a few very late October and November observations.",draft
2020,avibase-451D6FC8,Milan royal,Red Kite,"La saison est très forte, comme au Crêt des Roches, confirmant l’importance des voies de part et d’autre du Jura. Le passage est régulier à la fin septembre et en octobre, puis se poursuit jusqu’au dernier jour de suivi.","The season is very strong, as at Crêt des Roches, confirming the importance of routes on both sides of the Jura. Passage is regular in late September and October, then continues to the last monitoring day.",draft
2020,avibase-68E4C0D1,Pigeon colombin,Stock Dove,"Le passage de l’ensemble des pigeons est inférieur aux deux années précédentes. Les colombins restent minoritaires parmi les oiseaux identifiés, dans un contexte de pratiques de comptage variables selon les années.","Overall pigeon passage is below the preceding two years. Stock Doves remain a minority among identified birds, against a background of counting practices varying between years.",draft
2020,avibase-760F307A,Pigeon ramier,Common Wood Pigeon,Le passage est faible et se concentre autour de la mi-octobre. Le contraste avec la forte saison du Crêt des Roches pourrait traduire une migration empruntant davantage l’autre côté du Jura.,Passage is weak and concentrated around mid-October. The contrast with the strong Crêt des Roches season may reflect migration using the other side of the Jura more heavily.,draft
2020,avibase-97C47F3E,Élanion blanc,Black-winged Kite,"De nouvelles observations accompagnent la progression de l’espèce en France, où son aire de reproduction continue de s’étendre.","New observations accompany the species’ increase in France, where its breeding range continues to expand.",draft
2020,avibase-DB376A66,Épervier d'Europe,Eurasian Sparrowhawk,"Le passage baisse fortement après plusieurs saisons déjà inférieures au maximum de 2013. Les conditions de vent peuvent toutefois modifier la détection, en rapprochant les oiseaux du poste ou en les déportant loin à l’est.",Passage falls sharply after several seasons already below the 2013 maximum. Wind conditions can nevertheless alter detection by bringing birds closer or carrying them far to the east.,draft
2021,avibase-95DD1855,Autour des palombes,Eurasian Goshawk,Un oiseau est noté comme erratique plutôt que comme migrateur certain.,A bird is recorded as wandering rather than as a certain migrant.,draft
2021,avibase-1327AC55,Balbuzard pêcheur,Osprey,"La saison reste proche des années récentes, loin des meilleures. Après deux années de passage plus précoce, la période la plus dense retrouve son calendrier habituel de septembre.","The season remains close to recent years, far below the best. After two years of earlier passage, the densest period returns to its usual September timing.",draft
2021,avibase-ED5A7E8F,Bondrée apivore,European Honey Buzzard,"Le passage reste inférieur aux grandes saisons historiques et la météo gêne l’observation. Les principales vagues se concentrent autour de la fin août et du début septembre, puis quelques oiseaux prolongent le mouvement jusqu’en octobre.","Passage remains below the strongest historical seasons, and weather hampers observation. The main waves are concentrated around late August and early September, then a few birds extend movement into October.",draft
2021,avibase-F558C7F9,Busard Saint-Martin,Hen Harrier,Le passage remonte légèrement après les saisons récentes mais reste loin des niveaux des années 1990. Cette baisse est rapprochée de celle des populations.,Passage rises slightly from recent seasons but remains far below 1990s levels. This reduction is associated with population declines.,draft
2021,avibase-63B6412E,Busard cendré,Montagu's Harrier,"Le passage est exceptionnellement faible. Les vents dominants influencent fortement les variations annuelles, dans un contexte de baisse plus générale des effectifs migrateurs et nicheurs.","Passage is exceptionally weak. Prevailing winds strongly influence yearly variation, against a background of a broader decline in migrant and breeding numbers.",draft
2021,avibase-E2A19474,Busard des roseaux,Western Marsh Harrier,"Le passage remonte après 2020 sans retrouver les bonnes saisons du début des années 2010. Il reste régulier en octobre, contrairement à l’an passé. Une observation très tardive est réalisée hors protocole en novembre.","Passage rises from 2020 without matching the good early-2010s seasons. It remains regular in October, unlike last year. A very late observation is made outside the protocol in November.",draft
2021,avibase-22647E26,Busard pâle,Pallid Harrier,"Des oiseaux de plusieurs âges et plumages passent en septembre et octobre, dans la continuité d’observations plus régulières sur le site.","Birds of several ages and plumages pass in September and October, continuing more regular observations at the site.",draft
2021,avibase-3C0C325D,Buse variable,Common Buzzard,"Le passage remonte nettement après plusieurs saisons plus faibles. Des observations ponctuelles prolongent encore le mouvement après la fin du suivi officiel, jusqu’en décembre.",Passage rises markedly after several weaker seasons. Occasional observations extend movement beyond the official monitoring period into December.,draft
2021,avibase-28825494,Cigogne blanche,White Stork,"Le passage poursuit sa forte progression. Un important groupe apparaît dès la première observation de la saison, puis une seconde vague marque le début septembre. Les conditions restent parfois défavorables à la détection des vols éloignés vers le Salève.","Passage continues its strong increase. A large flock appears with the season’s first observation, then a second wave marks early September. Conditions sometimes remain unfavourable for detecting distant flights towards the Salève.",draft
2021,avibase-E2817DAE,Cigogne noire,Black Stork,"La saison reste modeste, avec deux vagues assez inhabituelles, l’une précoce en août et l’autre en septembre. Le beau temps et le manque ponctuel d’observateurs compliquent la détection et peuvent peser sur le résultat.","The season remains modest, with two fairly unusual waves, an early August one and another in September. Fine weather and occasional observer shortages complicate detection and may affect the result.",draft
2021,avibase-8372FFBA,Circaète Jean-le-Blanc,Short-toed Snake Eagle,La distinction avec les oiseaux locaux utilisant les mêmes ascendances est délicate. Des différences de plumage permettent néanmoins de reconnaître certains migrateurs.,Distinguishing migrants from local birds using the same thermals is difficult. Plumage differences nevertheless allow some migrants to be recognised.,draft
2021,avibase-2DAB45B8,Faucon crécerelle,Common Kestrel,"La saison est bonne après deux années récentes plus faibles. Le passage principal s’étale de septembre au début octobre, avec une forte journée en septembre.","The season is good after two weaker recent years. Main passage extends from September into early October, with a strong September day.",draft
2021,avibase-E91E287A,Faucon hobereau,Eurasian Hobby,Le passage remonte après les deux saisons précédentes mais reste inférieur à la moyenne. Quelques oiseaux supplémentaires demeurent des migrateurs possibles plutôt que certains.,Passage rises from the preceding two seasons but remains below average. A few additional birds remain possible rather than certain migrants.,draft
2021,avibase-47E58408,Faucon pèlerin,Peregrine Falcon,"Peu de migrateurs sont reconnus, la distinction avec les oiseaux locaux restant difficile.","Few migrants are recognised, as distinguishing them from local birds remains difficult.",draft
2021,avibase-F3DA111C,Faucon émerillon,Merlin,"Le passage reste proche des quatre dernières saisons, à un niveau inférieur à la moyenne historique.","Passage remains close to the preceding four seasons, below the historical average.",draft
2021,avibase-3DF5C587,Grand Cormoran,Great Cormorant,"La saison est très forte, avec deux vagues importantes à la fin septembre et en octobre. La couverture du lever au coucher du soleil ne débute toutefois qu’à la mi-septembre, laissant peut-être échapper une partie du passage plus précoce.","The season is very strong, with two important waves in late September and October. Sunrise-to-sunset coverage only begins in mid-September, however, perhaps missing some earlier passage.",draft
2021,avibase-49D9148A,Grande Aigrette,Great Egret,"La baisse est nette et reste inexpliquée. La couverture complète des matinées et soirées commence plus tard qu’en 2019, mais le passage principal d’octobre est bien couvert : cette différence ne suffit donc pas à expliquer le faible résultat.","The decline is marked and remains unexplained. Full morning and evening coverage begins later than in 2019, but the main October passage is covered: this difference therefore cannot fully explain the low result.",draft
2021,avibase-99B8841E,Grue cendrée,Common Crane,"Le passage reste fluctuant et se concentre surtout en octobre. La capacité des grues à migrer de nuit ou par mauvais temps limite les comparaisons entre saisons, une part variable du flux échappant aux observateurs.","Passage remains variable and is concentrated mainly in October. Cranes’ ability to migrate at night or in poor weather limits comparisons between seasons, as a varying share escapes observers.",draft
2021,avibase-66AA3934,Guêpier d'Europe,European Bee-eater,"La saison est très bonne, dans la continuité des niveaux élevés récents et de l’expansion des populations nicheuses vers le nord.","The season is very good, continuing recent high levels and the northward expansion of breeding populations.",draft
2021,avibase-6429024D,Héron cendré,Grey Heron,"Le passage reste modeste, comme en 2020, et centré sur septembre. La couverture inégale des matinées et soirées avant la mi-septembre pourrait expliquer une partie du faible résultat.","Passage remains modest, as in 2020, and centred on September. Uneven morning and evening coverage before mid-September may explain part of the low result.",draft
2021,avibase-06D9A2C8,Milan noir,Black Kite,"La saison est exceptionnelle. Après plusieurs jours de mauvais temps, une reprise massive en août concentre une grande part du passage, donnant une ampleur inhabituelle au mouvement estival.","The season is exceptional. After several days of poor weather, a massive August resumption concentrates much of the passage, giving the summer movement unusual scale.",draft
2021,avibase-451D6FC8,Milan royal,Red Kite,"La saison est exceptionnelle, avec des mouvements importants également observés sur d’autres voies européennes. Le passage est présent durant toute la période du suivi, avec de fortes vagues à la fin septembre et des observations encore ponctuelles en décembre.","The season is exceptional, with strong movements also observed on other European routes. Passage occurs throughout monitoring, with strong late-September waves and further occasional December observations.",draft
2021,avibase-68E4C0D1,Pigeon colombin,Stock Dove,"La forte saison de l’ensemble des pigeons ne correspond pas à une bonne année pour le colombin. Son passage est plus précoce que celui du ramier. De nombreux pigeons restent indéterminés, limitant les comparaisons de proportions entre espèces.","The strong overall pigeon season does not correspond to a good Stock Dove year. Its passage is earlier than that of Wood Pigeons. Many pigeons remain unidentified, limiting comparisons of species proportions.",draft
2021,avibase-F837F893,Pigeon indéterminé,Columba sp.,Une forte part du passage des pigeons reste indéterminée dans les mauvaises conditions d’observation. Cette prudence d’identification modifie les proportions apparentes entre catégories par rapport aux années précédentes.,A large share of pigeon passage remains unidentified in poor observation conditions. This cautious identification changes apparent category proportions compared with earlier years.,draft
2021,avibase-760F307A,Pigeon ramier,Common Wood Pigeon,"La saison est excellente pour l’ensemble des pigeons, avec de fortes vagues en octobre. Les vents pourraient avoir favorisé la voie du Défilé plutôt que l’autre côté du Jura. De nombreux oiseaux restent toutefois indéterminés, ce qui limite la comparaison des seuls ramiers identifiés.","The season is excellent for pigeons as a whole, with strong October waves. Winds may have favoured the Défilé route over the other side of the Jura. Many birds nevertheless remain unidentified, limiting comparisons of identified Wood Pigeons alone.",draft
2021,avibase-5A3D91D3,Pygargue à queue blanche,White-tailed Eagle,"Un immature suit les crêtes du Jura puis traverse le Défilé, dans une série encore rare mais plus régulière d’observations.","An immature follows the Jura ridges then crosses the Défilé, within a still rare but more regular series of observations.",draft
2021,avibase-5D1987CE,Vautour fauve,Griffon Vulture,Un oiseau solitaire passe en novembre. Les observations restent régulières mais peu nombreuses sur le site.,A lone bird passes in November. Observations remain regular but few at the site.,draft
2021,avibase-97C47F3E,Élanion blanc,Black-winged Kite,"Les observations deviennent plus nombreuses, accompagnant l’expansion de l’espèce. Des oiseaux stationnent aussi à proximité par mauvais temps en novembre, sans que leur passage ultérieur par le poste puisse être confirmé.","Observations become more numerous, accompanying the species’ expansion. Birds also stop nearby in poor November weather, without confirmation that they subsequently pass the watchpoint.",draft
2021,avibase-DB376A66,Épervier d'Europe,Eurasian Sparrowhawk,"Le passage remonte après 2020 et retrouve des niveaux proches de 2014–2017. La météo reste importante pour la détection, le vent pouvant rapprocher les oiseaux ou les déporter vers l’est.","Passage rises from 2020 towards 2014–2017 levels. Weather remains important for detection, as wind can bring birds closer or carry them eastwards.",draft
2023,avibase-C2565B65,Aigle pomarin,Lesser Spotted Eagle,"Un aigle très proche du type pomarin est observé, sans qu’une origine hybride puisse être totalement exclue dans les conditions d’observation.","An eagle closely resembling a Lesser Spotted Eagle is observed, without a hybrid origin being fully excluded under the observation conditions.",draft
2023,avibase-95DD1855,Autour des palombes,Eurasian Goshawk,,,numerical_or_list_only
2023,avibase-1327AC55,Balbuzard pêcheur,Osprey,"Le passage est inférieur à la moyenne historique. Une observation très précoce précède le début officiel du suivi, puis quelques oiseaux de novembre prolongent exceptionnellement la saison après une longue période sans contact.","Passage is below the historical average. A very early observation precedes official monitoring, then a few November birds exceptionally extend the season after a long gap without sightings.",draft
2023,avibase-ED5A7E8F,Bondrée apivore,European Honey Buzzard,"Le passage reste faible et très concentré autour du début septembre. La canicule et le ciel peu nuageux du début de période pourraient avoir masqué des oiseaux volant très haut. Une seconde vague plus modeste, surtout composée de jeunes parmi les oiseaux dont l’âge a pu être déterminé, apparaît dans la seconde moitié de septembre.","Passage remains weak and strongly concentrated around early September. Heat and limited cloud early in the period may have concealed high-flying birds. A smaller second wave, mainly young birds among those whose age could be determined, appears in the second half of September.",draft
2023,avibase-F558C7F9,Busard Saint-Martin,Hen Harrier,"Le passage reste faible mais semble se renforcer au moment de la fin du suivi. Des départs plus tardifs lors d’automnes doux pourraient donc contribuer aux faibles totaux observés, sans que cette hypothèse soit établie.","Passage remains weak but seems to strengthen as monitoring ends. Later departures in mild autumns may therefore contribute to low observed totals, though this hypothesis is not established.",draft
2023,avibase-63B6412E,Busard cendré,Montagu's Harrier,"Le passage reste faible, dans la continuité du recul observé à long terme sur le site.","Passage remains weak, continuing the long-term reduction observed at the site.",draft
2023,avibase-E2A19474,Busard des roseaux,Western Marsh Harrier,"Le passage se concentre sur septembre et reste inférieur aux niveaux historiques, après le regain du début des années 2010.",Passage is concentrated in September and remains below historical levels after the recovery in the early 2010s.,draft
2023,avibase-22647E26,Busard pâle,Pallid Harrier,"Les observations se succèdent en octobre et novembre, confirmant la présence plus régulière de l’espèce sur le site.","Observations follow in October and November, confirming the species’ more regular presence at the site.",draft
2023,avibase-3C0C325D,Buse variable,Common Buzzard,"Le passage est exceptionnellement faible. Les perturbations se succèdent en fin de suivi, sans nouvel épisode de bise après octobre. La douceur persistante, sans gel sur le poste, pourrait aussi avoir retardé le départ des oiseaux restés plus au nord.","Passage is exceptionally weak. Unsettled spells follow late in monitoring, with no further northeasterly wind episode after October. Persistent mildness, without frost at the watchpoint, may also have delayed departure of birds farther north.",draft
2023,avibase-28825494,Cigogne blanche,White Stork,"La saison est très forte et le cœur du passage retrouve un calendrier plus classique, au début septembre. Cette progression accompagne des niveaux également élevés sur d’autres sites français, notamment dans la vallée du Rhône.","The season is very strong and the main passage returns to more typical early-September timing. This increase accompanies high levels at other French sites, particularly in the Rhône valley.",draft
2023,avibase-E2817DAE,Cigogne noire,Black Stork,"Le passage reste faible après les niveaux plus élevés du début et du milieu des années 2010. Deux petites vagues se distinguent, autour du début septembre puis à la fin du mois.","Passage remains weak compared with higher levels in the early and mid-2010s. Two small waves stand out, around early September and late in the month.",draft
2023,avibase-8372FFBA,Circaète Jean-le-Blanc,Short-toed Snake Eagle,"Le passage reste modeste mais devient plus fréquent depuis le milieu des années 2010, en lien avec l’extension de l’aire de reproduction vers la Suisse.","Passage remains modest but has become more frequent since the mid-2010s, linked to expansion of the breeding range towards Switzerland.",draft
2023,avibase-2DAB45B8,Faucon crécerelle,Common Kestrel,"La saison confirme les niveaux globalement plus élevés observés depuis 2011, avec un passage surtout concentré de la fin septembre à la mi-octobre.","The season confirms generally higher levels observed since 2011, with passage concentrated mainly from late September to mid-October.",draft
2023,avibase-E91E287A,Faucon hobereau,Eurasian Hobby,"Le passage reste proche des niveaux récents, dans une tendance plus longue qui semble légèrement à la baisse.",Passage remains close to recent levels within a longer trend that appears slightly downward.,draft
2023,avibase-47E58408,Faucon pèlerin,Peregrine Falcon,La saison est excellente pour cette espèce généralement peu abondante en migration sur le site.,"The season is excellent for this species, generally scarce in migration at the site.",draft
2023,avibase-F3DA111C,Faucon émerillon,Merlin,La saison est très bonne et contraste avec les faibles passages des années récentes.,The season is very good and contrasts with weak passage in recent years.,draft
2023,avibase-3DF5C587,Grand Cormoran,Great Cormorant,La saison est très forte. Le suivi dès le lever du jour couvre mieux ce passage souvent matinal. Le flux s’intensifie à la fin septembre sans période centrale très nette et reste important au moment de la fin du comptage.,The season is very strong. Monitoring from sunrise better covers this often early-morning passage. Movement intensifies in late September without a clear central period and remains strong as counting ends.,draft
2023,avibase-49D9148A,Grande Aigrette,Great Egret,Le passage s’étale sur toute la saison et se renforce dans sa seconde moitié. Le suivi matinal permet aussi de mieux couvrir les mouvements estivaux. Les différences d’horaires entre années limitent toutefois l’interprétation de la tendance des comptages.,Passage extends throughout the season and strengthens in its second half. Morning monitoring also improves coverage of summer movements. Differences in observation hours between years nevertheless limit interpretation of count trends.,draft
2023,avibase-99B8841E,Grue cendrée,Common Crane,"Après plusieurs saisons moins fournies, le passage remonte et se concentre surtout au début novembre. Une part variable de la migration peut se dérouler de nuit ou après la fin du suivi, limitant les comparaisons annuelles.","After several weaker seasons, passage rises and is concentrated mainly in early November. A varying share may occur at night or after monitoring ends, limiting annual comparisons.",draft
2023,avibase-66AA3934,Guêpier d'Europe,European Bee-eater,"La saison est très bonne, avec un passage surtout concentré au début septembre. Après la forte hausse de 2014–2019, les niveaux semblent davantage se stabiliser durant les années récentes.","The season is very good, with passage concentrated mainly in early September. After strong growth in 2014–2019, levels seem more stable in recent years.",draft
2023,avibase-6429024D,Héron cendré,Grey Heron,La saison est très forte. Le suivi sur toute la journée dès août permet de mieux couvrir les départs estivaux et les vagues principales de septembre. Quelques oiseaux de fin juillet et de début août ont néanmoins pu échapper aux observations du soir.,The season is very strong. All-day monitoring from August better covers summer departures and the main September waves. Some late-July and early-August birds may nevertheless have escaped evening observation.,draft
2023,avibase-06D9A2C8,Milan noir,Black Kite,"Le passage est relativement faible par rapport aux bonnes saisons récentes. Les principales reprises suivent des épisodes pluvieux, tandis qu’un fort mouvement près de Genève suggère qu’une partie des oiseaux a contourné le poste. Des migrations se poursuivent aussi tard en soirée, parfois après le coucher du soleil.","Passage is relatively weak compared with good recent seasons. Main resumptions follow rainy spells, while strong movement near Geneva suggests some birds bypassed the watchpoint. Migration also continues late in the evening, sometimes after sunset.",draft
2023,avibase-451D6FC8,Milan royal,Red Kite,"La saison reste très forte malgré une baisse après 2021 et 2022. Le passage principal précède les conditions défavorables des dernières semaines de suivi. Une reprise après sa clôture reste possible, mais n’est pas établie.",The season remains very strong despite a fall from 2021 and 2022. Main passage precedes unfavourable conditions in the final monitoring weeks. A resumption after its end remains possible but is not established.,draft
2023,avibase-760F307A,Pigeon ramier,Common Wood Pigeon,"Le passage se concentre sur quelques fortes journées d’octobre, caractérisées par peu de vent et des nuages bas masquant les crêtes du Jura. Il se poursuit, plus faiblement, jusqu’à la fin du suivi en novembre.","Passage is concentrated in a few strong October days, characterised by little wind and low clouds obscuring the Jura ridges. It continues more lightly until monitoring ends in November.",draft
2023,avibase-97C47F3E,Élanion blanc,Black-winged Kite,"Une nouvelle observation en migration active confirme la régularité croissante de l’espèce, dont l’aire de reproduction continue de s’étendre en France.",A new observation in active migration confirms the species’ increasing regularity as its breeding range continues to expand in France.,draft
2023,avibase-DB376A66,Épervier d'Europe,Eurasian Sparrowhawk,Le passage se renforce à partir de la mi-septembre et reste marqué durant la seconde moitié du suivi. Le bilan demeure toutefois nettement inférieur aux niveaux du début des années 2010.,Passage strengthens from mid-September and remains pronounced during the second half of monitoring. The total nevertheless remains well below early-2010s levels.,draft
2024,avibase-2A16982E,Aigle pomarin ou criard,Lesser/Greater Spotted Eagle,"Un aigle de type pomarin est observé, mais la ressemblance avec le criard et la possibilité d’hybridation empêchent une identification certaine.","An eagle resembling a Lesser Spotted Eagle is observed, but similarity to Greater Spotted Eagle and possible hybridisation prevent certain identification.",draft
2024,avibase-5F8E7CA8,Aigle royal,Golden Eagle,"Un individu isolé passe en septembre, illustrant les déplacements occasionnels de cette espèce vers le sud.","A lone bird passes in September, illustrating the species’ occasional southward movements.",draft
2024,avibase-95DD1855,Autour des palombes,Eurasian Goshawk,Quelques oiseaux passent en octobre. Distinguer les véritables migrateurs des oiseaux locaux reste difficile.,A few birds pass in October. Distinguishing true migrants from local birds remains difficult.,draft
2024,avibase-1327AC55,Balbuzard pêcheur,Osprey,"La saison se situe dans la moyenne, dans une relative stabilité récente. Après un précurseur de juillet, les observations deviennent régulières en août et reprennent à la fin septembre après une période plus calme.","The season is average, within recent relative stability. After an early July bird, observations become regular in August and resume in late September after a quieter period.",draft
2024,avibase-ED5A7E8F,Bondrée apivore,European Honey Buzzard,"Le passage est exceptionnellement faible. La chaleur et le soleil durant la courte période principale semblent avoir permis aux oiseaux de passer plus haut ou plus loin. Des comptages en amont en Suisse montrent pourtant des journées denses. Les oiseaux détaillés confirment le passage des femelles avant les mâles, puis celui des jeunes plus tardifs.","Passage is exceptionally weak. Heat and sunshine during the brief main period appear to have allowed birds to pass higher or farther away. Upstream Swiss counts nevertheless show dense days. Birds examined closely confirm females passing before males, followed by later young birds.",draft
2024,avibase-F558C7F9,Busard Saint-Martin,Hen Harrier,Le passage est très faible et prolonge le recul observé sur une période plus longue.,Passage is very weak and continues the reduction observed over a longer period.,draft
2024,avibase-63B6412E,Busard cendré,Montagu's Harrier,Le faible passage s’inscrit dans un recul à long terme. La chaleur et le ciel bleu pourraient aussi influencer la part des oiseaux détectés.,Weak passage forms part of a long-term reduction. Heat and clear skies may also influence the share of birds detected.,draft
2024,avibase-E2A19474,Busard des roseaux,Western Marsh Harrier,"La saison est forte par rapport aux années récentes, sans retrouver les niveaux historiques. Deux vagues se succèdent en septembre et au début octobre. Les jeunes restent bien représentés dans les mouvements d’octobre, souvent mêlés aux Milans royaux et aux Buses variables.","The season is strong compared with recent years without matching historical levels. Two waves follow in September and early October. Young birds remain well represented in October movements, often mixed with Red Kites and Common Buzzards.",draft
2024,avibase-22647E26,Busard pâle,Pallid Harrier,"L’espèce est observée pour une nouvelle saison consécutive, accompagnant sa présence croissante en Europe occidentale et l’extension de son aire de reproduction.","The species is observed for another consecutive season, accompanying its increasing presence in western Europe and expansion of its breeding range.",draft
2024,avibase-3C0C325D,Buse variable,Common Buzzard,"Sans véritable vague de froid, le passage reste assez faible. Il se poursuit néanmoins après un épisode de brouillard et jusqu’en novembre. Parmi les oiseaux dont l’âge est déterminé, les jeunes passent plus tard et deviennent proportionnellement plus nombreux en fin de saison.","Without a real cold spell, passage remains fairly weak. It nevertheless continues after a fog episode and into November. Among birds whose age is determined, young birds pass later and become proportionally more numerous late in the season.",draft
2024,avibase-15369E8E,Bécasseau variable,Dunlin,Quelques oiseaux se mêlent au passage des hirondelles avant de poursuivre vers le Vuache.,A few birds mix with passing swallows and martins before continuing towards the Vuache.,draft
2024,avibase-9151E0BA,Bécassine des marais,Common Snipe,Les observations concernent surtout des journées pluvieuses ; l’espèce est presque annuelle sur le site.,Observations mainly concern rainy days; the species is almost annual at the site.,draft
2024,avibase-28825494,Cigogne blanche,White Stork,"Le passage reste très fort. Deux vagues se distinguent, probablement en lien avec la météo, avec une reprise à la mi-septembre après une accalmie. Un groupe important d’octobre est particulièrement tardif pour une telle ampleur.","Passage remains very strong. Two waves stand out, probably related to weather, with a mid-September resumption after a lull. A substantial October flock is particularly late for its size.",draft
2024,avibase-E2817DAE,Cigogne noire,Black Stork,"Le passage reste inférieur à la moyenne. La chaleur et le ciel bleu de la période principale pourraient avoir permis aux oiseaux de suivre les rapaces sur des voies trop éloignées du poste, comme pour les Bondrées.","Passage remains below average. Heat and clear skies during the main period may have allowed birds to follow raptors on routes too distant from the watchpoint, as for Honey Buzzards.",draft
2024,avibase-8372FFBA,Circaète Jean-le-Blanc,Short-toed Snake Eagle,"Des migrateurs passent d’août à septembre, dans un contexte d’expansion de l’espèce vers le nord, notamment en Suisse.","Migrants pass from August through September, against a background of northward expansion, notably in Switzerland.",draft
2024,avibase-3BB5CBA6,Courlis cendré,Eurasian Curlew,,,numerical_or_list_only
2024,avibase-082F3A63,Courlis corlieu,Eurasian Whimbrel,,,numerical_or_list_only
2024,avibase-2DAB45B8,Faucon crécerelle,Common Kestrel,"La bonne saison s’inscrit dans des niveaux également élevés sur des sites plus au nord. Une bonne reproduction est envisagée, mais les détails d’âge recueillis ne permettent pas de la démontrer.","The good season accompanies high levels at sites farther north. Good breeding success is considered, but the age details collected do not demonstrate it.",draft
2024,avibase-9EA1F12D,Faucon d’Éléonore,Eleonora's Falcon,"Il s’agit de la première observation en migration active sur le site, après un oiseau en stationnement en 2010.","This is the first observation in active migration at the site, after a bird stopping locally in 2010.",draft
2024,avibase-E91E287A,Faucon hobereau,Eurasian Hobby,Le passage est faible malgré des conditions météorologiques favorables durant la période principale. La difficulté de détection reste un élément à considérer dans ce bilan.,Passage is weak despite favourable weather during the main period. Detection difficulty remains a factor to consider in this result.,draft
2024,avibase-47E58408,Faucon pèlerin,Peregrine Falcon,"Un migrateur est reconnu en octobre, dans un contexte local où la distinction avec les oiseaux résidents est délicate.","A migrant is recognised in October, in a local setting where distinction from resident birds is difficult.",draft
2024,avibase-F3DA111C,Faucon émerillon,Merlin,"Le passage est faible, dans la continuité d’une tendance négative à long terme.","Passage is weak, continuing a long-term downward trend.",draft
2024,avibase-2D52E3A5,Goéland brun,Lesser Black-backed Gull,Quelques observations concernent cette espèce non annuelle sur le site.,"A few observations concern this species, which is not annual at the site.",draft
2024,avibase-00DA9D91,Goéland cendré,Common Gull,"Parmi les oiseaux observés, un seul est reconnu en migration active.","Among the birds observed, only one is recognised in active migration.",draft
2024,avibase-E826E9F3,Goéland marin,Great Black-backed Gull,Cette première mention concerne une espèce très rare dans la région.,This first record concerns a species that is very rare in the region.,draft
2024,avibase-93CA037F,Goéland pontique,Caspian Gull,Cette première mention concerne une espèce rare localement et difficile à identifier.,This first record concerns a locally rare species that is difficult to identify.,draft
2024,avibase-3DF5C587,Grand Cormoran,Great Cormorant,"Le passage est étalé et une part importante se déroule dès août et septembre, avant les fortes journées d’octobre. Une reprise suit aussi une période de mauvais temps à la fin septembre. Les observations matinales restent essentielles pour bien couvrir cette migration.","Passage is extended, with a substantial share already in August and September before strong October days. A resumption also follows poor weather in late September. Morning observations remain essential for covering this migration.",draft
2024,avibase-EDA37B7C,Grand Gravelot,Common Ringed Plover,,,numerical_or_list_only
2024,avibase-49D9148A,Grande Aigrette,Great Egret,"La saison est très forte et une part importante du passage survient tôt. Une vague remarquable de septembre se déroule en fin de journée, rappelant l’importance des observations du soir.","The season is very strong and a substantial share of passage occurs early. A remarkable September wave takes place late in the day, highlighting the importance of evening observations.",draft
2024,avibase-99B8841E,Grue cendrée,Common Crane,"Le brouillard persistant de fin octobre et de début novembre limite fortement la détection, alors que les observations sont fréquentes en Suisse. La capacité des grues à poursuivre leur vol dans les nuages ou de nuit laisse probablement échapper une partie du passage.","Persistent fog in late October and early November severely limits detection, while observations are frequent in Switzerland. Cranes’ ability to keep flying in cloud or at night probably causes some passage to be missed.",draft
2024,avibase-66AA3934,Guêpier d'Europe,European Bee-eater,La saison est particulièrement forte et très concentrée autour du début septembre. Certains groupes ne sont détectés qu’aux cris et font l’objet d’estimations. La progression locale accompagne notamment la bonne dynamique des colonies autour de Genève.,The season is particularly strong and highly concentrated around early September. Some groups are detected only by calls and are estimated. Local growth notably accompanies the good performance of colonies around Geneva.,draft
2024,avibase-30FEC6BE,Hirondelle de fenêtre,Western House Martin,"Les Hirondelles de fenêtre identifiées sont plus nombreuses que les rustiques, une situation inhabituelle. La vaste sphère d’observation et les nombreux oiseaux indéterminés limitent toutefois l’interprétation de cette différence.","Identified House Martins outnumber Barn Swallows, an unusual situation. The broad observation area and many unidentified birds nevertheless limit interpretation of this difference.",draft
2024,avibase-55CCEE2D,Hirondelle indéterminée,swallow sp.,"De nombreuses hirondelles restent indéterminées, limitant la comparaison entre Hirondelles rustiques et de fenêtre. Les effectifs identifiés ne représentent donc qu’une partie du passage.","Many swallows and martins remain unidentified, limiting comparison between Barn Swallows and House Martins. Identified numbers therefore represent only part of passage.",draft
2024,avibase-58C502EA,Hirondelle rustique,Barn Swallow,"Les Hirondelles rustiques identifiées sont moins nombreuses que les Hirondelles de fenêtre, une situation inhabituelle. De nombreuses hirondelles indéterminées pourraient toutefois comprendre des rustiques, limitant la portée de cette comparaison.","Identified Barn Swallows are fewer than House Martins, an unusual situation. Many unidentified swallows and martins may nevertheless include Barn Swallows, limiting this comparison.",draft
2024,avibase-6429024D,Héron cendré,Grey Heron,"La saison est excellente. Le suivi complet dès le début août révèle une part importante de passage estival auparavant moins bien couverte. Plusieurs vagues se succèdent ensuite, souvent lors de soirées ensoleillées et peu ventées ; les différences d’effort entre années restent importantes pour interpréter le total.","The season is excellent. Full coverage from early August reveals substantial summer passage previously less well recorded. Several waves then follow, often on sunny, calm evenings; differences in effort between years remain important when interpreting the total.",draft
2024,avibase-CE71B4FF,Merle à plastron,Ring Ouzel,"Un mouvement exceptionnel se produit en peu de temps sous une pluie battante en octobre, d’une ampleur inédite pour le site.","An exceptional movement occurs in a short period under heavy October rain, on an unprecedented scale for the site.",draft
2024,avibase-06D9A2C8,Milan noir,Black Kite,"La saison reste faible par rapport aux années récentes. Le passage se concentre comme souvent de la fin juillet à la première moitié d’août. La faible part de jeunes parmi les oiseaux détaillés pourrait suggérer une mauvaise reproduction, mais le recul manque pour conclure.","The season remains weak compared with recent years. Passage is concentrated, as often, from late July to the first half of August. The small share of young birds among those examined may suggest poor breeding success, but there is insufficient perspective to conclude.",draft
2024,avibase-451D6FC8,Milan royal,Red Kite,"La saison est très forte. Après une reprise suivant un blocage de septembre, plusieurs vagues se succèdent jusqu’en octobre. Le brouillard freine ensuite le passage visible avant un regain en novembre. Parmi les oiseaux détaillés, les jeunes sont surtout représentés tôt, tandis que les plus âgés passent sur toute la période.","The season is very strong. After a resumption following a September blockage, several waves continue into October. Fog then slows visible passage before a November recovery. Among birds examined, young birds are mainly represented early, while older birds pass throughout.",draft
2024,avibase-052BFA8A,Mouette mélanocéphale,Mediterranean Gull,La saison est remarquable pour cette espèce encore rare dans la région. Il s’agit surtout de jeunes accompagnant des troupes de Mouettes rieuses.,"The season is remarkable for this species, still rare in the region. Most are young birds accompanying flocks of Black-headed Gulls.",draft
2024,avibase-FB02DD96,Mouette rieuse,Black-headed Gull,Des troupes passent accompagnées de jeunes Mouettes mélanocéphales.,Flocks pass accompanied by young Mediterranean Gulls.,draft
2024,avibase-9BE53D34,Mésange bleue,Eurasian Blue Tit,"Un passage irruptif marqué se concentre en octobre. Les groupes progressent par courtes étapes entrecoupées de haltes, avec parfois de fortes troupes dans la matinée.","A pronounced irruptive passage is concentrated in October. Groups advance in short stages interrupted by stops, sometimes forming large morning flocks.",draft
2024,avibase-68E4C0D1,Pigeon colombin,Stock Dove,"Une première vague de la fin septembre au début octobre comprend des groupes presque exclusivement colombins, souvent en fin d’après-midi. Le passage se mêle ensuite davantage aux ramiers. Les pratiques variables d’identification et de saisie limitent toutefois les comparaisons entre saisons.","An initial wave from late September into early October consists of almost exclusively Stock Dove flocks, often in late afternoon. Passage then mixes more with Wood Pigeons. Variable identification and recording practices nevertheless limit comparisons between seasons.",draft
2024,avibase-F837F893,Pigeon indéterminé,Columba sp.,La catégorie regroupe les vols dont l’identification certaine est impossible. Les différences de saisie entre observateurs et saisons modifient sa proportion par rapport aux ramiers et aux colombins identifiés.,The category includes flights that cannot be identified with certainty. Recording differences between observers and seasons alter its proportion relative to identified Wood Pigeons and Stock Doves.,draft
2024,avibase-760F307A,Pigeon ramier,Common Wood Pigeon,"La saison est très forte, avec plusieurs journées massives en octobre et un passage également important au Crêt des Roches. La part variable des vols laissés indéterminés limite toutefois la comparaison des seuls ramiers identifiés.","The season is very strong, with several massive October days and strong passage also at Crêt des Roches. The varying share of flocks left unidentified nevertheless limits comparisons of identified Wood Pigeons alone.",draft
2024,avibase-319D044A,Pipit à gorge rousse,Red-throated Pipit,Cette observation rare s’inscrit dans un automne riche en signalements d’oiseaux d’origine sibérienne en France.,This rare observation forms part of an autumn rich in reports of birds of Siberian origin in France.,draft
2024,avibase-25A20BA6,Pluvier doré,European Golden Plover,,,numerical_or_list_only
2024,avibase-0C120038,Pouillot à grands sourcils,Yellow-browed Warbler,Cette observation rare s’inscrit dans un automne riche en signalements d’oiseaux d’origine sibérienne en France.,This rare observation forms part of an autumn rich in reports of birds of Siberian origin in France.,draft
2024,avibase-5A3D91D3,Pygargue à queue blanche,White-tailed Eagle,Un immature équipé d’une balise GPS passe en octobre.,An immature carrying a GPS transmitter passes in October.,draft
2024,avibase-BC06BC0D,Sterne caspienne,Caspian Tern,"Le passage est exceptionnel pour le site, avec plusieurs oiseaux de l’été à septembre. L’espèce semble emprunter plus fréquemment la voie d’Europe occidentale.","Passage is exceptional for the site, with several birds from summer through September. The species appears to use the western European route more frequently.",draft
2024,avibase-5D1987CE,Vautour fauve,Griffon Vulture,Quelques oiseaux passent en automne. Ces observations peuvent correspondre au retour vers le sud d’individus ayant fréquenté le Jura et le nord des Alpes durant l’été.,A few birds pass in autumn. These observations may correspond to birds returning south after visiting the Jura and northern Alps during summer.,draft
2024,avibase-DB376A66,Épervier d'Europe,Eurasian Sparrowhawk,"Le passage est progressif et régulier, sans forte journée isolée. Le total se rapproche de la moyenne après plusieurs saisons faibles, avec une part importante dans la seconde moitié d’octobre. Les raisons du recul plus ancien restent mal connues.","Passage is gradual and regular, without a single outstanding day. The total approaches average after several weak seasons, with a substantial share in the second half of October. Reasons for the earlier decline remain poorly known.",draft
2025,avibase-BAC4CA22,Aigle criard,Greater Spotted Eagle,"Un oiseau est observé en novembre, à l’écart des voies d’Europe orientale habituellement empruntées par l’espèce.","A bird is observed in November, away from the eastern European routes usually used by the species.",draft
2025,avibase-2A16982E,Aigle pomarin ou criard,Lesser/Greater Spotted Eagle,Plusieurs aigles restent indéterminés entre pomarin et criard. La distance et la possibilité d’hybridation compliquent leur identification.,Several eagles remain unidentified between Lesser and Greater Spotted Eagle. Distance and possible hybridisation complicate identification.,draft
2025,avibase-5F8E7CA8,Aigle royal,Golden Eagle,"Un subadulte est suivi longuement au sein d’un flux de Buses variables et de Milans royaux jusqu’à son départ vers le sud. Le couple local, observé peu auparavant, aide à distinguer ce migrateur des oiseaux résidents.","A subadult is followed at length within a flow of Common Buzzards and Red Kites until it heads south. The local pair, seen shortly beforehand, helps distinguish this migrant from resident birds.",draft
2025,avibase-95DD1855,Autour des palombes,Eurasian Goshawk,Les oiseaux retenus comme migrateurs accompagnent des flux d’autres rapaces. Cette précaution permet de les distinguer des autours locaux régulièrement observés.,Birds accepted as migrants accompany flows of other raptors. This precaution distinguishes them from regularly observed local goshawks.,draft
2025,avibase-1327AC55,Balbuzard pêcheur,Osprey,"Le passage se répartit dans toute la sphère d’observation sans voie privilégiée. Après un renforcement d’août à septembre, une forte journée de fin septembre est suivie d’une chute soudaine des observations. Un retardataire réapparaît en novembre après une longue absence.","Passage is spread throughout the observation area without a preferred route. After strengthening from August through September, one strong late-September day is followed by a sudden drop in sightings. A late bird reappears in November after a long absence.",draft
2025,avibase-ED5A7E8F,Bondrée apivore,European Honey Buzzard,"Le passage remonte après plusieurs saisons faibles. À la fin août, des journées chaudes et peu ventées connaissent peu de passage visible, peut-être en raison de vols très hauts. Des conditions plus fraîches, nuageuses et ventées accompagnent ensuite une forte reprise, puis un flux plus régulier au début septembre.","Passage rises after several weak seasons. In late August, hot, calm days show little visible passage, perhaps because birds fly very high. Cooler, cloudier and windier conditions then accompany a strong resumption, followed by more regular movement in early September.",draft
2025,avibase-F558C7F9,Busard Saint-Martin,Hen Harrier,Le passage reste faible dans une perspective historique et se concentre de la fin octobre au début novembre. Des oiseaux sont encore observés le dernier jour du suivi.,Passage remains weak historically and is concentrated from late October into early November. Birds are still observed on the last monitoring day.,draft
2025,avibase-63B6412E,Busard cendré,Montagu's Harrier,"Le passage se situe dans les faibles niveaux de la décennie récente, avec des oiseaux d’août au début septembre.","Passage is within the low levels of the recent decade, with birds from August into early September.",draft
2025,avibase-E2A19474,Busard des roseaux,Western Marsh Harrier,"La saison est particulièrement forte. Après une première vague au début septembre et une accalmie, un second afflux plus important apparaît à la fin du mois. Des oiseaux longeant le Rhône trop bas pour être vus du poste sont également signalés ; les vents de sud pourraient favoriser ces trajets bas.","The season is particularly strong. After an early-September wave and a lull, a stronger second influx arrives late in the month. Birds following the Rhône too low to be seen from the watchpoint are also reported; southerly winds may favour these low routes.",draft
2025,avibase-22647E26,Busard pâle,Pallid Harrier,La saison est exceptionnelle et accompagne un afflux également remarqué en Suisse. Des oiseaux passent aussi trop bas dans les environs pour être visibles depuis le poste.,The season is exceptional and accompanies an influx also noted in Switzerland. Some birds also pass too low nearby to be visible from the watchpoint.,draft
2025,avibase-CC65921F,Buse féroce,Long-legged Buzzard,"Un oiseau accompagne un Milan noir en août, constituant la première observation en migration active sur le site.","A bird accompanies a Black Kite in August, becoming the first observation in active migration at the site.",draft
2025,avibase-3C0C325D,Buse variable,Common Buzzard,"Le passage se renforce à la fin septembre après un blocage météorologique. Une période pluvieuse et de forts vents de sud freine ensuite les mouvements en octobre, avant une reprise de fin octobre à novembre. Un dernier afflux marque la clôture du suivi.","Passage strengthens in late September after a weather blockage. Rain and strong southerly winds then slow movement in October, before a resumption from late October into November. A final influx marks the end of monitoring.",draft
2025,avibase-28825494,Cigogne blanche,White Stork,"La saison est exceptionnellement forte. Le passage se renforce surtout à la fin août et au début septembre, puis diminue progressivement. Les oiseaux balisés proviennent principalement d’Allemagne, de Suisse, d’Autriche et du Liechtenstein. Les brumes de chaleur laissent néanmoins échapper certains groupes au comptage.","The season is exceptionally strong. Passage strengthens mainly in late August and early September, then gradually declines. Tagged birds originate mainly from Germany, Switzerland, Austria and Liechtenstein. Heat haze nevertheless causes some flocks to be missed.",draft
2025,avibase-E2817DAE,Cigogne noire,Black Stork,"La saison est relativement bonne et commence tôt, avec un passage régulier dès juillet. De nombreux jeunes sont identifiés dans cette première vague. Une accalmie d’août précède un regain en septembre, puis un dernier oiseau très tardif passe en novembre.","The season is relatively good and begins early, with regular passage from July. Many young birds are identified in this first wave. An August lull precedes renewed September movement, then a very late final bird passes in November.",draft
2025,avibase-8372FFBA,Circaète Jean-le-Blanc,Short-toed Snake Eagle,"La saison est exceptionnellement forte. Plusieurs oiseaux passent ensemble à la fin septembre dans un flux soutenu de Buses variables et de Milans royaux, une observation inhabituelle pour l’espèce sur le site.","The season is exceptionally strong. Several birds pass together in late September within sustained Common Buzzard and Red Kite movement, an unusual observation for the species at the site.",draft
2025,avibase-2DAB45B8,Faucon crécerelle,Common Kestrel,"La saison est très forte. Les nuages bas et le vent de sud facilitent la détection lors des principales journées de septembre, en faisant voler les oiseaux bas. Certains s’arrêtent même brièvement pour chasser dans la prairie devant les observateurs avant de repartir vers le sud.",The season is very strong. Low clouds and southerly wind improve detection on the main September days by bringing birds low. Some even briefly stop to hunt in the meadow in front of observers before continuing south.,draft
2025,avibase-E91E287A,Faucon hobereau,Eurasian Hobby,Le passage est exceptionnellement fort après plusieurs saisons faibles. Les vents de sud semblent rapprocher les oiseaux du sol et faciliter leur détection. Le flux devient régulier en septembre puis diminue rapidement au début octobre.,"Passage is exceptionally strong after several weak seasons. Southerly winds appear to bring birds closer to the ground and improve detection. Movement becomes regular in September, then declines rapidly in early October.",draft
2025,avibase-997A9437,Faucon kobez,Red-footed Falcon,La saison est inhabituellement fournie pour cette espèce rare en automne. Des observations sont aussi fréquentes en Suisse durant la même période.,The season is unusually strong for this rare autumn species. Observations are also frequent in Switzerland during the same period.,draft
2025,avibase-47E58408,Faucon pèlerin,Peregrine Falcon,"Des migrateurs sont reconnus dans les flux d’autres rapaces. Un individu au plumage très pâle, distinct des oiseaux locaux, est également retenu, sans que son origine puisse être établie avec certitude.","Migrants are recognised within flows of other raptors. A very pale bird, distinct from local birds, is also accepted, without its origin being established with certainty.",draft
2025,avibase-F3DA111C,Faucon émerillon,Merlin,"Le passage reste modeste, avec des oiseaux de la fin septembre à novembre.","Passage remains modest, with birds from late September through November.",draft
2025,avibase-3DF5C587,Grand Cormoran,Great Cormorant,"La saison est très forte et le flux assez régulier d’août à novembre, avec seulement un renforcement modéré en octobre. Les vents de sud interrompent peu le passage. Le suivi dès le lever du soleil reste essentiel pour compter les groupes matinaux.","The season is very strong, with fairly regular movement from August through November and only a moderate October increase. Southerly winds interrupt passage little. Monitoring from sunrise remains essential for counting early-morning groups.",draft
2025,avibase-49D9148A,Grande Aigrette,Great Egret,"La saison reste forte, avec des oiseaux dès l’été puis une vague importante en septembre. Le passage se poursuit assez régulièrement jusqu’en fin de suivi, malgré une accalmie d’octobre liée à la pluie et au vent de sud.","The season remains strong, with birds from summer followed by an important September wave. Passage continues fairly regularly until monitoring ends, despite an October lull linked to rain and southerly wind.",draft
2025,avibase-99B8841E,Grue cendrée,Common Crane,"Le passage commence après des gelées en Suède, puis se déroule en plusieurs vagues de la fin octobre au début novembre. Un oiseau en mauvais état est également observé.","Passage begins after frosts in Sweden, then unfolds in several waves from late October into early November. A bird in poor condition is also observed.",draft
2025,avibase-6429024D,Héron cendré,Grey Heron,"La saison est très forte et le suivi du lever au coucher du soleil dès juillet améliore sa couverture. Après des départs estivaux réguliers, une première vague de septembre est interrompue par les averses, puis une forte reprise intervient à la fin du mois. Les mouvements deviennent faibles en octobre et novembre.","The season is very strong, with sunrise-to-sunset monitoring from July improving coverage. After regular summer departures, an initial September wave is interrupted by showers, then a strong resumption arrives late in the month. Movement becomes weak in October and November.",draft
2025,avibase-06D9A2C8,Milan noir,Black Kite,"La saison se situe dans les niveaux moyens récents. Quelques fortes journées se succèdent à la fin juillet et au début août, avec une bise bien présente. Les jeunes sont davantage représentés en septembre parmi les oiseaux détaillés. Des migrations actives sont aussi observées très tard en soirée, dont un groupe après le coucher du soleil, hors protocole.","The season is around recent average levels. Several strong days follow in late July and early August, with established northeasterly winds. Young birds are more represented in September among those examined. Active migration is also observed very late in the evening, including a group after sunset outside the protocol.",draft
2025,avibase-451D6FC8,Milan royal,Red Kite,"La saison est exceptionnellement forte. Plusieurs reprises suivent les blocages pluvieux et les vents de sud, notamment à la fin septembre puis à la fin octobre. Le dernier jour, le froid plus au nord et la bise accompagnent encore un fort passage. Les nombreux jeunes observés suggèrent une bonne reproduction.","The season is exceptionally strong. Several resumptions follow rain and southerly wind blockages, notably in late September and late October. On the final day, cold farther north and northeasterly winds accompany further strong passage. Many young birds suggest good breeding success.",draft
2025,avibase-68E4C0D1,Pigeon colombin,Stock Dove,"La saison est exceptionnellement forte et prolonge la hausse récente. Les premiers groupes passent souvent en fin de journée, puis les matinées deviennent plus actives. Une forte vague de fin septembre précède un passage plus modéré jusqu’à la mi-octobre, les colombins se mêlant progressivement aux ramiers.","The season is exceptionally strong and continues recent growth. Early flocks often pass late in the day, then mornings become more active. A strong late-September wave precedes more moderate passage into mid-October, with Stock Doves progressively mixing with Wood Pigeons.",draft
2025,avibase-760F307A,Pigeon ramier,Common Wood Pigeon,"Le passage est exceptionnel, d’une ampleur qui n’avait plus été observée depuis les années 1970. Une forte vague de mi-octobre est interrompue par un front pluvieux, avant une reprise plus modérée à la fin du mois. De nombreux vols éloignés ou compacts restent indéterminés, limitant les comparaisons des seuls ramiers identifiés.","Passage is exceptional, on a scale not observed since the 1970s. A strong mid-October wave is interrupted by a rain front before a smaller late-month resumption. Many distant or dense flights remain unidentified, limiting comparisons of identified Wood Pigeons alone.",draft
2025,avibase-5A3D91D3,Pygargue à queue blanche,White-tailed Eagle,"Plusieurs oiseaux sont observés, dont certains non balisés. La réintroduction sur le Léman rend l’espèce plus fréquente localement, mais la distance ne permet pas toujours de distinguer ces oiseaux des autres visiteurs.","Several birds are observed, including some without transmitters. Reintroduction at Lake Geneva makes the species more frequent locally, but distance does not always distinguish these birds from other visitors.",draft
2025,avibase-DB376A66,Épervier d'Europe,Eurasian Sparrowhawk,"La saison est très forte après plusieurs années plus faibles. Le début septembre est mieux fourni qu’à l’accoutumée, puis le flux se renforce à la fin du mois. Un blocage d’octobre précède une nouvelle vague jusqu’au début novembre. La forte nébulosité facilite aussi le repérage de ces oiseaux discrets.","The season is very strong after several weaker years. Early September is stronger than usual, then movement increases late in the month. An October blockage precedes another wave into early November. Extensive cloud cover also improves detection of these unobtrusive birds.",draft
